2705213M@fatanode-09:~$ mpirun -np 8   ./build/apps/bnb/vertexcover/vertexcover-16 --skeleton depthbounded   --spawn-depth 3 -
f test/vc-experiments/gen200_p0.9_44.clq   --hpx:threads=32   --hpx:print-counter /workstealing/depthpool/distributedSteals
--hpx:print-counter-interval=1000
--------------------------------------------------------------------------
mpirun was unable to launch the specified application as it could not access
or execute an executable:

Executable: ./build/apps/bnb/vertexcover/vertexcover-16
Node: fatanode-09

while attempting to start process rank 0.
--------------------------------------------------------------------------
8 total processes failed to start
2705213M@fatanode-09:~$ cd /cluster/YewParVCTest/
2705213M@fatanode-09:/cluster/YewParVCTest$ mpirun -np 8 ./build/apps/bnb/vertexcover/vertexcover-16 --skeleton depthbounded
 --spawn-depth 3 -f test/vc-experiments/gen200_p0.9_44.clq   --hpx:threads=32   --hpx:print-counter /workstealing/depthpool/di
stributedSteals   --hpx:print-counter-interval=1000
/workstealing{locality#0/total}/depthpool/distributedSteals,1,5.269425,[s],0
/workstealing{locality#1/total}/depthpool/distributedSteals,1,5.449390,[s],0
/workstealing{locality#2/total}/depthpool/distributedSteals,1,5.425475,[s],0
/workstealing{locality#3/total}/depthpool/distributedSteals,1,5.429398,[s],0
/workstealing{locality#4/total}/depthpool/distributedSteals,1,5.445423,[s],0
/workstealing{locality#5/total}/depthpool/distributedSteals,1,5.427630,[s],0
/workstealing{locality#6/total}/depthpool/distributedSteals,1,5.429410,[s],0
/workstealing{locality#7/total}/depthpool/distributedSteals,1,5.435630,[s],0
=== Configuration ===
Skeleton: depthbounded
Graph size: 200 vertices
Num localities: 8
HPX threads per locality: 32
Spawn depth: 3
====================
/workstealing{locality#0/total}/depthpool/distributedSteals,2,6.449641,[s],0
/workstealing{locality#1/total}/depthpool/distributedSteals,2,6.513408,[s],0
/workstealing{locality#2/total}/depthpool/distributedSteals,2,6.537422,[s],0
/workstealing{locality#3/total}/depthpool/distributedSteals,2,6.525390,[s],0
/workstealing{locality#4/total}/depthpool/distributedSteals,2,6.537420,[s],0
/workstealing{locality#5/total}/depthpool/distributedSteals,2,6.515612,[s],0
/workstealing{locality#6/total}/depthpool/distributedSteals,2,6.513505,[s],0
/workstealing{locality#7/total}/depthpool/distributedSteals,2,6.515611,[s],0
/workstealing{locality#0/total}/depthpool/distributedSteals,3,7.629548,[s],0
/workstealing{locality#1/total}/depthpool/distributedSteals,3,7.741388,[s],0
/workstealing{locality#2/total}/depthpool/distributedSteals,3,7.733420,[s],0
/workstealing{locality#3/total}/depthpool/distributedSteals,3,7.753393,[s],0
/workstealing{locality#4/total}/depthpool/distributedSteals,3,7.757404,[s],0
/workstealing{locality#5/total}/depthpool/distributedSteals,3,7.731620,[s],0
/workstealing{locality#6/total}/depthpool/distributedSteals,3,7.737420,[s],0
/workstealing{locality#7/total}/depthpool/distributedSteals,3,7.739623,[s],0
/workstealing{locality#0/total}/depthpool/distributedSteals,4,8.797683,[s],0
/workstealing{locality#1/total}/depthpool/distributedSteals,4,8.825396,[s],0
/workstealing{locality#2/total}/depthpool/distributedSteals,4,8.797632,[s],0
/workstealing{locality#3/total}/depthpool/distributedSteals,4,8.821388,[s],0
/workstealing{locality#4/total}/depthpool/distributedSteals,4,8.825425,[s],0
/workstealing{locality#5/total}/depthpool/distributedSteals,4,8.815635,[s],0
/workstealing{locality#6/total}/depthpool/distributedSteals,4,8.801421,[s],0
/workstealing{locality#7/total}/depthpool/distributedSteals,4,8.823625,[s],0
/workstealing{locality#0/total}/depthpool/distributedSteals,5,9.997540,[s],0
/workstealing{locality#1/total}/depthpool/distributedSteals,5,10.109385,[s],0
/workstealing{locality#2/total}/depthpool/distributedSteals,5,10.113435,[s],0
/workstealing{locality#3/total}/depthpool/distributedSteals,5,10.117385,[s],0
/workstealing{locality#4/total}/depthpool/distributedSteals,5,10.109414,[s],0
/workstealing{locality#5/total}/depthpool/distributedSteals,5,10.095609,[s],0
/workstealing{locality#6/total}/depthpool/distributedSteals,5,10.101421,[s],0
/workstealing{locality#7/total}/depthpool/distributedSteals,5,10.091710,[s],0
/workstealing{locality#0/total}/depthpool/distributedSteals,6,11.189570,[s],0
/workstealing{locality#1/total}/depthpool/distributedSteals,6,11.269390,[s],0
/workstealing{locality#2/total}/depthpool/distributedSteals,6,11.253451,[s],0
/workstealing{locality#3/total}/depthpool/distributedSteals,6,11.269386,[s],0
/workstealing{locality#4/total}/depthpool/distributedSteals,6,11.273412,[s],0
/workstealing{locality#5/total}/depthpool/distributedSteals,6,11.255611,[s],0
/workstealing{locality#6/total}/depthpool/distributedSteals,6,11.253484,[s],0
/workstealing{locality#7/total}/depthpool/distributedSteals,6,11.255623,[s],0
/workstealing{locality#0/total}/depthpool/distributedSteals,7,12.373542,[s],0
/workstealing{locality#1/total}/depthpool/distributedSteals,7,12.377384,[s],0
/workstealing{locality#2/total}/depthpool/distributedSteals,7,12.377425,[s],0
/workstealing{locality#3/total}/depthpool/distributedSteals,7,12.385386,[s],0
/workstealing{locality#4/total}/depthpool/distributedSteals,7,12.385421,[s],0
/workstealing{locality#5/total}/depthpool/distributedSteals,7,12.379622,[s],0
/workstealing{locality#6/total}/depthpool/distributedSteals,7,12.397420,[s],0
/workstealing{locality#7/total}/depthpool/distributedSteals,7,12.379627,[s],0
/workstealing{locality#0/total}/depthpool/distributedSteals,8,13.449524,[s],0
/workstealing{locality#1/total}/depthpool/distributedSteals,8,13.545397,[s],0
/workstealing{locality#2/total}/depthpool/distributedSteals,8,13.573418,[s],0
/workstealing{locality#3/total}/depthpool/distributedSteals,8,13.545412,[s],0
/workstealing{locality#4/total}/depthpool/distributedSteals,8,13.545452,[s],0
/workstealing{locality#5/total}/depthpool/distributedSteals,8,13.547622,[s],0
/workstealing{locality#6/total}/depthpool/distributedSteals,8,13.557427,[s],0
/workstealing{locality#7/total}/depthpool/distributedSteals,8,13.551624,[s],0
/workstealing{locality#0/total}/depthpool/distributedSteals,9,14.593628,[s],0
/workstealing{locality#1/total}/depthpool/distributedSteals,9,14.613385,[s],0
/workstealing{locality#2/total}/depthpool/distributedSteals,9,14.593592,[s],0
/workstealing{locality#3/total}/depthpool/distributedSteals,9,14.621385,[s],0
/workstealing{locality#4/total}/depthpool/distributedSteals,9,14.605414,[s],0
/workstealing{locality#5/total}/depthpool/distributedSteals,9,14.603623,[s],0
/workstealing{locality#6/total}/depthpool/distributedSteals,9,14.605421,[s],0
/workstealing{locality#7/total}/depthpool/distributedSteals,9,14.615635,[s],0
/workstealing{locality#0/total}/depthpool/distributedSteals,10,15.629536,[s],0
/workstealing{locality#1/total}/depthpool/distributedSteals,10,15.637416,[s],0
/workstealing{locality#2/total}/depthpool/distributedSteals,10,15.637426,[s],0
/workstealing{locality#3/total}/depthpool/distributedSteals,10,15.653389,[s],0
/workstealing{locality#4/total}/depthpool/distributedSteals,10,15.645416,[s],0
/workstealing{locality#5/total}/depthpool/distributedSteals,10,15.631622,[s],0
/workstealing{locality#6/total}/depthpool/distributedSteals,10,15.649421,[s],0
/workstealing{locality#7/total}/depthpool/distributedSteals,10,15.643620,[s],0
/workstealing{locality#0/total}/depthpool/distributedSteals,11,16.697414,[s],0
/workstealing{locality#1/total}/depthpool/distributedSteals,11,16.753394,[s],0
/workstealing{locality#2/total}/depthpool/distributedSteals,11,16.773435,[s],0
/workstealing{locality#3/total}/depthpool/distributedSteals,11,16.769387,[s],0
/workstealing{locality#4/total}/depthpool/distributedSteals,11,16.753459,[s],0
/workstealing{locality#5/total}/depthpool/distributedSteals,11,16.755634,[s],0
/workstealing{locality#6/total}/depthpool/distributedSteals,11,16.757418,[s],0
/workstealing{locality#7/total}/depthpool/distributedSteals,11,16.751691,[s],0
/workstealing{locality#0/total}/depthpool/distributedSteals,12,18.037573,[s],0
/workstealing{locality#1/total}/depthpool/distributedSteals,12,18.053394,[s],0
/workstealing{locality#2/total}/depthpool/distributedSteals,12,18.057422,[s],0
/workstealing{locality#3/total}/depthpool/distributedSteals,12,18.037581,[s],2
/workstealing{locality#4/total}/depthpool/distributedSteals,12,18.045415,[s],0
/workstealing{locality#5/total}/depthpool/distributedSteals,12,18.039626,[s],0
/workstealing{locality#6/total}/depthpool/distributedSteals,12,18.057483,[s],0
/workstealing{locality#7/total}/depthpool/distributedSteals,12,18.039625,[s],1
/workstealing{locality#0/total}/depthpool/distributedSteals,13,19.129600,[s],0
/workstealing{locality#1/total}/depthpool/distributedSteals,13,19.149408,[s],0
/workstealing{locality#2/total}/depthpool/distributedSteals,13,19.129561,[s],0
/workstealing{locality#3/total}/depthpool/distributedSteals,13,19.153371,[s],2
/workstealing{locality#4/total}/depthpool/distributedSteals,13,19.149473,[s],0
/workstealing{locality#5/total}/depthpool/distributedSteals,13,19.143633,[s],0
/workstealing{locality#6/total}/depthpool/distributedSteals,13,19.157417,[s],0
/workstealing{locality#7/total}/depthpool/distributedSteals,13,19.159629,[s],1
/workstealing{locality#0/total}/depthpool/distributedSteals,14,20.345567,[s],0
/workstealing{locality#1/total}/depthpool/distributedSteals,14,20.397391,[s],0
/workstealing{locality#2/total}/depthpool/distributedSteals,14,20.377446,[s],0
/workstealing{locality#3/total}/depthpool/distributedSteals,14,20.405386,[s],2
/workstealing{locality#4/total}/depthpool/distributedSteals,14,20.385414,[s],0
/workstealing{locality#5/total}/depthpool/distributedSteals,14,20.387628,[s],0
/workstealing{locality#6/total}/depthpool/distributedSteals,14,20.377471,[s],0
/workstealing{locality#7/total}/depthpool/distributedSteals,14,20.379624,[s],1
/workstealing{locality#0/total}/depthpool/distributedSteals,15,21.597550,[s],0
/workstealing{locality#1/total}/depthpool/distributedSteals,15,21.617387,[s],0
/workstealing{locality#2/total}/depthpool/distributedSteals,15,21.613419,[s],0
/workstealing{locality#3/total}/depthpool/distributedSteals,15,21.617389,[s],2
/workstealing{locality#4/total}/depthpool/distributedSteals,15,21.617412,[s],0
/workstealing{locality#5/total}/depthpool/distributedSteals,15,21.595821,[s],0
/workstealing{locality#6/total}/depthpool/distributedSteals,15,21.609415,[s],0
/workstealing{locality#7/total}/depthpool/distributedSteals,15,21.599628,[s],1
/workstealing{locality#0/total}/depthpool/distributedSteals,16,22.805415,[s],0
/workstealing{locality#1/total}/depthpool/distributedSteals,16,22.845385,[s],0
/workstealing{locality#2/total}/depthpool/distributedSteals,16,22.841407,[s],0
/workstealing{locality#3/total}/depthpool/distributedSteals,16,22.845384,[s],2
/workstealing{locality#4/total}/depthpool/distributedSteals,16,22.825460,[s],0
/workstealing{locality#5/total}/depthpool/distributedSteals,16,22.831621,[s],0
/workstealing{locality#6/total}/depthpool/distributedSteals,16,22.845404,[s],0
/workstealing{locality#7/total}/depthpool/distributedSteals,16,22.823720,[s],1
/workstealing{locality#0/total}/depthpool/distributedSteals,17,24.209549,[s],0
/workstealing{locality#1/total}/depthpool/distributedSteals,17,24.317385,[s],0
/workstealing{locality#2/total}/depthpool/distributedSteals,17,24.321430,[s],0
/workstealing{locality#3/total}/depthpool/distributedSteals,17,24.317380,[s],2
/workstealing{locality#4/total}/depthpool/distributedSteals,17,24.305474,[s],0
/workstealing{locality#5/total}/depthpool/distributedSteals,17,24.323622,[s],0
/workstealing{locality#6/total}/depthpool/distributedSteals,17,24.333420,[s],0
/workstealing{locality#7/total}/depthpool/distributedSteals,17,24.311626,[s],1
/workstealing{locality#0/total}/depthpool/distributedSteals,18,25.425458,[s],0
/workstealing{locality#1/total}/depthpool/distributedSteals,18,25.517375,[s],0
/workstealing{locality#2/total}/depthpool/distributedSteals,18,25.489451,[s],0
/workstealing{locality#3/total}/depthpool/distributedSteals,18,25.493387,[s],2
/workstealing{locality#4/total}/depthpool/distributedSteals,18,25.509411,[s],0
/workstealing{locality#5/total}/depthpool/distributedSteals,18,25.507623,[s],0
/workstealing{locality#6/total}/depthpool/distributedSteals,18,25.505420,[s],0
/workstealing{locality#7/total}/depthpool/distributedSteals,18,25.515622,[s],1
/workstealing{locality#0/total}/depthpool/distributedSteals,19,26.705539,[s],0
/workstealing{locality#1/total}/depthpool/distributedSteals,19,26.765384,[s],0
/workstealing{locality#2/total}/depthpool/distributedSteals,19,26.749434,[s],0
/workstealing{locality#3/total}/depthpool/distributedSteals,19,26.745381,[s],2
/workstealing{locality#4/total}/depthpool/distributedSteals,19,26.737492,[s],0
/workstealing{locality#5/total}/depthpool/distributedSteals,19,26.755628,[s],0
/workstealing{locality#6/total}/depthpool/distributedSteals,19,26.745419,[s],0
/workstealing{locality#7/total}/depthpool/distributedSteals,19,26.755629,[s],1
/workstealing{locality#0/total}/depthpool/distributedSteals,20,27.977532,[s],0
/workstealing{locality#1/total}/depthpool/distributedSteals,20,28.013375,[s],0
/workstealing{locality#2/total}/depthpool/distributedSteals,20,28.013418,[s],0
/workstealing{locality#3/total}/depthpool/distributedSteals,20,28.041387,[s],2
/workstealing{locality#4/total}/depthpool/distributedSteals,20,28.037415,[s],0
/workstealing{locality#5/total}/depthpool/distributedSteals,20,28.019625,[s],0
/workstealing{locality#6/total}/depthpool/distributedSteals,20,28.013421,[s],0
/workstealing{locality#7/total}/depthpool/distributedSteals,20,28.007727,[s],1
/workstealing{locality#0/total}/depthpool/distributedSteals,21,29.225533,[s],0
/workstealing{locality#1/total}/depthpool/distributedSteals,21,29.229378,[s],0
/workstealing{locality#2/total}/depthpool/distributedSteals,21,29.237423,[s],0
/workstealing{locality#3/total}/depthpool/distributedSteals,21,29.229394,[s],2
/workstealing{locality#4/total}/depthpool/distributedSteals,21,29.233433,[s],0
/workstealing{locality#5/total}/depthpool/distributedSteals,21,29.247684,[s],0
/workstealing{locality#6/total}/depthpool/distributedSteals,21,29.249424,[s],0
/workstealing{locality#7/total}/depthpool/distributedSteals,21,29.239624,[s],1
/workstealing{locality#0/total}/depthpool/distributedSteals,22,30.473416,[s],0
/workstealing{locality#1/total}/depthpool/distributedSteals,22,30.625383,[s],0
/workstealing{locality#2/total}/depthpool/distributedSteals,22,30.605409,[s],0
/workstealing{locality#3/total}/depthpool/distributedSteals,22,30.621381,[s],2
/workstealing{locality#4/total}/depthpool/distributedSteals,22,30.629400,[s],0
/workstealing{locality#5/total}/depthpool/distributedSteals,22,30.615621,[s],0
/workstealing{locality#6/total}/depthpool/distributedSteals,22,30.601598,[s],0
/workstealing{locality#7/total}/depthpool/distributedSteals,22,30.599816,[s],1
/workstealing{locality#0/total}/depthpool/distributedSteals,23,31.781416,[s],0
/workstealing{locality#1/total}/depthpool/distributedSteals,23,31.813399,[s],0
/workstealing{locality#2/total}/depthpool/distributedSteals,23,31.829420,[s],0
/workstealing{locality#3/total}/depthpool/distributedSteals,23,31.813421,[s],2
/workstealing{locality#4/total}/depthpool/distributedSteals,23,31.825464,[s],0
/workstealing{locality#5/total}/depthpool/distributedSteals,23,31.835622,[s],0
/workstealing{locality#6/total}/depthpool/distributedSteals,23,31.837424,[s],0
/workstealing{locality#7/total}/depthpool/distributedSteals,23,31.823627,[s],1
/workstealing{locality#0/total}/depthpool/distributedSteals,24,32.961553,[s],0
/workstealing{locality#1/total}/depthpool/distributedSteals,24,32.969396,[s],0
/workstealing{locality#2/total}/depthpool/distributedSteals,24,32.965418,[s],0
/workstealing{locality#3/total}/depthpool/distributedSteals,24,32.989390,[s],2
/workstealing{locality#4/total}/depthpool/distributedSteals,24,32.965418,[s],0
/workstealing{locality#5/total}/depthpool/distributedSteals,24,32.971629,[s],0
/workstealing{locality#6/total}/depthpool/distributedSteals,24,32.969417,[s],0
/workstealing{locality#7/total}/depthpool/distributedSteals,24,32.963629,[s],1
/workstealing{locality#0/total}/depthpool/distributedSteals,25,34.129416,[s],0
/workstealing{locality#1/total}/depthpool/distributedSteals,25,34.333390,[s],0
/workstealing{locality#2/total}/depthpool/distributedSteals,25,34.345419,[s],0
/workstealing{locality#3/total}/depthpool/distributedSteals,25,34.353393,[s],2
/workstealing{locality#4/total}/depthpool/distributedSteals,25,34.353418,[s],0
/workstealing{locality#5/total}/depthpool/distributedSteals,25,34.323676,[s],0
/workstealing{locality#6/total}/depthpool/distributedSteals,25,34.341425,[s],0
/workstealing{locality#7/total}/depthpool/distributedSteals,25,34.339624,[s],1
/workstealing{locality#0/total}/depthpool/distributedSteals,26,35.461415,[s],0
/workstealing{locality#1/total}/depthpool/distributedSteals,26,35.509394,[s],0
/workstealing{locality#2/total}/depthpool/distributedSteals,26,35.517433,[s],0
/workstealing{locality#3/total}/depthpool/distributedSteals,26,35.497453,[s],2
/workstealing{locality#4/total}/depthpool/distributedSteals,26,35.509444,[s],0
/workstealing{locality#5/total}/depthpool/distributedSteals,26,35.511610,[s],0
/workstealing{locality#6/total}/depthpool/distributedSteals,26,35.513422,[s],0
/workstealing{locality#7/total}/depthpool/distributedSteals,26,35.519634,[s],1
/workstealing{locality#0/total}/depthpool/distributedSteals,27,36.773516,[s],0
/workstealing{locality#1/total}/depthpool/distributedSteals,27,36.877383,[s],0
/workstealing{locality#2/total}/depthpool/distributedSteals,27,36.881425,[s],0
/workstealing{locality#3/total}/depthpool/distributedSteals,27,36.869423,[s],2
/workstealing{locality#4/total}/depthpool/distributedSteals,27,36.873414,[s],0
/workstealing{locality#5/total}/depthpool/distributedSteals,27,36.875611,[s],0
/workstealing{locality#6/total}/depthpool/distributedSteals,27,36.897432,[s],0
/workstealing{locality#7/total}/depthpool/distributedSteals,27,36.895625,[s],1
/workstealing{locality#0/total}/depthpool/distributedSteals,28,38.069415,[s],0
/workstealing{locality#1/total}/depthpool/distributedSteals,28,38.125402,[s],0
/workstealing{locality#2/total}/depthpool/distributedSteals,28,38.117421,[s],0
/workstealing{locality#3/total}/depthpool/distributedSteals,28,38.097424,[s],2
/workstealing{locality#4/total}/depthpool/distributedSteals,28,38.121416,[s],0
/workstealing{locality#5/total}/depthpool/distributedSteals,28,38.103629,[s],0
/workstealing{locality#6/total}/depthpool/distributedSteals,28,38.097476,[s],0
/workstealing{locality#7/total}/depthpool/distributedSteals,28,38.127612,[s],1
/workstealing{locality#0/total}/depthpool/distributedSteals,29,39.221527,[s],0
/workstealing{locality#1/total}/depthpool/distributedSteals,29,39.229385,[s],0
/workstealing{locality#2/total}/depthpool/distributedSteals,29,39.241421,[s],0
/workstealing{locality#3/total}/depthpool/distributedSteals,29,39.229372,[s],2
/workstealing{locality#4/total}/depthpool/distributedSteals,29,39.221579,[s],0
/workstealing{locality#5/total}/depthpool/distributedSteals,29,39.219811,[s],0
/workstealing{locality#6/total}/depthpool/distributedSteals,29,39.241421,[s],0
/workstealing{locality#7/total}/depthpool/distributedSteals,29,39.235622,[s],1
/workstealing{locality#0/total}/depthpool/distributedSteals,30,40.357624,[s],0
/workstealing{locality#1/total}/depthpool/distributedSteals,30,40.357551,[s],0
/workstealing{locality#2/total}/depthpool/distributedSteals,30,40.357604,[s],0
/workstealing{locality#3/total}/depthpool/distributedSteals,30,40.377371,[s],2
/workstealing{locality#4/total}/depthpool/distributedSteals,30,40.377405,[s],0
/workstealing{locality#5/total}/depthpool/distributedSteals,30,40.359629,[s],0
/workstealing{locality#6/total}/depthpool/distributedSteals,30,40.373431,[s],0
/workstealing{locality#7/total}/depthpool/distributedSteals,30,40.371626,[s],1
/workstealing{locality#0/total}/depthpool/distributedSteals,31,41.429546,[s],0
/workstealing{locality#1/total}/depthpool/distributedSteals,31,41.461374,[s],0
/workstealing{locality#2/total}/depthpool/distributedSteals,31,41.429601,[s],0
/workstealing{locality#3/total}/depthpool/distributedSteals,31,41.433384,[s],2
/workstealing{locality#4/total}/depthpool/distributedSteals,31,41.441413,[s],0
/workstealing{locality#5/total}/depthpool/distributedSteals,31,41.427811,[s],0
/workstealing{locality#6/total}/depthpool/distributedSteals,31,41.445457,[s],0
/workstealing{locality#7/total}/depthpool/distributedSteals,31,41.427832,[s],1
/workstealing{locality#0/total}/depthpool/distributedSteals,32,42.513580,[s],0
/workstealing{locality#1/total}/depthpool/distributedSteals,32,42.537384,[s],0
/workstealing{locality#2/total}/depthpool/distributedSteals,32,42.513636,[s],0
/workstealing{locality#3/total}/depthpool/distributedSteals,32,42.517383,[s],2
/workstealing{locality#4/total}/depthpool/distributedSteals,32,42.513643,[s],0
/workstealing{locality#5/total}/depthpool/distributedSteals,32,42.527624,[s],0
/workstealing{locality#6/total}/depthpool/distributedSteals,32,42.521424,[s],0
/workstealing{locality#7/total}/depthpool/distributedSteals,32,42.539627,[s],1
/workstealing{locality#0/total}/depthpool/distributedSteals,33,43.805415,[s],0
/workstealing{locality#1/total}/depthpool/distributedSteals,33,43.949384,[s],0
/workstealing{locality#2/total}/depthpool/distributedSteals,33,43.949422,[s],0
/workstealing{locality#3/total}/depthpool/distributedSteals,33,43.941371,[s],2
/workstealing{locality#4/total}/depthpool/distributedSteals,33,43.925474,[s],0
/workstealing{locality#5/total}/depthpool/distributedSteals,33,43.939628,[s],0
/workstealing{locality#6/total}/depthpool/distributedSteals,33,43.925487,[s],0
/workstealing{locality#7/total}/depthpool/distributedSteals,33,43.923703,[s],1
/workstealing{locality#0/total}/depthpool/distributedSteals,34,45.137454,[s],0
/workstealing{locality#1/total}/depthpool/distributedSteals,34,45.137440,[s],0
/workstealing{locality#2/total}/depthpool/distributedSteals,34,45.157419,[s],0
/workstealing{locality#3/total}/depthpool/distributedSteals,34,45.157397,[s],2
/workstealing{locality#4/total}/depthpool/distributedSteals,34,45.137503,[s],0
/workstealing{locality#5/total}/depthpool/distributedSteals,34,45.135720,[s],0
/workstealing{locality#6/total}/depthpool/distributedSteals,34,45.149418,[s],0
/workstealing{locality#7/total}/depthpool/distributedSteals,34,45.151624,[s],1
/workstealing{locality#0/total}/depthpool/distributedSteals,35,46.357444,[s],0
/workstealing{locality#1/total}/depthpool/distributedSteals,35,46.401385,[s],0
/workstealing{locality#2/total}/depthpool/distributedSteals,35,46.397424,[s],0
/workstealing{locality#3/total}/depthpool/distributedSteals,35,46.409386,[s],2
/workstealing{locality#4/total}/depthpool/distributedSteals,35,46.389468,[s],0
/workstealing{locality#5/total}/depthpool/distributedSteals,35,46.387678,[s],0
/workstealing{locality#6/total}/depthpool/distributedSteals,35,46.417421,[s],0
/workstealing{locality#7/total}/depthpool/distributedSteals,35,46.407611,[s],1
/workstealing{locality#0/total}/depthpool/distributedSteals,36,47.581535,[s],0
/workstealing{locality#1/total}/depthpool/distributedSteals,36,47.625385,[s],0
/workstealing{locality#2/total}/depthpool/distributedSteals,36,47.617443,[s],0
/workstealing{locality#3/total}/depthpool/distributedSteals,36,47.625380,[s],2
/workstealing{locality#4/total}/depthpool/distributedSteals,36,47.633415,[s],0
/workstealing{locality#5/total}/depthpool/distributedSteals,36,47.627633,[s],0
/workstealing{locality#6/total}/depthpool/distributedSteals,36,47.629419,[s],0
/workstealing{locality#7/total}/depthpool/distributedSteals,36,47.623620,[s],1
/workstealing{locality#0/total}/depthpool/distributedSteals,37,48.841415,[s],0
/workstealing{locality#1/total}/depthpool/distributedSteals,37,48.869406,[s],0
/workstealing{locality#2/total}/depthpool/distributedSteals,37,48.901429,[s],0
/workstealing{locality#3/total}/depthpool/distributedSteals,37,48.897386,[s],2
/workstealing{locality#4/total}/depthpool/distributedSteals,37,48.869442,[s],0
/workstealing{locality#5/total}/depthpool/distributedSteals,37,48.883608,[s],0
/workstealing{locality#6/total}/depthpool/distributedSteals,37,48.869471,[s],0
/workstealing{locality#7/total}/depthpool/distributedSteals,37,48.871624,[s],1
/workstealing{locality#0/total}/depthpool/distributedSteals,38,49.981654,[s],0
/workstealing{locality#1/total}/depthpool/distributedSteals,38,49.981574,[s],0
/workstealing{locality#2/total}/depthpool/distributedSteals,38,50.001421,[s],0
/workstealing{locality#3/total}/depthpool/distributedSteals,38,49.997388,[s],2
/workstealing{locality#4/total}/depthpool/distributedSteals,38,49.981631,[s],0
/workstealing{locality#5/total}/depthpool/distributedSteals,38,50.003628,[s],0
/workstealing{locality#6/total}/depthpool/distributedSteals,38,49.981664,[s],0
/workstealing{locality#7/total}/depthpool/distributedSteals,38,49.999610,[s],1
/workstealing{locality#0/total}/depthpool/distributedSteals,39,51.065534,[s],0
/workstealing{locality#1/total}/depthpool/distributedSteals,39,51.089384,[s],0
/workstealing{locality#2/total}/depthpool/distributedSteals,39,51.077423,[s],0
/workstealing{locality#3/total}/depthpool/distributedSteals,39,51.085382,[s],2
/workstealing{locality#4/total}/depthpool/distributedSteals,39,51.093426,[s],0
/workstealing{locality#5/total}/depthpool/distributedSteals,39,51.079632,[s],0
/workstealing{locality#6/total}/depthpool/distributedSteals,39,51.081425,[s],0
/workstealing{locality#7/total}/depthpool/distributedSteals,39,51.067622,[s],1
/workstealing{locality#0/total}/depthpool/distributedSteals,40,52.249522,[s],0
/workstealing{locality#1/total}/depthpool/distributedSteals,40,52.253393,[s],0
/workstealing{locality#2/total}/depthpool/distributedSteals,40,52.249573,[s],0
/workstealing{locality#3/total}/depthpool/distributedSteals,40,52.265388,[s],2
/workstealing{locality#4/total}/depthpool/distributedSteals,40,52.257414,[s],0
/workstealing{locality#5/total}/depthpool/distributedSteals,40,52.259628,[s],0
/workstealing{locality#6/total}/depthpool/distributedSteals,40,52.253420,[s],0
/workstealing{locality#7/total}/depthpool/distributedSteals,40,52.259621,[s],1
/workstealing{locality#0/total}/depthpool/distributedSteals,41,53.397536,[s],0
/workstealing{locality#1/total}/depthpool/distributedSteals,41,53.425390,[s],0
/workstealing{locality#2/total}/depthpool/distributedSteals,41,53.397573,[s],0
/workstealing{locality#3/total}/depthpool/distributedSteals,41,53.405383,[s],2
/workstealing{locality#4/total}/depthpool/distributedSteals,41,53.417428,[s],0
/workstealing{locality#5/total}/depthpool/distributedSteals,41,53.395818,[s],0
/workstealing{locality#6/total}/depthpool/distributedSteals,41,53.401434,[s],0
/workstealing{locality#7/total}/depthpool/distributedSteals,41,53.423626,[s],1
/workstealing{locality#0/total}/depthpool/distributedSteals,42,54.553521,[s],0
/workstealing{locality#1/total}/depthpool/distributedSteals,42,54.557374,[s],0
/workstealing{locality#2/total}/depthpool/distributedSteals,42,54.557444,[s],0
/workstealing{locality#3/total}/depthpool/distributedSteals,42,54.569386,[s],2
/workstealing{locality#4/total}/depthpool/distributedSteals,42,54.569402,[s],0
/workstealing{locality#5/total}/depthpool/distributedSteals,42,54.559623,[s],0
/workstealing{locality#6/total}/depthpool/distributedSteals,42,54.553631,[s],0
/workstealing{locality#7/total}/depthpool/distributedSteals,42,54.559622,[s],1
/workstealing{locality#0/total}/depthpool/distributedSteals,43,55.813543,[s],0
/workstealing{locality#1/total}/depthpool/distributedSteals,43,56.021387,[s],0
/workstealing{locality#2/total}/depthpool/distributedSteals,43,56.025420,[s],0
/workstealing{locality#3/total}/depthpool/distributedSteals,43,56.033385,[s],2
/workstealing{locality#4/total}/depthpool/distributedSteals,43,56.013411,[s],0
/workstealing{locality#5/total}/depthpool/distributedSteals,43,56.011624,[s],0
/workstealing{locality#6/total}/depthpool/distributedSteals,43,56.005498,[s],0
/workstealing{locality#7/total}/depthpool/distributedSteals,43,56.027627,[s],1
/workstealing{locality#0/total}/depthpool/distributedSteals,44,57.201416,[s],0
/workstealing{locality#1/total}/depthpool/distributedSteals,44,57.269393,[s],0
/workstealing{locality#2/total}/depthpool/distributedSteals,44,57.269423,[s],0
/workstealing{locality#3/total}/depthpool/distributedSteals,44,57.273390,[s],2
/workstealing{locality#4/total}/depthpool/distributedSteals,44,57.277411,[s],0
/workstealing{locality#5/total}/depthpool/distributedSteals,44,57.271629,[s],0
/workstealing{locality#6/total}/depthpool/distributedSteals,44,57.277413,[s],0
/workstealing{locality#7/total}/depthpool/distributedSteals,44,57.267610,[s],1
/workstealing{locality#0/total}/depthpool/distributedSteals,45,58.429532,[s],0
/workstealing{locality#1/total}/depthpool/distributedSteals,45,58.833370,[s],0
/workstealing{locality#2/total}/depthpool/distributedSteals,45,58.837425,[s],0
/workstealing{locality#3/total}/depthpool/distributedSteals,45,58.833385,[s],2
/workstealing{locality#4/total}/depthpool/distributedSteals,45,58.829419,[s],0
/workstealing{locality#5/total}/depthpool/distributedSteals,45,58.827621,[s],0
/workstealing{locality#6/total}/depthpool/distributedSteals,45,58.833416,[s],0
/workstealing{locality#7/total}/depthpool/distributedSteals,45,58.843626,[s],1
/workstealing{locality#0/total}/depthpool/distributedSteals,46,59.925416,[s],0
/workstealing{locality#1/total}/depthpool/distributedSteals,46,60.021373,[s],0
/workstealing{locality#2/total}/depthpool/distributedSteals,46,60.033423,[s],0
/workstealing{locality#3/total}/depthpool/distributedSteals,46,60.041388,[s],2
/workstealing{locality#4/total}/depthpool/distributedSteals,46,60.017463,[s],0
/workstealing{locality#5/total}/depthpool/distributedSteals,46,60.031625,[s],0
/workstealing{locality#6/total}/depthpool/distributedSteals,46,60.041426,[s],0
/workstealing{locality#7/total}/depthpool/distributedSteals,46,60.015688,[s],1
/workstealing{locality#0/total}/depthpool/distributedSteals,47,61.193416,[s],0
/workstealing{locality#1/total}/depthpool/distributedSteals,47,61.233385,[s],0
/workstealing{locality#2/total}/depthpool/distributedSteals,47,61.245421,[s],0
/workstealing{locality#3/total}/depthpool/distributedSteals,47,61.225388,[s],2
/workstealing{locality#4/total}/depthpool/distributedSteals,47,61.229415,[s],0
/workstealing{locality#5/total}/depthpool/distributedSteals,47,61.239629,[s],0
/workstealing{locality#6/total}/depthpool/distributedSteals,47,61.225419,[s],0
/workstealing{locality#7/total}/depthpool/distributedSteals,47,61.223626,[s],1
/workstealing{locality#0/total}/depthpool/distributedSteals,48,62.453545,[s],0
/workstealing{locality#1/total}/depthpool/distributedSteals,48,62.517401,[s],0
/workstealing{locality#2/total}/depthpool/distributedSteals,48,62.489449,[s],0
/workstealing{locality#3/total}/depthpool/distributedSteals,48,62.509386,[s],2
/workstealing{locality#4/total}/depthpool/distributedSteals,48,62.489490,[s],0
/workstealing{locality#5/total}/depthpool/distributedSteals,48,62.499629,[s],0
/workstealing{locality#6/total}/depthpool/distributedSteals,48,62.497418,[s],0
/workstealing{locality#7/total}/depthpool/distributedSteals,48,62.507620,[s],1
/workstealing{locality#0/total}/depthpool/distributedSteals,49,63.693611,[s],0
/workstealing{locality#1/total}/depthpool/distributedSteals,49,63.713373,[s],0
/workstealing{locality#2/total}/depthpool/distributedSteals,49,63.697427,[s],0
/workstealing{locality#3/total}/depthpool/distributedSteals,49,63.705391,[s],2
/workstealing{locality#4/total}/depthpool/distributedSteals,49,63.693588,[s],0
/workstealing{locality#5/total}/depthpool/distributedSteals,49,63.707634,[s],0
/workstealing{locality#6/total}/depthpool/distributedSteals,49,63.694602,[s],0
/workstealing{locality#7/total}/depthpool/distributedSteals,49,63.691818,[s],1
/workstealing{locality#0/total}/depthpool/distributedSteals,50,64.749418,[s],0
/workstealing{locality#1/total}/depthpool/distributedSteals,50,64.761386,[s],0
/workstealing{locality#2/total}/depthpool/distributedSteals,50,64.761421,[s],0
/workstealing{locality#3/total}/depthpool/distributedSteals,50,64.765386,[s],2
/workstealing{locality#4/total}/depthpool/distributedSteals,50,64.781413,[s],0
/workstealing{locality#5/total}/depthpool/distributedSteals,50,64.751746,[s],0
/workstealing{locality#6/total}/depthpool/distributedSteals,50,64.777421,[s],0
/workstealing{locality#7/total}/depthpool/distributedSteals,50,64.751785,[s],1
/workstealing{locality#0/total}/depthpool/distributedSteals,51,66.125449,[s],0
/workstealing{locality#1/total}/depthpool/distributedSteals,51,66.142924,[s],0
/workstealing{locality#2/total}/depthpool/distributedSteals,51,66.137426,[s],0
/workstealing{locality#3/total}/depthpool/distributedSteals,51,66.133388,[s],2
/workstealing{locality#4/total}/depthpool/distributedSteals,51,66.137424,[s],0
/workstealing{locality#5/total}/depthpool/distributedSteals,51,66.127634,[s],0
/workstealing{locality#6/total}/depthpool/distributedSteals,51,66.125529,[s],0
/workstealing{locality#7/total}/depthpool/distributedSteals,51,66.135618,[s],1
/workstealing{locality#0/total}/depthpool/distributedSteals,52,67.253556,[s],0
/workstealing{locality#1/total}/depthpool/distributedSteals,52,67.349389,[s],0
/workstealing{locality#2/total}/depthpool/distributedSteals,52,67.341428,[s],0
/workstealing{locality#3/total}/depthpool/distributedSteals,52,67.337381,[s],2
/workstealing{locality#4/total}/depthpool/distributedSteals,52,67.329410,[s],0
/workstealing{locality#5/total}/depthpool/distributedSteals,52,67.347632,[s],0
/workstealing{locality#6/total}/depthpool/distributedSteals,52,67.341433,[s],0
/workstealing{locality#7/total}/depthpool/distributedSteals,52,67.331609,[s],1
/workstealing{locality#0/total}/depthpool/distributedSteals,53,68.597556,[s],0
/workstealing{locality#1/total}/depthpool/distributedSteals,53,68.613386,[s],0
/workstealing{locality#2/total}/depthpool/distributedSteals,53,68.617421,[s],0
/workstealing{locality#3/total}/depthpool/distributedSteals,53,68.601388,[s],2
/workstealing{locality#4/total}/depthpool/distributedSteals,53,68.597601,[s],0
/workstealing{locality#5/total}/depthpool/distributedSteals,53,68.603631,[s],0
/workstealing{locality#6/total}/depthpool/distributedSteals,53,68.597659,[s],0
/workstealing{locality#7/total}/depthpool/distributedSteals,53,68.611625,[s],1
/workstealing{locality#0/total}/depthpool/distributedSteals,54,69.993414,[s],0
/workstealing{locality#1/total}/depthpool/distributedSteals,54,70.121371,[s],0
/workstealing{locality#2/total}/depthpool/distributedSteals,54,70.129420,[s],0
/workstealing{locality#3/total}/depthpool/distributedSteals,54,70.125388,[s],2
/workstealing{locality#4/total}/depthpool/distributedSteals,54,70.125416,[s],0
/workstealing{locality#5/total}/depthpool/distributedSteals,54,70.115685,[s],0
/workstealing{locality#6/total}/depthpool/distributedSteals,54,70.137420,[s],0
/workstealing{locality#7/total}/depthpool/distributedSteals,54,70.135641,[s],1
/workstealing{locality#0/total}/depthpool/distributedSteals,55,71.229445,[s],0
/workstealing{locality#1/total}/depthpool/distributedSteals,55,71.309386,[s],0
/workstealing{locality#2/total}/depthpool/distributedSteals,55,71.293448,[s],0
/workstealing{locality#3/total}/depthpool/distributedSteals,55,71.297395,[s],2
/workstealing{locality#4/total}/depthpool/distributedSteals,55,71.293464,[s],0
/workstealing{locality#5/total}/depthpool/distributedSteals,55,71.303621,[s],0
/workstealing{locality#6/total}/depthpool/distributedSteals,55,71.305417,[s],0
/workstealing{locality#7/total}/depthpool/distributedSteals,55,71.295630,[s],1
/workstealing{locality#0/total}/depthpool/distributedSteals,56,72.473531,[s],0
/workstealing{locality#1/total}/depthpool/distributedSteals,56,72.669375,[s],0
/workstealing{locality#2/total}/depthpool/distributedSteals,56,72.653442,[s],0
/workstealing{locality#3/total}/depthpool/distributedSteals,56,72.649383,[s],2
/workstealing{locality#4/total}/depthpool/distributedSteals,56,72.653412,[s],0
/workstealing{locality#5/total}/depthpool/distributedSteals,56,72.651624,[s],0
/workstealing{locality#6/total}/depthpool/distributedSteals,56,72.645419,[s],0
/workstealing{locality#7/total}/depthpool/distributedSteals,56,72.663609,[s],1
/workstealing{locality#0/total}/depthpool/distributedSteals,57,73.801445,[s],0
/workstealing{locality#1/total}/depthpool/distributedSteals,57,74.041398,[s],0
/workstealing{locality#2/total}/depthpool/distributedSteals,57,74.053420,[s],0
/workstealing{locality#3/total}/depthpool/distributedSteals,57,74.033410,[s],2
/workstealing{locality#4/total}/depthpool/distributedSteals,57,74.041412,[s],0
/workstealing{locality#5/total}/depthpool/distributedSteals,57,74.043612,[s],0
/workstealing{locality#6/total}/depthpool/distributedSteals,57,74.037423,[s],0
/workstealing{locality#7/total}/depthpool/distributedSteals,57,74.027697,[s],1
/workstealing{locality#0/total}/depthpool/distributedSteals,58,75.301414,[s],0
/workstealing{locality#1/total}/depthpool/distributedSteals,58,75.333390,[s],0
/workstealing{locality#2/total}/depthpool/distributedSteals,58,75.357417,[s],0
/workstealing{locality#3/total}/depthpool/distributedSteals,58,75.357391,[s],2
/workstealing{locality#4/total}/depthpool/distributedSteals,58,75.333416,[s],0
/workstealing{locality#5/total}/depthpool/distributedSteals,58,75.355636,[s],0
/workstealing{locality#6/total}/depthpool/distributedSteals,58,75.329467,[s],0
/workstealing{locality#7/total}/depthpool/distributedSteals,58,75.347624,[s],1
/workstealing{locality#0/total}/depthpool/distributedSteals,59,76.433551,[s],0
/workstealing{locality#1/total}/depthpool/distributedSteals,59,76.453390,[s],0
/workstealing{locality#2/total}/depthpool/distributedSteals,59,76.449420,[s],0
/workstealing{locality#3/total}/depthpool/distributedSteals,59,76.441388,[s],2
/workstealing{locality#4/total}/depthpool/distributedSteals,59,76.457413,[s],0
/workstealing{locality#5/total}/depthpool/distributedSteals,59,76.432461,[s],0
/workstealing{locality#6/total}/depthpool/distributedSteals,59,76.453421,[s],0
/workstealing{locality#7/total}/depthpool/distributedSteals,59,76.431846,[s],1
/workstealing{locality#0/total}/depthpool/distributedSteals,60,77.697562,[s],0
/workstealing{locality#1/total}/depthpool/distributedSteals,60,77.713385,[s],0
/workstealing{locality#2/total}/depthpool/distributedSteals,60,77.705408,[s],0
/workstealing{locality#3/total}/depthpool/distributedSteals,60,77.705388,[s],2
/workstealing{locality#4/total}/depthpool/distributedSteals,60,77.705413,[s],0
/workstealing{locality#5/total}/depthpool/distributedSteals,60,77.699610,[s],0
/workstealing{locality#6/total}/depthpool/distributedSteals,60,77.697653,[s],0
/workstealing{locality#7/total}/depthpool/distributedSteals,60,77.703639,[s],1
/workstealing{locality#0/total}/depthpool/distributedSteals,61,78.897415,[s],0
/workstealing{locality#1/total}/depthpool/distributedSteals,61,78.921378,[s],0
/workstealing{locality#2/total}/depthpool/distributedSteals,61,78.901423,[s],0
/workstealing{locality#3/total}/depthpool/distributedSteals,61,78.913386,[s],2
/workstealing{locality#4/total}/depthpool/distributedSteals,61,78.913416,[s],0
/workstealing{locality#5/total}/depthpool/distributedSteals,61,78.923611,[s],0
/workstealing{locality#6/total}/depthpool/distributedSteals,61,78.897478,[s],0
/workstealing{locality#7/total}/depthpool/distributedSteals,61,78.903624,[s],1
/workstealing{locality#0/total}/depthpool/distributedSteals,62,80.125467,[s],0
/workstealing{locality#1/total}/depthpool/distributedSteals,62,80.201386,[s],0
/workstealing{locality#2/total}/depthpool/distributedSteals,62,80.193423,[s],0
/workstealing{locality#3/total}/depthpool/distributedSteals,62,80.201387,[s],2
/workstealing{locality#4/total}/depthpool/distributedSteals,62,80.193417,[s],0
/workstealing{locality#5/total}/depthpool/distributedSteals,62,80.215624,[s],0
/workstealing{locality#6/total}/depthpool/distributedSteals,62,80.197503,[s],0
/workstealing{locality#7/total}/depthpool/distributedSteals,62,80.191629,[s],1
/workstealing{locality#0/total}/depthpool/distributedSteals,63,81.297642,[s],0
/workstealing{locality#1/total}/depthpool/distributedSteals,63,81.305387,[s],0
/workstealing{locality#2/total}/depthpool/distributedSteals,63,81.313420,[s],0
/workstealing{locality#3/total}/depthpool/distributedSteals,63,81.321374,[s],2
/workstealing{locality#4/total}/depthpool/distributedSteals,63,81.297616,[s],0
/workstealing{locality#5/total}/depthpool/distributedSteals,63,81.323625,[s],0
/workstealing{locality#6/total}/depthpool/distributedSteals,63,81.313418,[s],0
/workstealing{locality#7/total}/depthpool/distributedSteals,63,81.319626,[s],1
/workstealing{locality#0/total}/depthpool/distributedSteals,64,82.361416,[s],0
/workstealing{locality#1/total}/depthpool/distributedSteals,64,82.433386,[s],0
/workstealing{locality#2/total}/depthpool/distributedSteals,64,82.437418,[s],0
/workstealing{locality#3/total}/depthpool/distributedSteals,64,82.445382,[s],2
/workstealing{locality#4/total}/depthpool/distributedSteals,64,82.453412,[s],0
/workstealing{locality#5/total}/depthpool/distributedSteals,64,82.427609,[s],0
/workstealing{locality#6/total}/depthpool/distributedSteals,64,82.425469,[s],0
/workstealing{locality#7/total}/depthpool/distributedSteals,64,82.431609,[s],1
/workstealing{locality#0/total}/depthpool/distributedSteals,65,83.613456,[s],0
/workstealing{locality#1/total}/depthpool/distributedSteals,65,83.829385,[s],0
/workstealing{locality#2/total}/depthpool/distributedSteals,65,83.821422,[s],0
/workstealing{locality#3/total}/depthpool/distributedSteals,65,83.817386,[s],2
/workstealing{locality#4/total}/depthpool/distributedSteals,65,83.821417,[s],0
/workstealing{locality#5/total}/depthpool/distributedSteals,65,83.811693,[s],0
/workstealing{locality#6/total}/depthpool/distributedSteals,65,83.833416,[s],0
/workstealing{locality#7/total}/depthpool/distributedSteals,65,83.831620,[s],1
/workstealing{locality#0/total}/depthpool/distributedSteals,66,84.977444,[s],0
/workstealing{locality#1/total}/depthpool/distributedSteals,66,84.989385,[s],0
/workstealing{locality#2/total}/depthpool/distributedSteals,66,84.977491,[s],0
/workstealing{locality#3/total}/depthpool/distributedSteals,66,84.977451,[s],2
/workstealing{locality#4/total}/depthpool/distributedSteals,66,84.977520,[s],0
/workstealing{locality#5/total}/depthpool/distributedSteals,66,84.987632,[s],0
/workstealing{locality#6/total}/depthpool/distributedSteals,66,84.997405,[s],0
/workstealing{locality#7/total}/depthpool/distributedSteals,66,85.003625,[s],1
/workstealing{locality#0/total}/depthpool/distributedSteals,67,86.137536,[s],0
/workstealing{locality#1/total}/depthpool/distributedSteals,67,86.433384,[s],0
/workstealing{locality#2/total}/depthpool/distributedSteals,67,86.441427,[s],0
/workstealing{locality#3/total}/depthpool/distributedSteals,67,86.453394,[s],2
/workstealing{locality#4/total}/depthpool/distributedSteals,67,86.429400,[s],0
/workstealing{locality#5/total}/depthpool/distributedSteals,67,86.435628,[s],0
/workstealing{locality#6/total}/depthpool/distributedSteals,67,86.437417,[s],0
/workstealing{locality#7/total}/depthpool/distributedSteals,67,86.443624,[s],1
/workstealing{locality#0/total}/depthpool/distributedSteals,68,87.581534,[s],0
/workstealing{locality#1/total}/depthpool/distributedSteals,68,87.649390,[s],0
/workstealing{locality#2/total}/depthpool/distributedSteals,68,87.649422,[s],0
/workstealing{locality#3/total}/depthpool/distributedSteals,68,87.657382,[s],2
/workstealing{locality#4/total}/depthpool/distributedSteals,68,87.645468,[s],0
/workstealing{locality#5/total}/depthpool/distributedSteals,68,87.655623,[s],0
/workstealing{locality#6/total}/depthpool/distributedSteals,68,87.661422,[s],0
/workstealing{locality#7/total}/depthpool/distributedSteals,68,87.671610,[s],1
/workstealing{locality#0/total}/depthpool/distributedSteals,69,88.825416,[s],0
/workstealing{locality#1/total}/depthpool/distributedSteals,69,88.965389,[s],0
/workstealing{locality#2/total}/depthpool/distributedSteals,69,88.949455,[s],0
/workstealing{locality#3/total}/depthpool/distributedSteals,69,88.961400,[s],2
/workstealing{locality#4/total}/depthpool/distributedSteals,69,88.977414,[s],0
/workstealing{locality#5/total}/depthpool/distributedSteals,69,88.947671,[s],0
/workstealing{locality#6/total}/depthpool/distributedSteals,69,88.949481,[s],0
/workstealing{locality#7/total}/depthpool/distributedSteals,69,88.967624,[s],1
/workstealing{locality#0/total}/depthpool/distributedSteals,70,90.261540,[s],0
/workstealing{locality#1/total}/depthpool/distributedSteals,70,90.265390,[s],0
/workstealing{locality#2/total}/depthpool/distributedSteals,70,90.265415,[s],0
/workstealing{locality#3/total}/depthpool/distributedSteals,70,90.269387,[s],2
/workstealing{locality#4/total}/depthpool/distributedSteals,70,90.261592,[s],0
/workstealing{locality#5/total}/depthpool/distributedSteals,70,90.259801,[s],0
/workstealing{locality#6/total}/depthpool/distributedSteals,70,90.269420,[s],0
/workstealing{locality#7/total}/depthpool/distributedSteals,70,90.271622,[s],1
/workstealing{locality#0/total}/depthpool/distributedSteals,71,91.405598,[s],0
/workstealing{locality#1/total}/depthpool/distributedSteals,71,91.413387,[s],0
/workstealing{locality#2/total}/depthpool/distributedSteals,71,91.405568,[s],0
/workstealing{locality#3/total}/depthpool/distributedSteals,71,91.429388,[s],2
/workstealing{locality#4/total}/depthpool/distributedSteals,71,91.421414,[s],0
/workstealing{locality#5/total}/depthpool/distributedSteals,71,91.407621,[s],0
/workstealing{locality#6/total}/depthpool/distributedSteals,71,91.413430,[s],0
/workstealing{locality#7/total}/depthpool/distributedSteals,71,91.423627,[s],1
/workstealing{locality#0/total}/depthpool/distributedSteals,72,92.553443,[s],0
/workstealing{locality#1/total}/depthpool/distributedSteals,72,92.557373,[s],0
/workstealing{locality#2/total}/depthpool/distributedSteals,72,92.565420,[s],0
/workstealing{locality#3/total}/depthpool/distributedSteals,72,92.553451,[s],2
/workstealing{locality#4/total}/depthpool/distributedSteals,72,92.553492,[s],0
/workstealing{locality#5/total}/depthpool/distributedSteals,72,92.551720,[s],0
/workstealing{locality#6/total}/depthpool/distributedSteals,72,92.553524,[s],0
/workstealing{locality#7/total}/depthpool/distributedSteals,72,92.555626,[s],1
/workstealing{locality#0/total}/depthpool/distributedSteals,73,93.857415,[s],0
/workstealing{locality#1/total}/depthpool/distributedSteals,73,93.933391,[s],0
/workstealing{locality#2/total}/depthpool/distributedSteals,73,93.941423,[s],0
/workstealing{locality#3/total}/depthpool/distributedSteals,73,93.937383,[s],2
/workstealing{locality#4/total}/depthpool/distributedSteals,73,93.957401,[s],0
/workstealing{locality#5/total}/depthpool/distributedSteals,73,93.927685,[s],0
/workstealing{locality#6/total}/depthpool/distributedSteals,73,93.929475,[s],0
/workstealing{locality#7/total}/depthpool/distributedSteals,73,93.939622,[s],1
/workstealing{locality#0/total}/depthpool/distributedSteals,74,95.213530,[s],0
/workstealing{locality#1/total}/depthpool/distributedSteals,74,95.245399,[s],0
/workstealing{locality#2/total}/depthpool/distributedSteals,74,95.273420,[s],0
/workstealing{locality#3/total}/depthpool/distributedSteals,74,95.261381,[s],2
/workstealing{locality#4/total}/depthpool/distributedSteals,74,95.269415,[s],0
/workstealing{locality#5/total}/depthpool/distributedSteals,74,95.259628,[s],0
/workstealing{locality#6/total}/depthpool/distributedSteals,74,95.245483,[s],0
/workstealing{locality#7/total}/depthpool/distributedSteals,74,95.271625,[s],1
/workstealing{locality#0/total}/depthpool/distributedSteals,75,96.381519,[s],0
/workstealing{locality#1/total}/depthpool/distributedSteals,75,96.585383,[s],0
/workstealing{locality#2/total}/depthpool/distributedSteals,75,96.573469,[s],0
/workstealing{locality#3/total}/depthpool/distributedSteals,75,96.589386,[s],2
/workstealing{locality#4/total}/depthpool/distributedSteals,75,96.585416,[s],0
/workstealing{locality#5/total}/depthpool/distributedSteals,75,96.571672,[s],0
/workstealing{locality#6/total}/depthpool/distributedSteals,75,96.589422,[s],0
/workstealing{locality#7/total}/depthpool/distributedSteals,75,96.587626,[s],1
/workstealing{locality#0/total}/depthpool/distributedSteals,76,97.769440,[s],0
/workstealing{locality#1/total}/depthpool/distributedSteals,76,97.837373,[s],0
/workstealing{locality#2/total}/depthpool/distributedSteals,76,97.833459,[s],0
/workstealing{locality#3/total}/depthpool/distributedSteals,76,97.841393,[s],2
/workstealing{locality#4/total}/depthpool/distributedSteals,76,97.865401,[s],0
/workstealing{locality#5/total}/depthpool/distributedSteals,76,97.835624,[s],0
/workstealing{locality#6/total}/depthpool/distributedSteals,76,97.849422,[s],0
/workstealing{locality#7/total}/depthpool/distributedSteals,76,97.859626,[s],1
/workstealing{locality#0/total}/depthpool/distributedSteals,77,99.121551,[s],0
/workstealing{locality#1/total}/depthpool/distributedSteals,77,99.233388,[s],0
/workstealing{locality#2/total}/depthpool/distributedSteals,77,99.217453,[s],0
/workstealing{locality#3/total}/depthpool/distributedSteals,77,99.237384,[s],2
/workstealing{locality#4/total}/depthpool/distributedSteals,77,99.245421,[s],0
/workstealing{locality#5/total}/depthpool/distributedSteals,77,99.239609,[s],0
/workstealing{locality#6/total}/depthpool/distributedSteals,77,99.229417,[s],0
/workstealing{locality#7/total}/depthpool/distributedSteals,77,99.227628,[s],1
/workstealing{locality#0/total}/depthpool/distributedSteals,78,100.341556,[s],0
/workstealing{locality#1/total}/depthpool/distributedSteals,78,100.669426,[s],0
/workstealing{locality#2/total}/depthpool/distributedSteals,78,100.689420,[s],0
/workstealing{locality#3/total}/depthpool/distributedSteals,78,100.681381,[s],2
/workstealing{locality#4/total}/depthpool/distributedSteals,78,100.701399,[s],0
/workstealing{locality#5/total}/depthpool/distributedSteals,78,100.672687,[s],0
/workstealing{locality#6/total}/depthpool/distributedSteals,78,100.685422,[s],0
/workstealing{locality#7/total}/depthpool/distributedSteals,78,100.679629,[s],1
/workstealing{locality#0/total}/depthpool/distributedSteals,79,101.793543,[s],0
/workstealing{locality#1/total}/depthpool/distributedSteals,79,101.893390,[s],0
/workstealing{locality#2/total}/depthpool/distributedSteals,79,101.901420,[s],0
/workstealing{locality#3/total}/depthpool/distributedSteals,79,101.909383,[s],2
/workstealing{locality#4/total}/depthpool/distributedSteals,79,101.901415,[s],0
/workstealing{locality#5/total}/depthpool/distributedSteals,79,101.887795,[s],0
/workstealing{locality#6/total}/depthpool/distributedSteals,79,101.901420,[s],0
/workstealing{locality#7/total}/depthpool/distributedSteals,79,101.891625,[s],1
/workstealing{locality#0/total}/depthpool/distributedSteals,80,103.081556,[s],0
/workstealing{locality#1/total}/depthpool/distributedSteals,80,103.097386,[s],0
/workstealing{locality#2/total}/depthpool/distributedSteals,80,103.085421,[s],0
/workstealing{locality#3/total}/depthpool/distributedSteals,80,103.089385,[s],2
/workstealing{locality#4/total}/depthpool/distributedSteals,80,103.089411,[s],0
/workstealing{locality#5/total}/depthpool/distributedSteals,80,103.079855,[s],0
/workstealing{locality#6/total}/depthpool/distributedSteals,80,103.089417,[s],0
/workstealing{locality#7/total}/depthpool/distributedSteals,80,103.091623,[s],1
/workstealing{locality#0/total}/depthpool/distributedSteals,81,104.165414,[s],0
/workstealing{locality#1/total}/depthpool/distributedSteals,81,104.249386,[s],0
/workstealing{locality#2/total}/depthpool/distributedSteals,81,104.253421,[s],0
/workstealing{locality#3/total}/depthpool/distributedSteals,81,104.249388,[s],2
/workstealing{locality#4/total}/depthpool/distributedSteals,81,104.257418,[s],0
/workstealing{locality#5/total}/depthpool/distributedSteals,81,104.227695,[s],0
/workstealing{locality#6/total}/depthpool/distributedSteals,81,104.241417,[s],0
/workstealing{locality#7/total}/depthpool/distributedSteals,81,104.231624,[s],1
/workstealing{locality#0/total}/depthpool/distributedSteals,82,105.341601,[s],0
/workstealing{locality#1/total}/depthpool/distributedSteals,82,105.405402,[s],0
/workstealing{locality#2/total}/depthpool/distributedSteals,82,105.409422,[s],0
/workstealing{locality#3/total}/depthpool/distributedSteals,82,105.429385,[s],2
/workstealing{locality#4/total}/depthpool/distributedSteals,82,105.405454,[s],0
/workstealing{locality#5/total}/depthpool/distributedSteals,82,105.415632,[s],0
/workstealing{locality#6/total}/depthpool/distributedSteals,82,105.413421,[s],0
/workstealing{locality#7/total}/depthpool/distributedSteals,82,105.403676,[s],1
/workstealing{locality#0/total}/depthpool/distributedSteals,83,106.649556,[s],0
/workstealing{locality#1/total}/depthpool/distributedSteals,83,106.741389,[s],0
/workstealing{locality#2/total}/depthpool/distributedSteals,83,106.737418,[s],0
/workstealing{locality#3/total}/depthpool/distributedSteals,83,106.745386,[s],2
/workstealing{locality#4/total}/depthpool/distributedSteals,83,106.717454,[s],0
/workstealing{locality#5/total}/depthpool/distributedSteals,83,106.727649,[s],0
/workstealing{locality#6/total}/depthpool/distributedSteals,83,106.729442,[s],0
/workstealing{locality#7/total}/depthpool/distributedSteals,83,106.715692,[s],1
/workstealing{locality#0/total}/depthpool/distributedSteals,84,107.905559,[s],0
/workstealing{locality#1/total}/depthpool/distributedSteals,84,107.929385,[s],0
/workstealing{locality#2/total}/depthpool/distributedSteals,84,107.913420,[s],0
/workstealing{locality#3/total}/depthpool/distributedSteals,84,107.913373,[s],2
/workstealing{locality#4/total}/depthpool/distributedSteals,84,107.933413,[s],0
/workstealing{locality#5/total}/depthpool/distributedSteals,84,107.927623,[s],0
/workstealing{locality#6/total}/depthpool/distributedSteals,84,107.921422,[s],0
/workstealing{locality#7/total}/depthpool/distributedSteals,84,107.927623,[s],1
/workstealing{locality#0/total}/depthpool/distributedSteals,85,109.133550,[s],0
/workstealing{locality#1/total}/depthpool/distributedSteals,85,109.269376,[s],0
/workstealing{locality#2/total}/depthpool/distributedSteals,85,109.289432,[s],0
/workstealing{locality#3/total}/depthpool/distributedSteals,85,109.289385,[s],2
/workstealing{locality#4/total}/depthpool/distributedSteals,85,109.277412,[s],0
/workstealing{locality#5/total}/depthpool/distributedSteals,85,109.291627,[s],0
/workstealing{locality#6/total}/depthpool/distributedSteals,85,109.293422,[s],0
/workstealing{locality#7/total}/depthpool/distributedSteals,85,109.283621,[s],1
/workstealing{locality#0/total}/depthpool/distributedSteals,86,110.465451,[s],0
/workstealing{locality#1/total}/depthpool/distributedSteals,86,110.473388,[s],0
/workstealing{locality#2/total}/depthpool/distributedSteals,86,110.465477,[s],0
/workstealing{locality#3/total}/depthpool/distributedSteals,86,110.485383,[s],2
/workstealing{locality#4/total}/depthpool/distributedSteals,86,110.481415,[s],0
/workstealing{locality#5/total}/depthpool/distributedSteals,86,110.463700,[s],0
/workstealing{locality#6/total}/depthpool/distributedSteals,86,110.469404,[s],0
/workstealing{locality#7/total}/depthpool/distributedSteals,86,110.479622,[s],1
/workstealing{locality#0/total}/depthpool/distributedSteals,87,111.633533,[s],0
/workstealing{locality#1/total}/depthpool/distributedSteals,87,111.829397,[s],0
/workstealing{locality#2/total}/depthpool/distributedSteals,87,111.857449,[s],0
/workstealing{locality#3/total}/depthpool/distributedSteals,87,111.845382,[s],2
/workstealing{locality#4/total}/depthpool/distributedSteals,87,111.829455,[s],0
/workstealing{locality#5/total}/depthpool/distributedSteals,87,111.839628,[s],0
/workstealing{locality#6/total}/depthpool/distributedSteals,87,111.845422,[s],0
/workstealing{locality#7/total}/depthpool/distributedSteals,87,111.827694,[s],1
/workstealing{locality#0/total}/depthpool/distributedSteals,88,112.961448,[s],0
/workstealing{locality#1/total}/depthpool/distributedSteals,88,113.025404,[s],0
/workstealing{locality#2/total}/depthpool/distributedSteals,88,113.025447,[s],0
/workstealing{locality#3/total}/depthpool/distributedSteals,88,113.041392,[s],2
/workstealing{locality#4/total}/depthpool/distributedSteals,88,113.029417,[s],0
/workstealing{locality#5/total}/depthpool/distributedSteals,88,113.047629,[s],0
/workstealing{locality#6/total}/depthpool/distributedSteals,88,113.049418,[s],0
/workstealing{locality#7/total}/depthpool/distributedSteals,88,113.043628,[s],1
/workstealing{locality#0/total}/depthpool/distributedSteals,89,114.145414,[s],0
/workstealing{locality#1/total}/depthpool/distributedSteals,89,114.325383,[s],0
/workstealing{locality#2/total}/depthpool/distributedSteals,89,114.321428,[s],0
/workstealing{locality#3/total}/depthpool/distributedSteals,89,114.301371,[s],2
/workstealing{locality#4/total}/depthpool/distributedSteals,89,114.321410,[s],0
/workstealing{locality#5/total}/depthpool/distributedSteals,89,114.323633,[s],0
/workstealing{locality#6/total}/depthpool/distributedSteals,89,114.297496,[s],0
/workstealing{locality#7/total}/depthpool/distributedSteals,89,114.303620,[s],1
/workstealing{locality#0/total}/depthpool/distributedSteals,90,115.509547,[s],0
/workstealing{locality#1/total}/depthpool/distributedSteals,90,115.557372,[s],0
/workstealing{locality#2/total}/depthpool/distributedSteals,90,115.569423,[s],0
/workstealing{locality#3/total}/depthpool/distributedSteals,90,115.541414,[s],2
/workstealing{locality#4/total}/depthpool/distributedSteals,90,115.545403,[s],0
/workstealing{locality#5/total}/depthpool/distributedSteals,90,115.563632,[s],0
/workstealing{locality#6/total}/depthpool/distributedSteals,90,115.569433,[s],0
/workstealing{locality#7/total}/depthpool/distributedSteals,90,115.551623,[s],1
/workstealing{locality#0/total}/depthpool/distributedSteals,91,116.669557,[s],0
/workstealing{locality#1/total}/depthpool/distributedSteals,91,116.697387,[s],0
/workstealing{locality#2/total}/depthpool/distributedSteals,91,116.681422,[s],0
/workstealing{locality#3/total}/depthpool/distributedSteals,91,116.689381,[s],2
/workstealing{locality#4/total}/depthpool/distributedSteals,91,116.681416,[s],0
/workstealing{locality#5/total}/depthpool/distributedSteals,91,116.667807,[s],0
/workstealing{locality#6/total}/depthpool/distributedSteals,91,116.685423,[s],0
/workstealing{locality#7/total}/depthpool/distributedSteals,91,116.667833,[s],1
/workstealing{locality#0/total}/depthpool/distributedSteals,92,117.853566,[s],0
/workstealing{locality#1/total}/depthpool/distributedSteals,92,117.909395,[s],0
/workstealing{locality#2/total}/depthpool/distributedSteals,92,117.893421,[s],0
/workstealing{locality#3/total}/depthpool/distributedSteals,92,117.889415,[s],2
/workstealing{locality#4/total}/depthpool/distributedSteals,92,117.897419,[s],0
/workstealing{locality#5/total}/depthpool/distributedSteals,92,117.911622,[s],0
/workstealing{locality#6/total}/depthpool/distributedSteals,92,117.909405,[s],0
/workstealing{locality#7/total}/depthpool/distributedSteals,92,117.903624,[s],1
/workstealing{locality#0/total}/depthpool/distributedSteals,93,119.197591,[s],0
/workstealing{locality#1/total}/depthpool/distributedSteals,93,119.197593,[s],0
/workstealing{locality#2/total}/depthpool/distributedSteals,93,119.209407,[s],0
/workstealing{locality#3/total}/depthpool/distributedSteals,93,119.221385,[s],2
/workstealing{locality#4/total}/depthpool/distributedSteals,93,119.233401,[s],0
/workstealing{locality#5/total}/depthpool/distributedSteals,93,119.223622,[s],0
/workstealing{locality#6/total}/depthpool/distributedSteals,93,119.213422,[s],0
/workstealing{locality#7/total}/depthpool/distributedSteals,93,119.195865,[s],1
/workstealing{locality#0/total}/depthpool/distributedSteals,94,120.357530,[s],0
/workstealing{locality#1/total}/depthpool/distributedSteals,94,120.373383,[s],0
/workstealing{locality#2/total}/depthpool/distributedSteals,94,120.369408,[s],0
/workstealing{locality#3/total}/depthpool/distributedSteals,94,120.369370,[s],2
/workstealing{locality#4/total}/depthpool/distributedSteals,94,120.361413,[s],0
/workstealing{locality#5/total}/depthpool/distributedSteals,94,120.383631,[s],0
/workstealing{locality#6/total}/depthpool/distributedSteals,94,120.385431,[s],0
/workstealing{locality#7/total}/depthpool/distributedSteals,94,120.355803,[s],1
/workstealing{locality#0/total}/depthpool/distributedSteals,95,121.477574,[s],0
/workstealing{locality#1/total}/depthpool/distributedSteals,95,121.541418,[s],0
/workstealing{locality#2/total}/depthpool/distributedSteals,95,121.545424,[s],0
/workstealing{locality#3/total}/depthpool/distributedSteals,95,121.541421,[s],2
/workstealing{locality#4/total}/depthpool/distributedSteals,95,121.557400,[s],0
/workstealing{locality#5/total}/depthpool/distributedSteals,95,121.567625,[s],0
/workstealing{locality#6/total}/depthpool/distributedSteals,95,121.545418,[s],0
/workstealing{locality#7/total}/depthpool/distributedSteals,95,121.567626,[s],1
/workstealing{locality#0/total}/depthpool/distributedSteals,96,122.853533,[s],0
/workstealing{locality#1/total}/depthpool/distributedSteals,96,122.901381,[s],0
/workstealing{locality#2/total}/depthpool/distributedSteals,96,122.909421,[s],0
/workstealing{locality#3/total}/depthpool/distributedSteals,96,122.901385,[s],2
/workstealing{locality#4/total}/depthpool/distributedSteals,96,122.913414,[s],0
/workstealing{locality#5/total}/depthpool/distributedSteals,96,122.887624,[s],0
/workstealing{locality#6/total}/depthpool/distributedSteals,96,122.905440,[s],0
/workstealing{locality#7/total}/depthpool/distributedSteals,96,122.907630,[s],1
/workstealing{locality#0/total}/depthpool/distributedSteals,97,124.097529,[s],0
/workstealing{locality#1/total}/depthpool/distributedSteals,97,124.253375,[s],0
/workstealing{locality#2/total}/depthpool/distributedSteals,97,124.233419,[s],0
/workstealing{locality#3/total}/depthpool/distributedSteals,97,124.233384,[s],2
/workstealing{locality#4/total}/depthpool/distributedSteals,97,124.253412,[s],0
/workstealing{locality#5/total}/depthpool/distributedSteals,97,124.251644,[s],0
/workstealing{locality#6/total}/depthpool/distributedSteals,97,124.237422,[s],0
/workstealing{locality#7/total}/depthpool/distributedSteals,97,124.251609,[s],1
/workstealing{locality#0/total}/depthpool/distributedSteals,98,125.493442,[s],0
/workstealing{locality#1/total}/depthpool/distributedSteals,98,125.557387,[s],0
/workstealing{locality#2/total}/depthpool/distributedSteals,98,125.525452,[s],0
/workstealing{locality#3/total}/depthpool/distributedSteals,98,125.545385,[s],2
/workstealing{locality#4/total}/depthpool/distributedSteals,98,125.525462,[s],0
/workstealing{locality#5/total}/depthpool/distributedSteals,98,125.523675,[s],0
/workstealing{locality#6/total}/depthpool/distributedSteals,98,125.525484,[s],0
/workstealing{locality#7/total}/depthpool/distributedSteals,98,125.547626,[s],1
/workstealing{locality#0/total}/depthpool/distributedSteals,99,126.697535,[s],0
/workstealing{locality#1/total}/depthpool/distributedSteals,99,126.853388,[s],0
/workstealing{locality#2/total}/depthpool/distributedSteals,99,126.865420,[s],0
/workstealing{locality#3/total}/depthpool/distributedSteals,99,126.857399,[s],2
/workstealing{locality#4/total}/depthpool/distributedSteals,99,126.849401,[s],0
/workstealing{locality#5/total}/depthpool/distributedSteals,99,126.831699,[s],0
/workstealing{locality#6/total}/depthpool/distributedSteals,99,126.833524,[s],0
/workstealing{locality#7/total}/depthpool/distributedSteals,99,126.843628,[s],1
/workstealing{locality#0/total}/depthpool/distributedSteals,100,127.989518,[s],0
/workstealing{locality#1/total}/depthpool/distributedSteals,100,128.101384,[s],0
/workstealing{locality#2/total}/depthpool/distributedSteals,100,128.097428,[s],0
/workstealing{locality#3/total}/depthpool/distributedSteals,100,128.085439,[s],2
/workstealing{locality#4/total}/depthpool/distributedSteals,100,128.093416,[s],0
/workstealing{locality#5/total}/depthpool/distributedSteals,100,128.087623,[s],0
/workstealing{locality#6/total}/depthpool/distributedSteals,100,128.101420,[s],0
/workstealing{locality#7/total}/depthpool/distributedSteals,100,128.095627,[s],1
/workstealing{locality#0/total}/depthpool/distributedSteals,101,129.253415,[s],0
/workstealing{locality#1/total}/depthpool/distributedSteals,101,129.293389,[s],0
/workstealing{locality#2/total}/depthpool/distributedSteals,101,129.301421,[s],0
/workstealing{locality#3/total}/depthpool/distributedSteals,101,129.309390,[s],2
/workstealing{locality#4/total}/depthpool/distributedSteals,101,129.301401,[s],0
/workstealing{locality#5/total}/depthpool/distributedSteals,101,129.303629,[s],0
/workstealing{locality#6/total}/depthpool/distributedSteals,101,129.301405,[s],0
/workstealing{locality#7/total}/depthpool/distributedSteals,101,129.311609,[s],1
/workstealing{locality#0/total}/depthpool/distributedSteals,102,130.381566,[s],0
/workstealing{locality#1/total}/depthpool/distributedSteals,102,130.469373,[s],0
/workstealing{locality#2/total}/depthpool/distributedSteals,102,130.457418,[s],0
/workstealing{locality#3/total}/depthpool/distributedSteals,102,130.457392,[s],2
/workstealing{locality#4/total}/depthpool/distributedSteals,102,130.457412,[s],0
/workstealing{locality#5/total}/depthpool/distributedSteals,102,130.467611,[s],0
/workstealing{locality#6/total}/depthpool/distributedSteals,102,130.465419,[s],0
/workstealing{locality#7/total}/depthpool/distributedSteals,102,130.467623,[s],1
/workstealing{locality#0/total}/depthpool/distributedSteals,103,131.701532,[s],0
/workstealing{locality#1/total}/depthpool/distributedSteals,103,131.853392,[s],0
/workstealing{locality#2/total}/depthpool/distributedSteals,103,131.857427,[s],0
/workstealing{locality#3/total}/depthpool/distributedSteals,103,131.829420,[s],2
/workstealing{locality#4/total}/depthpool/distributedSteals,103,131.841412,[s],0
/workstealing{locality#5/total}/depthpool/distributedSteals,103,131.835625,[s],0
/workstealing{locality#6/total}/depthpool/distributedSteals,103,131.829499,[s],0
/workstealing{locality#7/total}/depthpool/distributedSteals,103,131.839624,[s],1
/workstealing{locality#0/total}/depthpool/distributedSteals,104,132.925451,[s],0
/workstealing{locality#1/total}/depthpool/distributedSteals,104,133.021406,[s],0
/workstealing{locality#2/total}/depthpool/distributedSteals,104,133.049422,[s],0
/workstealing{locality#3/total}/depthpool/distributedSteals,104,133.045396,[s],2
/workstealing{locality#4/total}/depthpool/distributedSteals,104,133.041416,[s],0
/workstealing{locality#5/total}/depthpool/distributedSteals,104,133.019672,[s],0
/workstealing{locality#6/total}/depthpool/distributedSteals,104,133.037417,[s],0
/workstealing{locality#7/total}/depthpool/distributedSteals,104,133.043618,[s],1
/workstealing{locality#0/total}/depthpool/distributedSteals,105,134.153533,[s],0
/workstealing{locality#1/total}/depthpool/distributedSteals,105,134.397390,[s],0
/workstealing{locality#2/total}/depthpool/distributedSteals,105,134.377459,[s],0
/workstealing{locality#3/total}/depthpool/distributedSteals,105,134.381390,[s],2
/workstealing{locality#4/total}/depthpool/distributedSteals,105,134.405413,[s],0
/workstealing{locality#5/total}/depthpool/distributedSteals,105,134.403629,[s],0
/workstealing{locality#6/total}/depthpool/distributedSteals,105,134.385425,[s],0
/workstealing{locality#7/total}/depthpool/distributedSteals,105,134.403624,[s],1
/workstealing{locality#0/total}/depthpool/distributedSteals,106,135.497525,[s],0
/workstealing{locality#1/total}/depthpool/distributedSteals,106,135.517384,[s],0
/workstealing{locality#2/total}/depthpool/distributedSteals,106,135.505449,[s],0
/workstealing{locality#3/total}/depthpool/distributedSteals,106,135.513388,[s],2
/workstealing{locality#4/total}/depthpool/distributedSteals,106,135.521415,[s],0
/workstealing{locality#5/total}/depthpool/distributedSteals,106,135.531628,[s],0
/workstealing{locality#6/total}/depthpool/distributedSteals,106,135.533404,[s],0
/workstealing{locality#7/total}/depthpool/distributedSteals,106,135.523620,[s],1
/workstealing{locality#0/total}/depthpool/distributedSteals,107,136.757442,[s],0
/workstealing{locality#1/total}/depthpool/distributedSteals,107,136.885395,[s],0
/workstealing{locality#2/total}/depthpool/distributedSteals,107,136.897406,[s],0
/workstealing{locality#3/total}/depthpool/distributedSteals,107,136.905392,[s],2
/workstealing{locality#4/total}/depthpool/distributedSteals,107,136.913420,[s],0
/workstealing{locality#5/total}/depthpool/distributedSteals,107,136.899611,[s],0
/workstealing{locality#6/total}/depthpool/distributedSteals,107,136.889430,[s],0
/workstealing{locality#7/total}/depthpool/distributedSteals,107,136.899627,[s],1
/workstealing{locality#0/total}/depthpool/distributedSteals,108,138.013446,[s],0
/workstealing{locality#1/total}/depthpool/distributedSteals,108,138.109373,[s],0
/workstealing{locality#2/total}/depthpool/distributedSteals,108,138.101436,[s],0
/workstealing{locality#3/total}/depthpool/distributedSteals,108,138.097387,[s],2
/workstealing{locality#4/total}/depthpool/distributedSteals,108,138.101416,[s],0
/workstealing{locality#5/total}/depthpool/distributedSteals,108,138.075682,[s],0
/workstealing{locality#6/total}/depthpool/distributedSteals,108,138.077497,[s],0
/workstealing{locality#7/total}/depthpool/distributedSteals,108,138.095623,[s],1
/workstealing{locality#0/total}/depthpool/distributedSteals,109,139.253532,[s],0
/workstealing{locality#1/total}/depthpool/distributedSteals,109,139.261389,[s],0
/workstealing{locality#2/total}/depthpool/distributedSteals,109,139.273422,[s],0
/workstealing{locality#3/total}/depthpool/distributedSteals,109,139.257371,[s],2
/workstealing{locality#4/total}/depthpool/distributedSteals,109,139.281413,[s],0
/workstealing{locality#5/total}/depthpool/distributedSteals,109,139.251788,[s],0
/workstealing{locality#6/total}/depthpool/distributedSteals,109,139.281420,[s],0
/workstealing{locality#7/total}/depthpool/distributedSteals,109,139.255624,[s],1
/workstealing{locality#0/total}/depthpool/distributedSteals,110,140.497521,[s],0
/workstealing{locality#1/total}/depthpool/distributedSteals,110,140.537391,[s],0
/workstealing{locality#2/total}/depthpool/distributedSteals,110,140.541427,[s],0
/workstealing{locality#3/total}/depthpool/distributedSteals,110,140.557381,[s],2
/workstealing{locality#4/total}/depthpool/distributedSteals,110,140.557417,[s],0
/workstealing{locality#5/total}/depthpool/distributedSteals,110,140.543624,[s],0
/workstealing{locality#6/total}/depthpool/distributedSteals,110,140.553406,[s],0
/workstealing{locality#7/total}/depthpool/distributedSteals,110,140.527709,[s],1
/workstealing{locality#0/total}/depthpool/distributedSteals,111,141.661450,[s],0
/workstealing{locality#1/total}/depthpool/distributedSteals,111,141.665371,[s],0
/workstealing{locality#2/total}/depthpool/distributedSteals,111,141.665407,[s],0
/workstealing{locality#3/total}/depthpool/distributedSteals,111,141.685386,[s],2
/workstealing{locality#4/total}/depthpool/distributedSteals,111,141.689402,[s],0
/workstealing{locality#5/total}/depthpool/distributedSteals,111,141.675611,[s],0
/workstealing{locality#6/total}/depthpool/distributedSteals,111,141.677410,[s],0
/workstealing{locality#7/total}/depthpool/distributedSteals,111,141.687626,[s],1
/workstealing{locality#0/total}/depthpool/distributedSteals,112,142.865526,[s],0
/workstealing{locality#1/total}/depthpool/distributedSteals,112,142.897397,[s],0
/workstealing{locality#2/total}/depthpool/distributedSteals,112,142.917424,[s],0
/workstealing{locality#3/total}/depthpool/distributedSteals,112,142.905384,[s],2
/workstealing{locality#4/total}/depthpool/distributedSteals,112,142.917413,[s],0
/workstealing{locality#5/total}/depthpool/distributedSteals,112,142.895706,[s],0
/workstealing{locality#6/total}/depthpool/distributedSteals,112,142.897505,[s],0
/workstealing{locality#7/total}/depthpool/distributedSteals,112,142.899630,[s],1
/workstealing{locality#0/total}/depthpool/distributedSteals,113,144.053569,[s],0
/workstealing{locality#1/total}/depthpool/distributedSteals,113,144.097384,[s],0
/workstealing{locality#2/total}/depthpool/distributedSteals,113,144.089423,[s],0
/workstealing{locality#3/total}/depthpool/distributedSteals,113,144.101384,[s],2
/workstealing{locality#4/total}/depthpool/distributedSteals,113,144.085494,[s],0
/workstealing{locality#5/total}/depthpool/distributedSteals,113,144.087623,[s],0
/workstealing{locality#6/total}/depthpool/distributedSteals,113,144.101420,[s],0
/workstealing{locality#7/total}/depthpool/distributedSteals,113,144.107621,[s],1
/workstealing{locality#0/total}/depthpool/distributedSteals,114,145.277581,[s],0
/workstealing{locality#1/total}/depthpool/distributedSteals,114,145.281387,[s],0
/workstealing{locality#2/total}/depthpool/distributedSteals,114,145.309419,[s],0
/workstealing{locality#3/total}/depthpool/distributedSteals,114,145.277604,[s],2
/workstealing{locality#4/total}/depthpool/distributedSteals,114,145.301412,[s],0
/workstealing{locality#5/total}/depthpool/distributedSteals,114,145.279627,[s],0
/workstealing{locality#6/total}/depthpool/distributedSteals,114,145.285426,[s],0
/workstealing{locality#7/total}/depthpool/distributedSteals,114,145.287622,[s],1
/workstealing{locality#0/total}/depthpool/distributedSteals,115,146.569555,[s],0
/workstealing{locality#1/total}/depthpool/distributedSteals,115,146.601399,[s],0
/workstealing{locality#2/total}/depthpool/distributedSteals,115,146.609423,[s],0
/workstealing{locality#3/total}/depthpool/distributedSteals,115,146.617384,[s],2
/workstealing{locality#4/total}/depthpool/distributedSteals,115,146.605423,[s],0
/workstealing{locality#5/total}/depthpool/distributedSteals,115,146.607626,[s],0
/workstealing{locality#6/total}/depthpool/distributedSteals,115,146.613425,[s],0
/workstealing{locality#7/total}/depthpool/distributedSteals,115,146.647631,[s],1
/workstealing{locality#0/total}/depthpool/distributedSteals,116,147.813537,[s],0
/workstealing{locality#1/total}/depthpool/distributedSteals,116,147.825376,[s],0
/workstealing{locality#2/total}/depthpool/distributedSteals,116,147.829419,[s],0
/workstealing{locality#3/total}/depthpool/distributedSteals,116,147.837383,[s],2
/workstealing{locality#4/total}/depthpool/distributedSteals,116,147.837426,[s],0
/workstealing{locality#5/total}/depthpool/distributedSteals,116,147.811803,[s],0
/workstealing{locality#6/total}/depthpool/distributedSteals,116,147.829420,[s],0
/workstealing{locality#7/total}/depthpool/distributedSteals,116,147.831626,[s],1
/workstealing{locality#0/total}/depthpool/distributedSteals,117,148.969567,[s],0
/workstealing{locality#1/total}/depthpool/distributedSteals,117,149.029383,[s],0
/workstealing{locality#2/total}/depthpool/distributedSteals,117,149.001446,[s],0
/workstealing{locality#3/total}/depthpool/distributedSteals,117,149.029390,[s],2
/workstealing{locality#4/total}/depthpool/distributedSteals,117,149.021416,[s],0
/workstealing{locality#5/total}/depthpool/distributedSteals,117,149.011623,[s],0
/workstealing{locality#6/total}/depthpool/distributedSteals,117,149.013422,[s],0
/workstealing{locality#7/total}/depthpool/distributedSteals,117,149.023624,[s],1
/workstealing{locality#0/total}/depthpool/distributedSteals,118,150.145414,[s],0
/workstealing{locality#1/total}/depthpool/distributedSteals,118,150.377387,[s],0
/workstealing{locality#2/total}/depthpool/distributedSteals,118,150.389452,[s],0
/workstealing{locality#3/total}/depthpool/distributedSteals,118,150.377387,[s],2
/workstealing{locality#4/total}/depthpool/distributedSteals,118,150.385419,[s],0
/workstealing{locality#5/total}/depthpool/distributedSteals,118,150.371627,[s],0
/workstealing{locality#6/total}/depthpool/distributedSteals,118,150.365473,[s],0
/workstealing{locality#7/total}/depthpool/distributedSteals,118,150.363765,[s],1
/workstealing{locality#0/total}/depthpool/distributedSteals,119,151.741415,[s],0
/workstealing{locality#1/total}/depthpool/distributedSteals,119,151.885383,[s],0
/workstealing{locality#2/total}/depthpool/distributedSteals,119,151.885417,[s],0
/workstealing{locality#3/total}/depthpool/distributedSteals,119,151.873388,[s],2
/workstealing{locality#4/total}/depthpool/distributedSteals,119,151.877420,[s],0
/workstealing{locality#5/total}/depthpool/distributedSteals,119,151.875611,[s],0
/workstealing{locality#6/total}/depthpool/distributedSteals,119,151.869420,[s],0
/workstealing{locality#7/total}/depthpool/distributedSteals,119,151.887623,[s],1
/workstealing{locality#0/total}/depthpool/distributedSteals,120,153.101516,[s],0
/workstealing{locality#1/total}/depthpool/distributedSteals,120,153.105371,[s],0
/workstealing{locality#2/total}/depthpool/distributedSteals,120,153.125423,[s],0
/workstealing{locality#3/total}/depthpool/distributedSteals,120,153.113384,[s],2
/workstealing{locality#4/total}/depthpool/distributedSteals,120,153.113410,[s],0
/workstealing{locality#5/total}/depthpool/distributedSteals,120,153.107620,[s],0
/workstealing{locality#6/total}/depthpool/distributedSteals,120,153.105417,[s],0
/workstealing{locality#7/total}/depthpool/distributedSteals,120,153.107623,[s],1
/workstealing{locality#0/total}/depthpool/distributedSteals,121,154.329452,[s],0
/workstealing{locality#1/total}/depthpool/distributedSteals,121,154.405386,[s],0
/workstealing{locality#2/total}/depthpool/distributedSteals,121,154.405427,[s],0
/workstealing{locality#3/total}/depthpool/distributedSteals,121,154.405395,[s],2
/workstealing{locality#4/total}/depthpool/distributedSteals,121,154.425403,[s],0
/workstealing{locality#5/total}/depthpool/distributedSteals,121,154.395611,[s],0
/workstealing{locality#6/total}/depthpool/distributedSteals,121,154.401423,[s],0
/workstealing{locality#7/total}/depthpool/distributedSteals,121,154.419609,[s],1
/workstealing{locality#0/total}/depthpool/distributedSteals,122,155.521617,[s],0
/workstealing{locality#1/total}/depthpool/distributedSteals,122,155.537385,[s],0
/workstealing{locality#2/total}/depthpool/distributedSteals,122,155.541421,[s],0
/workstealing{locality#3/total}/depthpool/distributedSteals,122,155.533388,[s],2
/workstealing{locality#4/total}/depthpool/distributedSteals,122,155.529416,[s],0
/workstealing{locality#5/total}/depthpool/distributedSteals,122,155.531628,[s],0
/workstealing{locality#6/total}/depthpool/distributedSteals,122,155.545416,[s],0
/workstealing{locality#7/total}/depthpool/distributedSteals,122,155.519827,[s],1
/workstealing{locality#0/total}/depthpool/distributedSteals,123,156.793540,[s],0
/workstealing{locality#1/total}/depthpool/distributedSteals,123,156.829385,[s],0
/workstealing{locality#2/total}/depthpool/distributedSteals,123,156.841426,[s],0
/workstealing{locality#3/total}/depthpool/distributedSteals,123,156.849388,[s],2
/workstealing{locality#4/total}/depthpool/distributedSteals,123,156.825461,[s],0
/workstealing{locality#5/total}/depthpool/distributedSteals,123,156.839628,[s],0
/workstealing{locality#6/total}/depthpool/distributedSteals,123,156.825470,[s],0
/workstealing{locality#7/total}/depthpool/distributedSteals,123,156.847623,[s],1
/workstealing{locality#0/total}/depthpool/distributedSteals,124,158.173610,[s],0
/workstealing{locality#1/total}/depthpool/distributedSteals,124,158.177374,[s],0
/workstealing{locality#2/total}/depthpool/distributedSteals,124,158.193408,[s],0
/workstealing{locality#3/total}/depthpool/distributedSteals,124,158.201382,[s],2
/workstealing{locality#4/total}/depthpool/distributedSteals,124,158.173576,[s],0
/workstealing{locality#5/total}/depthpool/distributedSteals,124,158.171799,[s],0
/workstealing{locality#6/total}/depthpool/distributedSteals,124,158.189419,[s],0
/workstealing{locality#7/total}/depthpool/distributedSteals,124,158.179624,[s],1
/workstealing{locality#0/total}/depthpool/distributedSteals,125,159.373451,[s],0
/workstealing{locality#1/total}/depthpool/distributedSteals,125,159.533403,[s],0
/workstealing{locality#2/total}/depthpool/distributedSteals,125,159.545424,[s],0
/workstealing{locality#3/total}/depthpool/distributedSteals,125,159.553387,[s],2
/workstealing{locality#4/total}/depthpool/distributedSteals,125,159.533468,[s],0
/workstealing{locality#5/total}/depthpool/distributedSteals,125,159.547626,[s],0
/workstealing{locality#6/total}/depthpool/distributedSteals,125,159.545418,[s],0
/workstealing{locality#7/total}/depthpool/distributedSteals,125,159.543622,[s],1
/workstealing{locality#0/total}/depthpool/distributedSteals,126,160.713538,[s],0
/workstealing{locality#1/total}/depthpool/distributedSteals,126,160.757389,[s],0
/workstealing{locality#2/total}/depthpool/distributedSteals,126,160.761471,[s],0
/workstealing{locality#3/total}/depthpool/distributedSteals,126,160.773384,[s],2
/workstealing{locality#4/total}/depthpool/distributedSteals,126,160.769411,[s],0
/workstealing{locality#5/total}/depthpool/distributedSteals,126,160.747671,[s],0
/workstealing{locality#6/total}/depthpool/distributedSteals,126,160.769419,[s],0
/workstealing{locality#7/total}/depthpool/distributedSteals,126,160.747693,[s],1
/workstealing{locality#0/total}/depthpool/distributedSteals,127,161.973522,[s],0
/workstealing{locality#1/total}/depthpool/distributedSteals,127,162.045395,[s],0
/workstealing{locality#2/total}/depthpool/distributedSteals,127,162.061425,[s],0
/workstealing{locality#3/total}/depthpool/distributedSteals,127,162.037421,[s],2
/workstealing{locality#4/total}/depthpool/distributedSteals,127,162.037466,[s],0
/workstealing{locality#5/total}/depthpool/distributedSteals,127,162.035684,[s],0
/workstealing{locality#6/total}/depthpool/distributedSteals,127,162.041425,[s],0
/workstealing{locality#7/total}/depthpool/distributedSteals,127,162.067624,[s],1
/workstealing{locality#0/total}/depthpool/distributedSteals,128,163.257539,[s],0
/workstealing{locality#1/total}/depthpool/distributedSteals,128,163.353386,[s],0
/workstealing{locality#2/total}/depthpool/distributedSteals,128,163.357423,[s],0
/workstealing{locality#3/total}/depthpool/distributedSteals,128,163.349389,[s],2
/workstealing{locality#4/total}/depthpool/distributedSteals,128,163.349400,[s],0
/workstealing{locality#5/total}/depthpool/distributedSteals,128,163.347625,[s],0
/workstealing{locality#6/total}/depthpool/distributedSteals,128,163.333416,[s],0
/workstealing{locality#7/total}/depthpool/distributedSteals,128,163.343622,[s],1
/workstealing{locality#0/total}/depthpool/distributedSteals,129,164.777444,[s],0
/workstealing{locality#1/total}/depthpool/distributedSteals,129,164.813373,[s],0
/workstealing{locality#2/total}/depthpool/distributedSteals,129,164.817421,[s],0
/workstealing{locality#3/total}/depthpool/distributedSteals,129,164.833389,[s],2
/workstealing{locality#4/total}/depthpool/distributedSteals,129,164.837419,[s],0
/workstealing{locality#5/total}/depthpool/distributedSteals,129,164.815623,[s],0
/workstealing{locality#6/total}/depthpool/distributedSteals,129,164.837416,[s],0
/workstealing{locality#7/total}/depthpool/distributedSteals,129,164.839626,[s],1
/workstealing{locality#0/total}/depthpool/distributedSteals,130,165.913442,[s],0
/workstealing{locality#1/total}/depthpool/distributedSteals,130,166.069391,[s],0
/workstealing{locality#2/total}/depthpool/distributedSteals,130,166.053419,[s],0
/workstealing{locality#3/total}/depthpool/distributedSteals,130,166.061385,[s],2
/workstealing{locality#4/total}/depthpool/distributedSteals,130,166.049467,[s],0
/workstealing{locality#5/total}/depthpool/distributedSteals,130,166.071624,[s],0
/workstealing{locality#6/total}/depthpool/distributedSteals,130,166.049480,[s],0
/workstealing{locality#7/total}/depthpool/distributedSteals,130,166.063608,[s],1
/workstealing{locality#0/total}/depthpool/distributedSteals,131,167.197415,[s],0
/workstealing{locality#1/total}/depthpool/distributedSteals,131,167.289374,[s],0
/workstealing{locality#2/total}/depthpool/distributedSteals,131,167.305420,[s],0
/workstealing{locality#3/total}/depthpool/distributedSteals,131,167.289385,[s],2
/workstealing{locality#4/total}/depthpool/distributedSteals,131,167.313418,[s],0
/workstealing{locality#5/total}/depthpool/distributedSteals,131,167.283669,[s],0
/workstealing{locality#6/total}/depthpool/distributedSteals,131,167.289405,[s],0
/workstealing{locality#7/total}/depthpool/distributedSteals,131,167.291624,[s],1
/workstealing{locality#0/total}/depthpool/distributedSteals,132,168.637541,[s],0
/workstealing{locality#1/total}/depthpool/distributedSteals,132,168.649383,[s],0
/workstealing{locality#2/total}/depthpool/distributedSteals,132,168.661418,[s],0
/workstealing{locality#3/total}/depthpool/distributedSteals,132,168.637535,[s],2
/workstealing{locality#4/total}/depthpool/distributedSteals,132,168.657423,[s],0
/workstealing{locality#5/total}/depthpool/distributedSteals,132,168.655623,[s],0
/workstealing{locality#6/total}/depthpool/distributedSteals,132,168.653420,[s],0
/workstealing{locality#7/total}/depthpool/distributedSteals,132,168.639618,[s],1
/workstealing{locality#0/total}/depthpool/distributedSteals,133,169.725543,[s],0
/workstealing{locality#1/total}/depthpool/distributedSteals,133,169.761383,[s],0
/workstealing{locality#2/total}/depthpool/distributedSteals,133,169.785420,[s],0
/workstealing{locality#3/total}/depthpool/distributedSteals,133,169.785371,[s],2
/workstealing{locality#4/total}/depthpool/distributedSteals,133,169.769413,[s],0
/workstealing{locality#5/total}/depthpool/distributedSteals,133,169.755687,[s],0
/workstealing{locality#6/total}/depthpool/distributedSteals,133,169.785425,[s],0
/workstealing{locality#7/total}/depthpool/distributedSteals,133,169.775627,[s],1
/workstealing{locality#0/total}/depthpool/distributedSteals,134,171.149519,[s],0
/workstealing{locality#1/total}/depthpool/distributedSteals,134,171.237384,[s],0
/workstealing{locality#2/total}/depthpool/distributedSteals,134,171.229420,[s],0
/workstealing{locality#3/total}/depthpool/distributedSteals,134,171.225390,[s],2
/workstealing{locality#4/total}/depthpool/distributedSteals,134,171.213451,[s],0
/workstealing{locality#5/total}/depthpool/distributedSteals,134,171.247612,[s],0
/workstealing{locality#6/total}/depthpool/distributedSteals,134,171.217417,[s],0
/workstealing{locality#7/total}/depthpool/distributedSteals,134,171.239611,[s],1
/workstealing{locality#0/total}/depthpool/distributedSteals,135,172.417445,[s],0
/workstealing{locality#1/total}/depthpool/distributedSteals,135,172.561388,[s],0
/workstealing{locality#2/total}/depthpool/distributedSteals,135,172.549423,[s],0
/workstealing{locality#3/total}/depthpool/distributedSteals,135,172.561389,[s],2
/workstealing{locality#4/total}/depthpool/distributedSteals,135,172.565403,[s],0
/workstealing{locality#5/total}/depthpool/distributedSteals,135,172.559624,[s],0
/workstealing{locality#6/total}/depthpool/distributedSteals,135,172.577405,[s],0
/workstealing{locality#7/total}/depthpool/distributedSteals,135,172.543688,[s],1
/workstealing{locality#0/total}/depthpool/distributedSteals,136,173.713535,[s],0
/workstealing{locality#1/total}/depthpool/distributedSteals,136,173.829384,[s],0
/workstealing{locality#2/total}/depthpool/distributedSteals,136,173.837477,[s],0
/workstealing{locality#3/total}/depthpool/distributedSteals,136,173.817383,[s],2
/workstealing{locality#4/total}/depthpool/distributedSteals,136,173.821412,[s],0
/workstealing{locality#5/total}/depthpool/distributedSteals,136,173.827621,[s],0
/workstealing{locality#6/total}/depthpool/distributedSteals,136,173.825406,[s],0
/workstealing{locality#7/total}/depthpool/distributedSteals,136,173.823624,[s],1
/workstealing{locality#0/total}/depthpool/distributedSteals,137,174.925536,[s],0
/workstealing{locality#1/total}/depthpool/distributedSteals,137,174.925531,[s],0
/workstealing{locality#2/total}/depthpool/distributedSteals,137,174.945420,[s],0
/workstealing{locality#3/total}/depthpool/distributedSteals,137,174.925551,[s],2
/workstealing{locality#4/total}/depthpool/distributedSteals,137,174.937415,[s],0
/workstealing{locality#5/total}/depthpool/distributedSteals,137,174.931626,[s],0
/workstealing{locality#6/total}/depthpool/distributedSteals,137,174.929418,[s],0
/workstealing{locality#7/total}/depthpool/distributedSteals,137,174.931624,[s],1
/workstealing{locality#0/total}/depthpool/distributedSteals,138,176.153416,[s],0
/workstealing{locality#1/total}/depthpool/distributedSteals,138,176.181407,[s],0
/workstealing{locality#2/total}/depthpool/distributedSteals,138,176.209426,[s],0
/workstealing{locality#3/total}/depthpool/distributedSteals,138,176.181420,[s],2
/workstealing{locality#4/total}/depthpool/distributedSteals,138,176.189418,[s],0
/workstealing{locality#5/total}/depthpool/distributedSteals,138,176.183625,[s],0
/workstealing{locality#6/total}/depthpool/distributedSteals,138,176.205418,[s],0
/workstealing{locality#7/total}/depthpool/distributedSteals,138,176.179685,[s],1
/workstealing{locality#0/total}/depthpool/distributedSteals,139,177.305534,[s],0
/workstealing{locality#1/total}/depthpool/distributedSteals,139,177.349391,[s],0
/workstealing{locality#2/total}/depthpool/distributedSteals,139,177.377406,[s],0
/workstealing{locality#3/total}/depthpool/distributedSteals,139,177.357408,[s],2
/workstealing{locality#4/total}/depthpool/distributedSteals,139,177.337485,[s],0
/workstealing{locality#5/total}/depthpool/distributedSteals,139,177.351626,[s],0
/workstealing{locality#6/total}/depthpool/distributedSteals,139,177.365423,[s],0
/workstealing{locality#7/total}/depthpool/distributedSteals,139,177.347644,[s],1
/workstealing{locality#0/total}/depthpool/distributedSteals,140,178.581539,[s],0
/workstealing{locality#1/total}/depthpool/distributedSteals,140,178.593385,[s],0
/workstealing{locality#2/total}/depthpool/distributedSteals,140,178.581570,[s],0
/workstealing{locality#3/total}/depthpool/distributedSteals,140,178.585427,[s],2
/workstealing{locality#4/total}/depthpool/distributedSteals,140,178.581589,[s],0
/workstealing{locality#5/total}/depthpool/distributedSteals,140,178.607621,[s],0
/workstealing{locality#6/total}/depthpool/distributedSteals,140,178.597423,[s],0
/workstealing{locality#7/total}/depthpool/distributedSteals,140,178.583630,[s],1
/workstealing{locality#0/total}/depthpool/distributedSteals,141,179.749600,[s],0
/workstealing{locality#1/total}/depthpool/distributedSteals,141,179.765372,[s],0
/workstealing{locality#2/total}/depthpool/distributedSteals,141,179.753421,[s],0
/workstealing{locality#3/total}/depthpool/distributedSteals,141,179.749533,[s],2
/workstealing{locality#4/total}/depthpool/distributedSteals,141,179.749578,[s],0
/workstealing{locality#5/total}/depthpool/distributedSteals,141,179.771634,[s],0
/workstealing{locality#6/total}/depthpool/distributedSteals,141,179.749594,[s],0
/workstealing{locality#7/total}/depthpool/distributedSteals,141,179.763623,[s],1
/workstealing{locality#0/total}/depthpool/distributedSteals,142,181.189525,[s],0
/workstealing{locality#1/total}/depthpool/distributedSteals,142,181.221395,[s],0
/workstealing{locality#2/total}/depthpool/distributedSteals,142,181.225422,[s],0
/workstealing{locality#3/total}/depthpool/distributedSteals,142,181.233385,[s],2
/workstealing{locality#4/total}/depthpool/distributedSteals,142,181.245413,[s],0
/workstealing{locality#5/total}/depthpool/distributedSteals,142,181.231627,[s],0
/workstealing{locality#6/total}/depthpool/distributedSteals,142,181.245415,[s],0
/workstealing{locality#7/total}/depthpool/distributedSteals,142,181.231621,[s],1
/workstealing{locality#0/total}/depthpool/distributedSteals,143,182.373416,[s],0
/workstealing{locality#1/total}/depthpool/distributedSteals,143,182.449386,[s],0
/workstealing{locality#2/total}/depthpool/distributedSteals,143,182.461418,[s],0
/workstealing{locality#3/total}/depthpool/distributedSteals,143,182.445386,[s],2
/workstealing{locality#4/total}/depthpool/distributedSteals,143,182.445422,[s],0
/workstealing{locality#5/total}/depthpool/distributedSteals,143,182.459622,[s],0
/workstealing{locality#6/total}/depthpool/distributedSteals,143,182.437417,[s],0
/workstealing{locality#7/total}/depthpool/distributedSteals,143,182.435610,[s],1
/workstealing{locality#0/total}/depthpool/distributedSteals,144,183.653523,[s],0
/workstealing{locality#1/total}/depthpool/distributedSteals,144,183.689384,[s],0
/workstealing{locality#2/total}/depthpool/distributedSteals,144,183.693422,[s],0
/workstealing{locality#3/total}/depthpool/distributedSteals,144,183.693373,[s],2
/workstealing{locality#4/total}/depthpool/distributedSteals,144,183.693411,[s],0
/workstealing{locality#5/total}/depthpool/distributedSteals,144,183.699624,[s],0
/workstealing{locality#6/total}/depthpool/distributedSteals,144,183.689422,[s],0
/workstealing{locality#7/total}/depthpool/distributedSteals,144,183.683676,[s],1
/workstealing{locality#0/total}/depthpool/distributedSteals,145,184.921539,[s],0
/workstealing{locality#1/total}/depthpool/distributedSteals,145,184.945385,[s],0
/workstealing{locality#2/total}/depthpool/distributedSteals,145,184.921571,[s],0
/workstealing{locality#3/total}/depthpool/distributedSteals,145,184.921539,[s],2
/workstealing{locality#4/total}/depthpool/distributedSteals,145,184.925412,[s],0
/workstealing{locality#5/total}/depthpool/distributedSteals,145,184.935622,[s],0
/workstealing{locality#6/total}/depthpool/distributedSteals,145,184.937416,[s],0
/workstealing{locality#7/total}/depthpool/distributedSteals,145,184.923630,[s],1
/workstealing{locality#0/total}/depthpool/distributedSteals,146,186.033531,[s],0
/workstealing{locality#1/total}/depthpool/distributedSteals,146,186.253392,[s],0
/workstealing{locality#2/total}/depthpool/distributedSteals,146,186.261421,[s],0
/workstealing{locality#3/total}/depthpool/distributedSteals,146,186.261385,[s],2
/workstealing{locality#4/total}/depthpool/distributedSteals,146,186.233471,[s],0
/workstealing{locality#5/total}/depthpool/distributedSteals,146,186.235612,[s],0
/workstealing{locality#6/total}/depthpool/distributedSteals,146,186.258038,[s],0
/workstealing{locality#7/total}/depthpool/distributedSteals,146,186.255625,[s],1
/workstealing{locality#0/total}/depthpool/distributedSteals,147,187.413613,[s],0
/workstealing{locality#1/total}/depthpool/distributedSteals,147,187.413544,[s],0
/workstealing{locality#2/total}/depthpool/distributedSteals,147,187.437418,[s],0
/workstealing{locality#3/total}/depthpool/distributedSteals,147,187.417389,[s],2
/workstealing{locality#4/total}/depthpool/distributedSteals,147,187.441415,[s],0
/workstealing{locality#5/total}/depthpool/distributedSteals,147,187.427626,[s],0
/workstealing{locality#6/total}/depthpool/distributedSteals,147,187.433419,[s],0
/workstealing{locality#7/total}/depthpool/distributedSteals,147,187.415624,[s],1
/workstealing{locality#0/total}/depthpool/distributedSteals,148,188.589445,[s],0
/workstealing{locality#1/total}/depthpool/distributedSteals,148,188.613392,[s],0
/workstealing{locality#2/total}/depthpool/distributedSteals,148,188.613418,[s],0
/workstealing{locality#3/total}/depthpool/distributedSteals,148,188.605389,[s],2
/workstealing{locality#4/total}/depthpool/distributedSteals,148,188.589496,[s],0
/workstealing{locality#5/total}/depthpool/distributedSteals,148,188.615610,[s],0
/workstealing{locality#6/total}/depthpool/distributedSteals,148,188.601418,[s],0
/workstealing{locality#7/total}/depthpool/distributedSteals,148,188.587728,[s],1
/workstealing{locality#0/total}/depthpool/distributedSteals,149,189.677535,[s],0
/workstealing{locality#1/total}/depthpool/distributedSteals,149,189.689393,[s],0
/workstealing{locality#2/total}/depthpool/distributedSteals,149,189.677568,[s],0
/workstealing{locality#3/total}/depthpool/distributedSteals,149,189.693389,[s],2
/workstealing{locality#4/total}/depthpool/distributedSteals,149,189.701413,[s],0
/workstealing{locality#5/total}/depthpool/distributedSteals,149,189.679623,[s],0
/workstealing{locality#6/total}/depthpool/distributedSteals,149,189.693404,[s],0
/workstealing{locality#7/total}/depthpool/distributedSteals,149,189.675825,[s],1
/workstealing{locality#0/total}/depthpool/distributedSteals,150,190.881519,[s],0
/workstealing{locality#1/total}/depthpool/distributedSteals,150,190.881508,[s],0
/workstealing{locality#2/total}/depthpool/distributedSteals,150,190.901424,[s],0
/workstealing{locality#3/total}/depthpool/distributedSteals,150,190.909386,[s],2
/workstealing{locality#4/total}/depthpool/distributedSteals,150,190.909411,[s],0
/workstealing{locality#5/total}/depthpool/distributedSteals,150,190.907624,[s],0
/workstealing{locality#6/total}/depthpool/distributedSteals,150,190.887577,[s],0
/workstealing{locality#7/total}/depthpool/distributedSteals,150,190.903624,[s],1
/workstealing{locality#0/total}/depthpool/distributedSteals,151,192.005540,[s],0
/workstealing{locality#1/total}/depthpool/distributedSteals,151,192.005534,[s],0
/workstealing{locality#2/total}/depthpool/distributedSteals,151,192.005568,[s],0
/workstealing{locality#3/total}/depthpool/distributedSteals,151,192.005546,[s],2
/workstealing{locality#4/total}/depthpool/distributedSteals,151,192.029414,[s],0
/workstealing{locality#5/total}/depthpool/distributedSteals,151,192.012149,[s],0
/workstealing{locality#6/total}/depthpool/distributedSteals,151,192.009407,[s],0
/workstealing{locality#7/total}/depthpool/distributedSteals,151,192.011624,[s],1
/workstealing{locality#0/total}/depthpool/distributedSteals,152,193.281522,[s],0
/workstealing{locality#1/total}/depthpool/distributedSteals,152,193.313434,[s],0
/workstealing{locality#2/total}/depthpool/distributedSteals,152,193.325420,[s],0
/workstealing{locality#3/total}/depthpool/distributedSteals,152,193.321382,[s],2
/workstealing{locality#4/total}/depthpool/distributedSteals,152,193.313457,[s],0
/workstealing{locality#5/total}/depthpool/distributedSteals,152,193.315622,[s],0
/workstealing{locality#6/total}/depthpool/distributedSteals,152,193.321423,[s],0
/workstealing{locality#7/total}/depthpool/distributedSteals,152,193.311693,[s],1
/workstealing{locality#0/total}/depthpool/distributedSteals,153,194.549530,[s],0
/workstealing{locality#1/total}/depthpool/distributedSteals,153,194.565385,[s],0
/workstealing{locality#2/total}/depthpool/distributedSteals,153,194.561423,[s],0
/workstealing{locality#3/total}/depthpool/distributedSteals,153,194.565385,[s],2
/workstealing{locality#4/total}/depthpool/distributedSteals,153,194.569418,[s],0
/workstealing{locality#5/total}/depthpool/distributedSteals,153,194.547785,[s],0
/workstealing{locality#6/total}/depthpool/distributedSteals,153,194.569417,[s],0
/workstealing{locality#7/total}/depthpool/distributedSteals,153,194.559619,[s],1
/workstealing{locality#0/total}/depthpool/distributedSteals,154,195.797535,[s],0
/workstealing{locality#1/total}/depthpool/distributedSteals,154,195.877384,[s],0
/workstealing{locality#2/total}/depthpool/distributedSteals,154,195.877420,[s],0
/workstealing{locality#3/total}/depthpool/distributedSteals,154,195.861391,[s],2
/workstealing{locality#4/total}/depthpool/distributedSteals,154,195.853448,[s],0
/workstealing{locality#5/total}/depthpool/distributedSteals,154,195.875621,[s],0
/workstealing{locality#6/total}/depthpool/distributedSteals,154,195.857423,[s],0
/workstealing{locality#7/total}/depthpool/distributedSteals,154,195.871628,[s],1
/workstealing{locality#0/total}/depthpool/distributedSteals,155,197.169546,[s],0
/workstealing{locality#1/total}/depthpool/distributedSteals,155,197.209410,[s],0
/workstealing{locality#2/total}/depthpool/distributedSteals,155,197.229433,[s],0
/workstealing{locality#3/total}/depthpool/distributedSteals,155,197.201414,[s],2
/workstealing{locality#4/total}/depthpool/distributedSteals,155,197.225413,[s],0
/workstealing{locality#5/total}/depthpool/distributedSteals,155,197.203621,[s],0
/workstealing{locality#6/total}/depthpool/distributedSteals,155,197.221417,[s],0
/workstealing{locality#7/total}/depthpool/distributedSteals,155,197.223623,[s],1
/workstealing{locality#0/total}/depthpool/distributedSteals,156,198.393533,[s],0
/workstealing{locality#1/total}/depthpool/distributedSteals,156,198.545393,[s],0
/workstealing{locality#2/total}/depthpool/distributedSteals,156,198.529423,[s],0
/workstealing{locality#3/total}/depthpool/distributedSteals,156,198.537386,[s],2
/workstealing{locality#4/total}/depthpool/distributedSteals,156,198.537412,[s],0
/workstealing{locality#5/total}/depthpool/distributedSteals,156,198.535631,[s],0
/workstealing{locality#6/total}/depthpool/distributedSteals,156,198.529422,[s],0
/workstealing{locality#7/total}/depthpool/distributedSteals,156,198.535669,[s],1
/workstealing{locality#0/total}/depthpool/distributedSteals,157,199.673529,[s],0
/workstealing{locality#1/total}/depthpool/distributedSteals,157,199.709385,[s],0
/workstealing{locality#2/total}/depthpool/distributedSteals,157,199.717425,[s],0
/workstealing{locality#3/total}/depthpool/distributedSteals,157,199.721386,[s],2
/workstealing{locality#4/total}/depthpool/distributedSteals,157,199.717423,[s],0
/workstealing{locality#5/total}/depthpool/distributedSteals,157,199.711623,[s],0
/workstealing{locality#6/total}/depthpool/distributedSteals,157,199.709418,[s],0
/workstealing{locality#7/total}/depthpool/distributedSteals,157,199.715622,[s],1
/workstealing{locality#0/total}/depthpool/distributedSteals,158,200.849527,[s],0
/workstealing{locality#1/total}/depthpool/distributedSteals,158,200.925385,[s],0
/workstealing{locality#2/total}/depthpool/distributedSteals,158,200.921421,[s],0
/workstealing{locality#3/total}/depthpool/distributedSteals,158,200.929383,[s],2
/workstealing{locality#4/total}/depthpool/distributedSteals,158,200.917418,[s],0
/workstealing{locality#5/total}/depthpool/distributedSteals,158,200.919623,[s],0
/workstealing{locality#6/total}/depthpool/distributedSteals,158,200.913465,[s],0
/workstealing{locality#7/total}/depthpool/distributedSteals,158,200.915611,[s],1
/workstealing{locality#0/total}/depthpool/distributedSteals,159,201.993444,[s],0
/workstealing{locality#1/total}/depthpool/distributedSteals,159,201.997390,[s],0
/workstealing{locality#2/total}/depthpool/distributedSteals,159,201.993471,[s],0
/workstealing{locality#3/total}/depthpool/distributedSteals,159,201.993437,[s],2
/workstealing{locality#4/total}/depthpool/distributedSteals,159,201.997414,[s],0
/workstealing{locality#5/total}/depthpool/distributedSteals,159,201.999611,[s],0
/workstealing{locality#6/total}/depthpool/distributedSteals,159,202.017421,[s],0
/workstealing{locality#7/total}/depthpool/distributedSteals,159,202.011622,[s],1
/workstealing{locality#0/total}/depthpool/distributedSteals,160,203.061541,[s],0
/workstealing{locality#1/total}/depthpool/distributedSteals,160,203.093762,[s],0
/workstealing{locality#2/total}/depthpool/distributedSteals,160,203.101417,[s],0
/workstealing{locality#3/total}/depthpool/distributedSteals,160,203.093422,[s],2
/workstealing{locality#4/total}/depthpool/distributedSteals,160,203.113431,[s],0
/workstealing{locality#5/total}/depthpool/distributedSteals,160,203.091664,[s],0
/workstealing{locality#6/total}/depthpool/distributedSteals,160,203.105418,[s],0
/workstealing{locality#7/total}/depthpool/distributedSteals,160,203.111625,[s],1
/workstealing{locality#0/total}/depthpool/distributedSteals,161,204.197418,[s],0
/workstealing{locality#1/total}/depthpool/distributedSteals,161,204.221416,[s],0
/workstealing{locality#2/total}/depthpool/distributedSteals,161,204.221456,[s],0
/workstealing{locality#3/total}/depthpool/distributedSteals,161,204.225419,[s],2
/workstealing{locality#4/total}/depthpool/distributedSteals,161,204.237416,[s],0
/workstealing{locality#5/total}/depthpool/distributedSteals,161,204.243623,[s],0
/workstealing{locality#6/total}/depthpool/distributedSteals,161,204.221503,[s],0
/workstealing{locality#7/total}/depthpool/distributedSteals,161,204.239611,[s],1
/workstealing{locality#0/total}/depthpool/distributedSteals,162,205.397415,[s],0
/workstealing{locality#1/total}/depthpool/distributedSteals,162,205.521388,[s],0
/workstealing{locality#2/total}/depthpool/distributedSteals,162,205.525426,[s],0
/workstealing{locality#3/total}/depthpool/distributedSteals,162,205.521384,[s],2
/workstealing{locality#4/total}/depthpool/distributedSteals,162,205.505412,[s],0
/workstealing{locality#5/total}/depthpool/distributedSteals,162,205.499621,[s],0
/workstealing{locality#6/total}/depthpool/distributedSteals,162,205.517417,[s],0
/workstealing{locality#7/total}/depthpool/distributedSteals,162,205.495699,[s],1
/workstealing{locality#0/total}/depthpool/distributedSteals,163,206.597417,[s],0
/workstealing{locality#1/total}/depthpool/distributedSteals,163,206.653395,[s],0
/workstealing{locality#2/total}/depthpool/distributedSteals,163,206.649425,[s],0
/workstealing{locality#3/total}/depthpool/distributedSteals,163,206.657390,[s],2
/workstealing{locality#4/total}/depthpool/distributedSteals,163,206.637417,[s],0
/workstealing{locality#5/total}/depthpool/distributedSteals,163,206.627769,[s],0
/workstealing{locality#6/total}/depthpool/distributedSteals,163,206.645418,[s],0
/workstealing{locality#7/total}/depthpool/distributedSteals,163,206.635621,[s],1
/workstealing{locality#0/total}/depthpool/distributedSteals,164,207.825444,[s],0
/workstealing{locality#1/total}/depthpool/distributedSteals,164,207.853392,[s],0
/workstealing{locality#2/total}/depthpool/distributedSteals,164,207.825485,[s],0
/workstealing{locality#3/total}/depthpool/distributedSteals,164,207.829371,[s],2
/workstealing{locality#4/total}/depthpool/distributedSteals,164,207.849414,[s],0
/workstealing{locality#5/total}/depthpool/distributedSteals,164,207.831623,[s],0
/workstealing{locality#6/total}/depthpool/distributedSteals,164,207.825504,[s],0
/workstealing{locality#7/total}/depthpool/distributedSteals,164,207.843622,[s],1
/workstealing{locality#0/total}/depthpool/distributedSteals,165,209.017559,[s],0
/workstealing{locality#1/total}/depthpool/distributedSteals,165,209.149389,[s],0
/workstealing{locality#2/total}/depthpool/distributedSteals,165,209.157425,[s],0
/workstealing{locality#3/total}/depthpool/distributedSteals,165,209.169390,[s],2
/workstealing{locality#4/total}/depthpool/distributedSteals,165,209.157419,[s],0
/workstealing{locality#5/total}/depthpool/distributedSteals,165,209.143668,[s],0
/workstealing{locality#6/total}/depthpool/distributedSteals,165,209.161422,[s],0
/workstealing{locality#7/total}/depthpool/distributedSteals,165,209.159622,[s],1
/workstealing{locality#0/total}/depthpool/distributedSteals,166,210.405531,[s],0
/workstealing{locality#1/total}/depthpool/distributedSteals,166,210.425388,[s],0
/workstealing{locality#2/total}/depthpool/distributedSteals,166,210.425422,[s],0
/workstealing{locality#3/total}/depthpool/distributedSteals,166,210.409386,[s],2
/workstealing{locality#4/total}/depthpool/distributedSteals,166,210.417414,[s],0
/workstealing{locality#5/total}/depthpool/distributedSteals,166,210.411620,[s],0
/workstealing{locality#6/total}/depthpool/distributedSteals,166,210.417422,[s],0
/workstealing{locality#7/total}/depthpool/distributedSteals,166,210.423627,[s],1
/workstealing{locality#0/total}/depthpool/distributedSteals,167,211.737520,[s],0
/workstealing{locality#1/total}/depthpool/distributedSteals,167,211.745416,[s],0
/workstealing{locality#2/total}/depthpool/distributedSteals,167,211.761417,[s],0
/workstealing{locality#3/total}/depthpool/distributedSteals,167,211.749397,[s],2
/workstealing{locality#4/total}/depthpool/distributedSteals,167,211.761420,[s],0
/workstealing{locality#5/total}/depthpool/distributedSteals,167,211.763654,[s],0
/workstealing{locality#6/total}/depthpool/distributedSteals,167,211.737580,[s],0
/workstealing{locality#7/total}/depthpool/distributedSteals,167,211.755627,[s],1
/workstealing{locality#0/total}/depthpool/distributedSteals,168,213.001532,[s],0
/workstealing{locality#1/total}/depthpool/distributedSteals,168,213.001536,[s],0
/workstealing{locality#2/total}/depthpool/distributedSteals,168,213.029421,[s],0
/workstealing{locality#3/total}/depthpool/distributedSteals,168,213.029382,[s],2
/workstealing{locality#4/total}/depthpool/distributedSteals,168,213.005411,[s],0
/workstealing{locality#5/total}/depthpool/distributedSteals,168,213.007626,[s],0
/workstealing{locality#6/total}/depthpool/distributedSteals,168,213.013418,[s],0
/workstealing{locality#7/total}/depthpool/distributedSteals,168,213.003624,[s],1
/workstealing{locality#0/total}/depthpool/distributedSteals,169,214.221533,[s],0
/workstealing{locality#1/total}/depthpool/distributedSteals,169,214.369386,[s],0
/workstealing{locality#2/total}/depthpool/distributedSteals,169,214.377425,[s],0
/workstealing{locality#3/total}/depthpool/distributedSteals,169,214.349423,[s],2
/workstealing{locality#4/total}/depthpool/distributedSteals,169,214.369414,[s],0
/workstealing{locality#5/total}/depthpool/distributedSteals,169,214.375628,[s],0
/workstealing{locality#6/total}/depthpool/distributedSteals,169,214.353407,[s],0
/workstealing{locality#7/total}/depthpool/distributedSteals,169,214.347701,[s],1
/workstealing{locality#0/total}/depthpool/distributedSteals,170,215.445545,[s],0
/workstealing{locality#1/total}/depthpool/distributedSteals,170,215.529388,[s],0
/workstealing{locality#2/total}/depthpool/distributedSteals,170,215.513434,[s],0
/workstealing{locality#3/total}/depthpool/distributedSteals,170,215.525388,[s],2
/workstealing{locality#4/total}/depthpool/distributedSteals,170,215.533416,[s],0
/workstealing{locality#5/total}/depthpool/distributedSteals,170,215.523621,[s],0
/workstealing{locality#6/total}/depthpool/distributedSteals,170,215.537405,[s],0
/workstealing{locality#7/total}/depthpool/distributedSteals,170,215.511611,[s],1
/workstealing{locality#0/total}/depthpool/distributedSteals,171,216.669564,[s],0
/workstealing{locality#1/total}/depthpool/distributedSteals,171,216.693393,[s],0
/workstealing{locality#2/total}/depthpool/distributedSteals,171,216.689425,[s],0
/workstealing{locality#3/total}/depthpool/distributedSteals,171,216.693383,[s],2
/workstealing{locality#4/total}/depthpool/distributedSteals,171,216.673410,[s],0
/workstealing{locality#5/total}/depthpool/distributedSteals,171,216.683622,[s],0
/workstealing{locality#6/total}/depthpool/distributedSteals,171,216.689420,[s],0
/workstealing{locality#7/total}/depthpool/distributedSteals,171,216.687624,[s],1
/workstealing{locality#0/total}/depthpool/distributedSteals,172,217.813535,[s],0
/workstealing{locality#1/total}/depthpool/distributedSteals,172,217.901385,[s],0
/workstealing{locality#2/total}/depthpool/distributedSteals,172,217.881417,[s],0
/workstealing{locality#3/total}/depthpool/distributedSteals,172,217.889383,[s],2
/workstealing{locality#4/total}/depthpool/distributedSteals,172,217.913400,[s],0
/workstealing{locality#5/total}/depthpool/distributedSteals,172,217.903612,[s],0
/workstealing{locality#6/total}/depthpool/distributedSteals,172,217.877488,[s],0
/workstealing{locality#7/total}/depthpool/distributedSteals,172,217.883628,[s],1
/workstealing{locality#0/total}/depthpool/distributedSteals,173,219.025579,[s],0
/workstealing{locality#1/total}/depthpool/distributedSteals,173,219.177393,[s],0
/workstealing{locality#2/total}/depthpool/distributedSteals,173,219.189419,[s],0
/workstealing{locality#3/total}/depthpool/distributedSteals,173,219.189384,[s],2
/workstealing{locality#4/total}/depthpool/distributedSteals,173,219.169414,[s],0
/workstealing{locality#5/total}/depthpool/distributedSteals,173,219.163624,[s],0
/workstealing{locality#6/total}/depthpool/distributedSteals,173,219.181406,[s],0
/workstealing{locality#7/total}/depthpool/distributedSteals,173,219.159694,[s],1
/workstealing{locality#0/total}/depthpool/distributedSteals,174,220.337526,[s],0
/workstealing{locality#1/total}/depthpool/distributedSteals,174,220.369399,[s],0
/workstealing{locality#2/total}/depthpool/distributedSteals,174,220.373421,[s],0
/workstealing{locality#3/total}/depthpool/distributedSteals,174,220.389383,[s],2
/workstealing{locality#4/total}/depthpool/distributedSteals,174,220.377414,[s],0
/workstealing{locality#5/total}/depthpool/distributedSteals,174,220.367685,[s],0
/workstealing{locality#6/total}/depthpool/distributedSteals,174,220.381406,[s],0
/workstealing{locality#7/total}/depthpool/distributedSteals,174,220.387625,[s],1
/workstealing{locality#0/total}/depthpool/distributedSteals,175,221.569447,[s],0
/workstealing{locality#1/total}/depthpool/distributedSteals,175,221.741385,[s],0
/workstealing{locality#2/total}/depthpool/distributedSteals,175,221.741420,[s],0
/workstealing{locality#3/total}/depthpool/distributedSteals,175,221.741383,[s],2
/workstealing{locality#4/total}/depthpool/distributedSteals,175,221.737411,[s],0
/workstealing{locality#5/total}/depthpool/distributedSteals,175,221.723663,[s],0
/workstealing{locality#6/total}/depthpool/distributedSteals,175,221.729417,[s],0
/workstealing{locality#7/total}/depthpool/distributedSteals,175,221.727610,[s],1
/workstealing{locality#0/total}/depthpool/distributedSteals,176,223.065552,[s],0
/workstealing{locality#1/total}/depthpool/distributedSteals,176,223.065542,[s],0
/workstealing{locality#2/total}/depthpool/distributedSteals,176,223.093423,[s],0
/workstealing{locality#3/total}/depthpool/distributedSteals,176,223.089385,[s],2
/workstealing{locality#4/total}/depthpool/distributedSteals,176,223.073414,[s],0
/workstealing{locality#5/total}/depthpool/distributedSteals,176,223.083628,[s],0
/workstealing{locality#6/total}/depthpool/distributedSteals,176,223.069416,[s],0
/workstealing{locality#7/total}/depthpool/distributedSteals,176,223.091623,[s],1
/workstealing{locality#0/total}/depthpool/distributedSteals,177,224.237551,[s],0
/workstealing{locality#1/total}/depthpool/distributedSteals,177,224.285382,[s],0
/workstealing{locality#2/total}/depthpool/distributedSteals,177,224.277428,[s],0
/workstealing{locality#3/total}/depthpool/distributedSteals,177,224.289385,[s],2
/workstealing{locality#4/total}/depthpool/distributedSteals,177,224.269461,[s],0
/workstealing{locality#5/total}/depthpool/distributedSteals,177,224.295628,[s],0
/workstealing{locality#6/total}/depthpool/distributedSteals,177,224.289420,[s],0
/workstealing{locality#7/total}/depthpool/distributedSteals,177,224.299625,[s],1
/workstealing{locality#0/total}/depthpool/distributedSteals,178,225.553533,[s],0
/workstealing{locality#1/total}/depthpool/distributedSteals,178,225.601384,[s],0
/workstealing{locality#2/total}/depthpool/distributedSteals,178,225.593450,[s],0
/workstealing{locality#3/total}/depthpool/distributedSteals,178,225.617385,[s],2
/workstealing{locality#4/total}/depthpool/distributedSteals,178,225.609417,[s],0
/workstealing{locality#5/total}/depthpool/distributedSteals,178,225.591688,[s],0
/workstealing{locality#6/total}/depthpool/distributedSteals,178,225.613419,[s],0
/workstealing{locality#7/total}/depthpool/distributedSteals,178,225.607632,[s],1
/workstealing{locality#0/total}/depthpool/distributedSteals,179,226.809532,[s],0
/workstealing{locality#1/total}/depthpool/distributedSteals,179,226.829386,[s],0
/workstealing{locality#2/total}/depthpool/distributedSteals,179,226.829422,[s],0
/workstealing{locality#3/total}/depthpool/distributedSteals,179,226.837390,[s],2
/workstealing{locality#4/total}/depthpool/distributedSteals,179,226.809578,[s],0
/workstealing{locality#5/total}/depthpool/distributedSteals,179,226.815620,[s],0
/workstealing{locality#6/total}/depthpool/distributedSteals,179,226.821437,[s],0
/workstealing{locality#7/total}/depthpool/distributedSteals,179,226.811622,[s],1
/workstealing{locality#0/total}/depthpool/distributedSteals,180,228.165416,[s],0
/workstealing{locality#1/total}/depthpool/distributedSteals,180,228.197379,[s],0
/workstealing{locality#2/total}/depthpool/distributedSteals,180,228.225410,[s],0
/workstealing{locality#3/total}/depthpool/distributedSteals,180,228.221389,[s],2
/workstealing{locality#4/total}/depthpool/distributedSteals,180,228.213416,[s],0
/workstealing{locality#5/total}/depthpool/distributedSteals,180,228.191675,[s],0
/workstealing{locality#6/total}/depthpool/distributedSteals,180,228.205420,[s],0
/workstealing{locality#7/total}/depthpool/distributedSteals,180,228.215621,[s],1
/workstealing{locality#0/total}/depthpool/distributedSteals,181,229.469590,[s],0
/workstealing{locality#1/total}/depthpool/distributedSteals,181,229.469514,[s],0
/workstealing{locality#2/total}/depthpool/distributedSteals,181,229.477419,[s],0
/workstealing{locality#3/total}/depthpool/distributedSteals,181,229.485388,[s],2
/workstealing{locality#4/total}/depthpool/distributedSteals,181,229.477415,[s],0
/workstealing{locality#5/total}/depthpool/distributedSteals,181,229.471613,[s],0
/workstealing{locality#6/total}/depthpool/distributedSteals,181,229.489423,[s],0
/workstealing{locality#7/total}/depthpool/distributedSteals,181,229.491623,[s],1
/workstealing{locality#0/total}/depthpool/distributedSteals,182,230.685520,[s],0
/workstealing{locality#1/total}/depthpool/distributedSteals,182,230.965374,[s],0
/workstealing{locality#2/total}/depthpool/distributedSteals,182,230.965418,[s],0
/workstealing{locality#3/total}/depthpool/distributedSteals,182,230.961373,[s],2
/workstealing{locality#4/total}/depthpool/distributedSteals,182,230.953452,[s],0
/workstealing{locality#5/total}/depthpool/distributedSteals,182,230.955623,[s],0
/workstealing{locality#6/total}/depthpool/distributedSteals,182,230.953462,[s],0
/workstealing{locality#7/total}/depthpool/distributedSteals,182,230.967624,[s],1
/workstealing{locality#0/total}/depthpool/distributedSteals,183,232.109536,[s],0
/workstealing{locality#1/total}/depthpool/distributedSteals,183,232.137398,[s],0
/workstealing{locality#2/total}/depthpool/distributedSteals,183,232.165418,[s],0
/workstealing{locality#3/total}/depthpool/distributedSteals,183,232.161385,[s],2
/workstealing{locality#4/total}/depthpool/distributedSteals,183,232.137466,[s],0
/workstealing{locality#5/total}/depthpool/distributedSteals,183,232.151626,[s],0
/workstealing{locality#6/total}/depthpool/distributedSteals,183,232.157420,[s],0
/workstealing{locality#7/total}/depthpool/distributedSteals,183,232.163630,[s],1
/workstealing{locality#0/total}/depthpool/distributedSteals,184,233.273524,[s],0
/workstealing{locality#1/total}/depthpool/distributedSteals,184,233.333409,[s],0
/workstealing{locality#2/total}/depthpool/distributedSteals,184,233.349424,[s],0
/workstealing{locality#3/total}/depthpool/distributedSteals,184,233.337394,[s],2
/workstealing{locality#4/total}/depthpool/distributedSteals,184,233.357421,[s],0
/workstealing{locality#5/total}/depthpool/distributedSteals,184,233.331698,[s],0
/workstealing{locality#6/total}/depthpool/distributedSteals,184,233.349420,[s],0
/workstealing{locality#7/total}/depthpool/distributedSteals,184,233.335631,[s],1
/workstealing{locality#0/total}/depthpool/distributedSteals,185,234.517516,[s],0
/workstealing{locality#1/total}/depthpool/distributedSteals,185,234.537383,[s],0
/workstealing{locality#2/total}/depthpool/distributedSteals,185,234.517789,[s],0
/workstealing{locality#3/total}/depthpool/distributedSteals,185,234.549370,[s],2
/workstealing{locality#4/total}/depthpool/distributedSteals,185,234.521413,[s],0
/workstealing{locality#5/total}/depthpool/distributedSteals,185,234.515798,[s],0
/workstealing{locality#6/total}/depthpool/distributedSteals,185,234.517610,[s],0
/workstealing{locality#7/total}/depthpool/distributedSteals,185,234.543639,[s],1
/workstealing{locality#0/total}/depthpool/distributedSteals,186,235.585511,[s],0
/workstealing{locality#1/total}/depthpool/distributedSteals,186,235.601387,[s],0
/workstealing{locality#2/total}/depthpool/distributedSteals,186,235.585474,[s],0
/workstealing{locality#3/total}/depthpool/distributedSteals,186,235.589385,[s],2
/workstealing{locality#4/total}/depthpool/distributedSteals,186,235.589414,[s],0
/workstealing{locality#5/total}/depthpool/distributedSteals,186,235.587623,[s],0
/workstealing{locality#6/total}/depthpool/distributedSteals,186,235.585500,[s],0
/workstealing{locality#7/total}/depthpool/distributedSteals,186,235.599622,[s],1
/workstealing{locality#0/total}/depthpool/distributedSteals,187,236.769524,[s],0
/workstealing{locality#1/total}/depthpool/distributedSteals,187,236.785382,[s],0
/workstealing{locality#2/total}/depthpool/distributedSteals,187,236.773422,[s],0
/workstealing{locality#3/total}/depthpool/distributedSteals,187,236.769524,[s],2
/workstealing{locality#4/total}/depthpool/distributedSteals,187,236.785415,[s],0
/workstealing{locality#5/total}/depthpool/distributedSteals,187,236.783627,[s],0
/workstealing{locality#6/total}/depthpool/distributedSteals,187,236.797407,[s],0
/workstealing{locality#7/total}/depthpool/distributedSteals,187,236.795628,[s],1
/workstealing{locality#0/total}/depthpool/distributedSteals,188,238.023184,[s],0
/workstealing{locality#1/total}/depthpool/distributedSteals,188,238.033386,[s],0
/workstealing{locality#2/total}/depthpool/distributedSteals,188,238.049418,[s],0
/workstealing{locality#3/total}/depthpool/distributedSteals,188,238.025410,[s],2
/workstealing{locality#4/total}/depthpool/distributedSteals,188,238.045411,[s],0
/workstealing{locality#5/total}/depthpool/distributedSteals,188,238.027622,[s],0
/workstealing{locality#6/total}/depthpool/distributedSteals,188,238.029420,[s],0
/workstealing{locality#7/total}/depthpool/distributedSteals,188,238.051628,[s],1
/workstealing{locality#0/total}/depthpool/distributedSteals,189,239.265599,[s],0
/workstealing{locality#1/total}/depthpool/distributedSteals,189,239.297372,[s],0
/workstealing{locality#2/total}/depthpool/distributedSteals,189,239.285421,[s],0
/workstealing{locality#3/total}/depthpool/distributedSteals,189,239.289386,[s],2
/workstealing{locality#4/total}/depthpool/distributedSteals,189,239.273413,[s],0
/workstealing{locality#5/total}/depthpool/distributedSteals,189,239.267611,[s],0
/workstealing{locality#6/total}/depthpool/distributedSteals,189,239.281419,[s],0
/workstealing{locality#7/total}/depthpool/distributedSteals,189,239.279622,[s],1
/workstealing{locality#0/total}/depthpool/distributedSteals,190,240.517532,[s],0
/workstealing{locality#1/total}/depthpool/distributedSteals,190,240.565385,[s],0
/workstealing{locality#2/total}/depthpool/distributedSteals,190,240.569406,[s],0
/workstealing{locality#3/total}/depthpool/distributedSteals,190,240.569392,[s],2
/workstealing{locality#4/total}/depthpool/distributedSteals,190,240.569412,[s],0
/workstealing{locality#5/total}/depthpool/distributedSteals,190,240.555622,[s],0
/workstealing{locality#6/total}/depthpool/distributedSteals,190,240.573417,[s],0
/workstealing{locality#7/total}/depthpool/distributedSteals,190,240.555626,[s],1
/workstealing{locality#0/total}/depthpool/distributedSteals,191,241.721539,[s],0
/workstealing{locality#1/total}/depthpool/distributedSteals,191,241.829373,[s],0
/workstealing{locality#2/total}/depthpool/distributedSteals,191,241.817316,[s],0
/workstealing{locality#3/total}/depthpool/distributedSteals,191,241.841391,[s],2
/workstealing{locality#4/total}/depthpool/distributedSteals,191,241.821414,[s],0
/workstealing{locality#5/total}/depthpool/distributedSteals,191,241.815627,[s],0
/workstealing{locality#6/total}/depthpool/distributedSteals,191,241.829415,[s],0
/workstealing{locality#7/total}/depthpool/distributedSteals,191,241.835628,[s],1
/workstealing{locality#0/total}/depthpool/distributedSteals,192,243.057521,[s],0
/workstealing{locality#1/total}/depthpool/distributedSteals,192,243.089397,[s],0
/workstealing{locality#2/total}/depthpool/distributedSteals,192,243.101411,[s],0
/workstealing{locality#3/total}/depthpool/distributedSteals,192,243.089411,[s],2
/workstealing{locality#4/total}/depthpool/distributedSteals,192,243.117419,[s],0
/workstealing{locality#5/total}/depthpool/distributedSteals,192,243.087672,[s],0
/workstealing{locality#6/total}/depthpool/distributedSteals,192,243.117418,[s],0
/workstealing{locality#7/total}/depthpool/distributedSteals,192,243.099625,[s],1
/workstealing{locality#0/total}/depthpool/distributedSteals,193,244.309527,[s],0
/workstealing{locality#1/total}/depthpool/distributedSteals,193,244.425390,[s],0
/workstealing{locality#2/total}/depthpool/distributedSteals,193,244.425426,[s],0
/workstealing{locality#3/total}/depthpool/distributedSteals,193,244.409371,[s],2
/workstealing{locality#4/total}/depthpool/distributedSteals,193,244.413416,[s],0
/workstealing{locality#5/total}/depthpool/distributedSteals,193,244.427622,[s],0
/workstealing{locality#6/total}/depthpool/distributedSteals,193,244.409404,[s],0
/workstealing{locality#7/total}/depthpool/distributedSteals,193,244.403714,[s],1
/workstealing{locality#0/total}/depthpool/distributedSteals,194,245.809450,[s],0
/workstealing{locality#1/total}/depthpool/distributedSteals,194,245.829386,[s],0
/workstealing{locality#2/total}/depthpool/distributedSteals,194,245.825424,[s],0
/workstealing{locality#3/total}/depthpool/distributedSteals,194,245.809452,[s],2
/workstealing{locality#4/total}/depthpool/distributedSteals,194,245.813401,[s],0
/workstealing{locality#5/total}/depthpool/distributedSteals,194,245.827628,[s],0
/workstealing{locality#6/total}/depthpool/distributedSteals,194,245.813421,[s],0
/workstealing{locality#7/total}/depthpool/distributedSteals,194,245.835623,[s],1
/workstealing{locality#0/total}/depthpool/distributedSteals,195,247.141415,[s],0
/workstealing{locality#1/total}/depthpool/distributedSteals,195,247.197384,[s],0
/workstealing{locality#2/total}/depthpool/distributedSteals,195,247.177421,[s],0
/workstealing{locality#3/total}/depthpool/distributedSteals,195,247.173396,[s],2
/workstealing{locality#4/total}/depthpool/distributedSteals,195,247.197409,[s],0
/workstealing{locality#5/total}/depthpool/distributedSteals,195,247.179622,[s],0
/workstealing{locality#6/total}/depthpool/distributedSteals,195,247.185421,[s],0
/workstealing{locality#7/total}/depthpool/distributedSteals,195,247.167681,[s],1
/workstealing{locality#0/total}/depthpool/distributedSteals,196,248.389534,[s],0
/workstealing{locality#1/total}/depthpool/distributedSteals,196,248.513383,[s],0
/workstealing{locality#2/total}/depthpool/distributedSteals,196,248.489421,[s],0
/workstealing{locality#3/total}/depthpool/distributedSteals,196,248.485440,[s],2
/workstealing{locality#4/total}/depthpool/distributedSteals,196,248.509414,[s],0
/workstealing{locality#5/total}/depthpool/distributedSteals,196,248.499624,[s],0
/workstealing{locality#6/total}/depthpool/distributedSteals,196,248.505431,[s],0
/workstealing{locality#7/total}/depthpool/distributedSteals,196,248.483699,[s],1
/workstealing{locality#0/total}/depthpool/distributedSteals,197,249.737532,[s],0
/workstealing{locality#1/total}/depthpool/distributedSteals,197,249.873391,[s],0
/workstealing{locality#2/total}/depthpool/distributedSteals,197,249.881418,[s],0
/workstealing{locality#3/total}/depthpool/distributedSteals,197,249.873388,[s],2
/workstealing{locality#4/total}/depthpool/distributedSteals,197,249.885402,[s],0
/workstealing{locality#5/total}/depthpool/distributedSteals,197,249.867679,[s],0
/workstealing{locality#6/total}/depthpool/distributedSteals,197,249.869482,[s],0
/workstealing{locality#7/total}/depthpool/distributedSteals,197,249.867696,[s],1
/workstealing{locality#0/total}/depthpool/distributedSteals,198,251.141506,[s],0
/workstealing{locality#1/total}/depthpool/distributedSteals,198,251.165388,[s],0
/workstealing{locality#2/total}/depthpool/distributedSteals,198,251.141548,[s],0
/workstealing{locality#3/total}/depthpool/distributedSteals,198,251.145384,[s],2
/workstealing{locality#4/total}/depthpool/distributedSteals,198,251.145413,[s],0
/workstealing{locality#5/total}/depthpool/distributedSteals,198,251.159634,[s],0
/workstealing{locality#6/total}/depthpool/distributedSteals,198,251.145434,[s],0
/workstealing{locality#7/total}/depthpool/distributedSteals,198,251.159624,[s],1
/workstealing{locality#0/total}/depthpool/distributedSteals,199,252.697442,[s],0
/workstealing{locality#1/total}/depthpool/distributedSteals,199,252.697429,[s],0
/workstealing{locality#2/total}/depthpool/distributedSteals,199,252.729410,[s],0
/workstealing{locality#3/total}/depthpool/distributedSteals,199,252.701390,[s],2
/workstealing{locality#4/total}/depthpool/distributedSteals,199,252.705416,[s],0
/workstealing{locality#5/total}/depthpool/distributedSteals,199,252.695704,[s],0
/workstealing{locality#6/total}/depthpool/distributedSteals,199,252.709439,[s],0
/workstealing{locality#7/total}/depthpool/distributedSteals,199,252.699632,[s],1
/workstealing{locality#0/total}/depthpool/distributedSteals,200,253.833540,[s],0
/workstealing{locality#1/total}/depthpool/distributedSteals,200,253.845385,[s],0
/workstealing{locality#2/total}/depthpool/distributedSteals,200,253.837424,[s],0
/workstealing{locality#3/total}/depthpool/distributedSteals,200,253.833544,[s],2
/workstealing{locality#4/total}/depthpool/distributedSteals,200,253.845420,[s],0
/workstealing{locality#5/total}/depthpool/distributedSteals,200,253.831796,[s],0
/workstealing{locality#6/total}/depthpool/distributedSteals,200,253.849421,[s],0
/workstealing{locality#7/total}/depthpool/distributedSteals,200,253.855624,[s],1
/workstealing{locality#0/total}/depthpool/distributedSteals,201,255.053414,[s],0
/workstealing{locality#1/total}/depthpool/distributedSteals,201,255.209385,[s],0
/workstealing{locality#2/total}/depthpool/distributedSteals,201,255.209418,[s],0
/workstealing{locality#3/total}/depthpool/distributedSteals,201,255.213372,[s],2
/workstealing{locality#4/total}/depthpool/distributedSteals,201,255.209413,[s],0
/workstealing{locality#5/total}/depthpool/distributedSteals,201,255.191622,[s],0
/workstealing{locality#6/total}/depthpool/distributedSteals,201,255.193408,[s],0
/workstealing{locality#7/total}/depthpool/distributedSteals,201,255.191624,[s],1
/workstealing{locality#0/total}/depthpool/distributedSteals,202,256.441539,[s],0
/workstealing{locality#1/total}/depthpool/distributedSteals,202,256.453384,[s],0
/workstealing{locality#2/total}/depthpool/distributedSteals,202,256.461427,[s],0
/workstealing{locality#3/total}/depthpool/distributedSteals,202,256.445371,[s],2
/workstealing{locality#4/total}/depthpool/distributedSteals,202,256.465413,[s],0
/workstealing{locality#5/total}/depthpool/distributedSteals,202,256.447622,[s],0
/workstealing{locality#6/total}/depthpool/distributedSteals,202,256.465417,[s],0
/workstealing{locality#7/total}/depthpool/distributedSteals,202,256.455626,[s],1
/workstealing{locality#0/total}/depthpool/distributedSteals,203,257.813452,[s],0
/workstealing{locality#1/total}/depthpool/distributedSteals,203,257.925386,[s],0
/workstealing{locality#2/total}/depthpool/distributedSteals,203,257.917420,[s],0
/workstealing{locality#3/total}/depthpool/distributedSteals,203,257.909432,[s],2
/workstealing{locality#4/total}/depthpool/distributedSteals,203,257.913419,[s],0
/workstealing{locality#5/total}/depthpool/distributedSteals,203,257.931630,[s],0
/workstealing{locality#6/total}/depthpool/distributedSteals,203,257.921418,[s],0
/workstealing{locality#7/total}/depthpool/distributedSteals,203,257.923620,[s],1
/workstealing{locality#0/total}/depthpool/distributedSteals,204,259.077416,[s],0
/workstealing{locality#1/total}/depthpool/distributedSteals,204,259.153384,[s],0
/workstealing{locality#2/total}/depthpool/distributedSteals,204,259.133450,[s],0
/workstealing{locality#3/total}/depthpool/distributedSteals,204,259.161370,[s],2
/workstealing{locality#4/total}/depthpool/distributedSteals,204,259.137400,[s],0
/workstealing{locality#5/total}/depthpool/distributedSteals,204,259.131705,[s],0
/workstealing{locality#6/total}/depthpool/distributedSteals,204,259.145420,[s],0
/workstealing{locality#7/total}/depthpool/distributedSteals,204,259.159625,[s],1
/workstealing{locality#0/total}/depthpool/distributedSteals,205,260.293541,[s],0
/workstealing{locality#1/total}/depthpool/distributedSteals,205,260.349387,[s],0
/workstealing{locality#2/total}/depthpool/distributedSteals,205,260.329408,[s],0
/workstealing{locality#3/total}/depthpool/distributedSteals,205,260.325413,[s],2
/workstealing{locality#4/total}/depthpool/distributedSteals,205,260.325469,[s],0
/workstealing{locality#5/total}/depthpool/distributedSteals,205,260.351623,[s],0
/workstealing{locality#6/total}/depthpool/distributedSteals,205,260.361404,[s],0
/workstealing{locality#7/total}/depthpool/distributedSteals,205,260.335626,[s],1
/workstealing{locality#0/total}/depthpool/distributedSteals,206,261.481415,[s],0
/workstealing{locality#1/total}/depthpool/distributedSteals,206,261.517386,[s],0
/workstealing{locality#2/total}/depthpool/distributedSteals,206,261.529425,[s],0
/workstealing{locality#3/total}/depthpool/distributedSteals,206,261.521390,[s],2
/workstealing{locality#4/total}/depthpool/distributedSteals,206,261.505447,[s],0
/workstealing{locality#5/total}/depthpool/distributedSteals,206,261.507635,[s],0
/workstealing{locality#6/total}/depthpool/distributedSteals,206,261.505478,[s],0
/workstealing{locality#7/total}/depthpool/distributedSteals,206,261.507624,[s],1
/workstealing{locality#0/total}/depthpool/distributedSteals,207,262.625551,[s],0
/workstealing{locality#1/total}/depthpool/distributedSteals,207,262.701373,[s],0
/workstealing{locality#2/total}/depthpool/distributedSteals,207,262.705422,[s],0
/workstealing{locality#3/total}/depthpool/distributedSteals,207,262.693382,[s],2
/workstealing{locality#4/total}/depthpool/distributedSteals,207,262.693419,[s],0
/workstealing{locality#5/total}/depthpool/distributedSteals,207,262.719609,[s],0
/workstealing{locality#6/total}/depthpool/distributedSteals,207,262.701438,[s],0
/workstealing{locality#7/total}/depthpool/distributedSteals,207,262.687682,[s],1
/workstealing{locality#0/total}/depthpool/distributedSteals,208,263.921532,[s],0
/workstealing{locality#1/total}/depthpool/distributedSteals,208,263.989391,[s],0
/workstealing{locality#2/total}/depthpool/distributedSteals,208,264.005428,[s],0
/workstealing{locality#3/total}/depthpool/distributedSteals,208,263.989386,[s],2
/workstealing{locality#4/total}/depthpool/distributedSteals,208,264.001416,[s],0
/workstealing{locality#5/total}/depthpool/distributedSteals,208,263.983671,[s],0
/workstealing{locality#6/total}/depthpool/distributedSteals,208,263.985481,[s],0
/workstealing{locality#7/total}/depthpool/distributedSteals,208,263.983691,[s],1
/workstealing{locality#0/total}/depthpool/distributedSteals,209,265.337440,[s],0
/workstealing{locality#1/total}/depthpool/distributedSteals,209,265.345384,[s],0
/workstealing{locality#2/total}/depthpool/distributedSteals,209,265.337481,[s],0
/workstealing{locality#3/total}/depthpool/distributedSteals,209,265.337454,[s],2
/workstealing{locality#4/total}/depthpool/distributedSteals,209,265.361410,[s],0
/workstealing{locality#5/total}/depthpool/distributedSteals,209,265.347629,[s],0
/workstealing{locality#6/total}/depthpool/distributedSteals,209,265.365418,[s],0
/workstealing{locality#7/total}/depthpool/distributedSteals,209,265.359626,[s],1
/workstealing{locality#0/total}/depthpool/distributedSteals,210,266.473526,[s],0
/workstealing{locality#1/total}/depthpool/distributedSteals,210,266.669396,[s],0
/workstealing{locality#2/total}/depthpool/distributedSteals,210,266.673420,[s],0
/workstealing{locality#3/total}/depthpool/distributedSteals,210,266.649461,[s],2
/workstealing{locality#4/total}/depthpool/distributedSteals,210,266.681402,[s],0
/workstealing{locality#5/total}/depthpool/distributedSteals,210,266.675662,[s],0
/workstealing{locality#6/total}/depthpool/distributedSteals,210,266.653421,[s],0
/workstealing{locality#7/total}/depthpool/distributedSteals,210,266.679610,[s],1
/workstealing{locality#0/total}/depthpool/distributedSteals,211,267.805525,[s],0
/workstealing{locality#1/total}/depthpool/distributedSteals,211,267.821386,[s],0
/workstealing{locality#2/total}/depthpool/distributedSteals,211,267.825420,[s],0
/workstealing{locality#3/total}/depthpool/distributedSteals,211,267.833386,[s],2
/workstealing{locality#4/total}/depthpool/distributedSteals,211,267.817412,[s],0
/workstealing{locality#5/total}/depthpool/distributedSteals,211,267.803795,[s],0
/workstealing{locality#6/total}/depthpool/distributedSteals,211,267.809404,[s],0
/workstealing{locality#7/total}/depthpool/distributedSteals,211,267.823625,[s],1
/workstealing{locality#0/total}/depthpool/distributedSteals,212,269.137445,[s],0
/workstealing{locality#1/total}/depthpool/distributedSteals,212,269.285394,[s],0
/workstealing{locality#2/total}/depthpool/distributedSteals,212,269.273423,[s],0
/workstealing{locality#3/total}/depthpool/distributedSteals,212,269.273373,[s],2
/workstealing{locality#4/total}/depthpool/distributedSteals,212,269.293417,[s],0
/workstealing{locality#5/total}/depthpool/distributedSteals,212,269.275632,[s],0
/workstealing{locality#6/total}/depthpool/distributedSteals,212,269.273427,[s],0
/workstealing{locality#7/total}/depthpool/distributedSteals,212,269.267690,[s],1
/workstealing{locality#0/total}/depthpool/distributedSteals,213,270.573542,[s],0
/workstealing{locality#1/total}/depthpool/distributedSteals,213,270.597388,[s],0
/workstealing{locality#2/total}/depthpool/distributedSteals,213,270.597420,[s],0
/workstealing{locality#3/total}/depthpool/distributedSteals,213,270.585386,[s],2
/workstealing{locality#4/total}/depthpool/distributedSteals,213,270.573592,[s],0
/workstealing{locality#5/total}/depthpool/distributedSteals,213,270.587622,[s],0
/workstealing{locality#6/total}/depthpool/distributedSteals,213,270.573607,[s],0
/workstealing{locality#7/total}/depthpool/distributedSteals,213,270.583635,[s],1
/workstealing{locality#0/total}/depthpool/distributedSteals,214,271.729444,[s],0
/workstealing{locality#1/total}/depthpool/distributedSteals,214,271.761375,[s],0
/workstealing{locality#2/total}/depthpool/distributedSteals,214,271.729476,[s],0
/workstealing{locality#3/total}/depthpool/distributedSteals,214,271.737384,[s],2
/workstealing{locality#4/total}/depthpool/distributedSteals,214,271.741404,[s],0
/workstealing{locality#5/total}/depthpool/distributedSteals,214,271.727710,[s],0
/workstealing{locality#6/total}/depthpool/distributedSteals,214,271.729505,[s],0
/workstealing{locality#7/total}/depthpool/distributedSteals,214,271.727715,[s],1
/workstealing{locality#0/total}/depthpool/distributedSteals,215,272.873538,[s],0
/workstealing{locality#1/total}/depthpool/distributedSteals,215,272.873525,[s],0
/workstealing{locality#2/total}/depthpool/distributedSteals,215,272.889421,[s],0
/workstealing{locality#3/total}/depthpool/distributedSteals,215,272.881383,[s],2
/workstealing{locality#4/total}/depthpool/distributedSteals,215,272.889411,[s],0
/workstealing{locality#5/total}/depthpool/distributedSteals,215,272.871801,[s],0
/workstealing{locality#6/total}/depthpool/distributedSteals,215,272.873600,[s],0
/workstealing{locality#7/total}/depthpool/distributedSteals,215,272.875623,[s],1
/workstealing{locality#0/total}/depthpool/distributedSteals,216,274.057414,[s],0
/workstealing{locality#1/total}/depthpool/distributedSteals,216,274.317389,[s],0
/workstealing{locality#2/total}/depthpool/distributedSteals,216,274.301449,[s],0
/workstealing{locality#3/total}/depthpool/distributedSteals,216,274.321389,[s],2
/workstealing{locality#4/total}/depthpool/distributedSteals,216,274.329399,[s],0
/workstealing{locality#5/total}/depthpool/distributedSteals,216,274.311621,[s],0
/workstealing{locality#6/total}/depthpool/distributedSteals,216,274.321426,[s],0
/workstealing{locality#7/total}/depthpool/distributedSteals,216,274.315625,[s],1
/workstealing{locality#0/total}/depthpool/distributedSteals,217,275.493528,[s],0
/workstealing{locality#1/total}/depthpool/distributedSteals,217,275.561386,[s],0
/workstealing{locality#2/total}/depthpool/distributedSteals,217,275.561420,[s],0
/workstealing{locality#3/total}/depthpool/distributedSteals,217,275.561383,[s],2
/workstealing{locality#4/total}/depthpool/distributedSteals,217,275.581400,[s],0
/workstealing{locality#5/total}/depthpool/distributedSteals,217,275.567624,[s],0
/workstealing{locality#6/total}/depthpool/distributedSteals,217,275.585419,[s],0
/workstealing{locality#7/total}/depthpool/distributedSteals,217,275.555706,[s],1
/workstealing{locality#0/total}/depthpool/distributedSteals,218,276.745523,[s],0
/workstealing{locality#1/total}/depthpool/distributedSteals,218,276.861375,[s],0
/workstealing{locality#2/total}/depthpool/distributedSteals,218,276.849422,[s],0
/workstealing{locality#3/total}/depthpool/distributedSteals,218,276.849389,[s],2
/workstealing{locality#4/total}/depthpool/distributedSteals,218,276.845412,[s],0
/workstealing{locality#5/total}/depthpool/distributedSteals,218,276.867624,[s],0
/workstealing{locality#6/total}/depthpool/distributedSteals,218,276.857419,[s],0
/workstealing{locality#7/total}/depthpool/distributedSteals,218,276.871627,[s],1
/workstealing{locality#0/total}/depthpool/distributedSteals,219,278.077416,[s],0
/workstealing{locality#1/total}/depthpool/distributedSteals,219,278.185400,[s],0
/workstealing{locality#2/total}/depthpool/distributedSteals,219,278.205418,[s],0
/workstealing{locality#3/total}/depthpool/distributedSteals,219,278.189371,[s],2
/workstealing{locality#4/total}/depthpool/distributedSteals,219,278.185482,[s],0
/workstealing{locality#5/total}/depthpool/distributedSteals,219,278.191613,[s],0
/workstealing{locality#6/total}/depthpool/distributedSteals,219,278.185509,[s],0
/workstealing{locality#7/total}/depthpool/distributedSteals,219,278.203625,[s],1
/workstealing{locality#0/total}/depthpool/distributedSteals,220,279.337416,[s],0
/workstealing{locality#1/total}/depthpool/distributedSteals,220,279.393388,[s],0
/workstealing{locality#2/total}/depthpool/distributedSteals,220,279.365438,[s],0
/workstealing{locality#3/total}/depthpool/distributedSteals,220,279.369383,[s],2
/workstealing{locality#4/total}/depthpool/distributedSteals,220,279.365451,[s],0
/workstealing{locality#5/total}/depthpool/distributedSteals,220,279.391627,[s],0
/workstealing{locality#6/total}/depthpool/distributedSteals,220,279.377416,[s],0
/workstealing{locality#7/total}/depthpool/distributedSteals,220,279.379620,[s],1
/workstealing{locality#0/total}/depthpool/distributedSteals,221,280.457541,[s],0
/workstealing{locality#1/total}/depthpool/distributedSteals,221,280.609381,[s],0
/workstealing{locality#2/total}/depthpool/distributedSteals,221,280.589417,[s],0
/workstealing{locality#3/total}/depthpool/distributedSteals,221,280.613382,[s],2
/workstealing{locality#4/total}/depthpool/distributedSteals,221,280.613412,[s],0
/workstealing{locality#5/total}/depthpool/distributedSteals,221,280.608612,[s],0
/workstealing{locality#6/total}/depthpool/distributedSteals,221,280.613405,[s],0
/workstealing{locality#7/total}/depthpool/distributedSteals,221,280.583693,[s],1
/workstealing{locality#0/total}/depthpool/distributedSteals,222,281.813415,[s],0
/workstealing{locality#1/total}/depthpool/distributedSteals,222,281.905396,[s],0
/workstealing{locality#2/total}/depthpool/distributedSteals,222,281.929421,[s],0
/workstealing{locality#3/total}/depthpool/distributedSteals,222,281.905409,[s],2
/workstealing{locality#4/total}/depthpool/distributedSteals,222,281.925416,[s],0
/workstealing{locality#5/total}/depthpool/distributedSteals,222,281.907612,[s],0
/workstealing{locality#6/total}/depthpool/distributedSteals,222,281.925419,[s],0
/workstealing{locality#7/total}/depthpool/distributedSteals,222,281.919630,[s],1
/workstealing{locality#0/total}/depthpool/distributedSteals,223,283.109534,[s],0
/workstealing{locality#1/total}/depthpool/distributedSteals,223,283.317389,[s],0
/workstealing{locality#2/total}/depthpool/distributedSteals,223,283.325424,[s],0
/workstealing{locality#3/total}/depthpool/distributedSteals,223,283.321385,[s],2
/workstealing{locality#4/total}/depthpool/distributedSteals,223,283.329418,[s],0
/workstealing{locality#5/total}/depthpool/distributedSteals,223,283.335623,[s],0
/workstealing{locality#6/total}/depthpool/distributedSteals,223,283.329418,[s],0
/workstealing{locality#7/total}/depthpool/distributedSteals,223,283.311622,[s],1
/workstealing{locality#0/total}/depthpool/distributedSteals,224,284.517596,[s],0
/workstealing{locality#1/total}/depthpool/distributedSteals,224,284.525386,[s],0
/workstealing{locality#2/total}/depthpool/distributedSteals,224,284.545429,[s],0
/workstealing{locality#3/total}/depthpool/distributedSteals,224,284.517532,[s],2
/workstealing{locality#4/total}/depthpool/distributedSteals,224,284.537413,[s],0
/workstealing{locality#5/total}/depthpool/distributedSteals,224,284.539625,[s],0
/workstealing{locality#6/total}/depthpool/distributedSteals,224,284.533417,[s],0
/workstealing{locality#7/total}/depthpool/distributedSteals,224,284.543624,[s],1
/workstealing{locality#0/total}/depthpool/distributedSteals,225,285.693536,[s],0
/workstealing{locality#1/total}/depthpool/distributedSteals,225,285.749384,[s],0
/workstealing{locality#2/total}/depthpool/distributedSteals,225,285.749420,[s],0
/workstealing{locality#3/total}/depthpool/distributedSteals,225,285.725412,[s],2
/workstealing{locality#4/total}/depthpool/distributedSteals,225,285.728599,[s],0
/workstealing{locality#5/total}/depthpool/distributedSteals,225,285.723677,[s],0
/workstealing{locality#6/total}/depthpool/distributedSteals,225,285.749418,[s],0
/workstealing{locality#7/total}/depthpool/distributedSteals,225,285.751609,[s],1
/workstealing{locality#0/total}/depthpool/distributedSteals,226,286.817533,[s],0
/workstealing{locality#1/total}/depthpool/distributedSteals,226,286.877385,[s],0
/workstealing{locality#2/total}/depthpool/distributedSteals,226,286.861419,[s],0
/workstealing{locality#3/total}/depthpool/distributedSteals,226,286.885388,[s],2
/workstealing{locality#4/total}/depthpool/distributedSteals,226,286.865412,[s],0
/workstealing{locality#5/total}/depthpool/distributedSteals,226,286.855679,[s],0
/workstealing{locality#6/total}/depthpool/distributedSteals,226,286.865418,[s],0
/workstealing{locality#7/total}/depthpool/distributedSteals,226,286.883623,[s],1
/workstealing{locality#0/total}/depthpool/distributedSteals,227,288.013416,[s],0
/workstealing{locality#1/total}/depthpool/distributedSteals,227,288.161374,[s],0
/workstealing{locality#2/total}/depthpool/distributedSteals,227,288.141419,[s],0
/workstealing{locality#3/total}/depthpool/distributedSteals,227,288.137381,[s],2
/workstealing{locality#4/total}/depthpool/distributedSteals,227,288.157412,[s],0
/workstealing{locality#5/total}/depthpool/distributedSteals,227,288.131681,[s],0
/workstealing{locality#6/total}/depthpool/distributedSteals,227,288.161408,[s],0
/workstealing{locality#7/total}/depthpool/distributedSteals,227,288.139624,[s],1
/workstealing{locality#0/total}/depthpool/distributedSteals,228,289.301531,[s],0
/workstealing{locality#1/total}/depthpool/distributedSteals,228,289.429399,[s],0
/workstealing{locality#2/total}/depthpool/distributedSteals,228,289.429444,[s],0
/workstealing{locality#3/total}/depthpool/distributedSteals,228,289.441388,[s],2
/workstealing{locality#4/total}/depthpool/distributedSteals,228,289.453415,[s],0
/workstealing{locality#5/total}/depthpool/distributedSteals,228,289.455610,[s],0
/workstealing{locality#6/total}/depthpool/distributedSteals,228,289.453416,[s],0
/workstealing{locality#7/total}/depthpool/distributedSteals,228,289.451623,[s],1
/workstealing{locality#0/total}/depthpool/distributedSteals,229,290.689530,[s],0
/workstealing{locality#1/total}/depthpool/distributedSteals,229,290.737385,[s],0
/workstealing{locality#2/total}/depthpool/distributedSteals,229,290.741425,[s],0
/workstealing{locality#3/total}/depthpool/distributedSteals,229,290.729385,[s],2
/workstealing{locality#4/total}/depthpool/distributedSteals,229,290.757401,[s],0
/workstealing{locality#5/total}/depthpool/distributedSteals,229,290.731640,[s],0
/workstealing{locality#6/total}/depthpool/distributedSteals,229,290.729419,[s],0
/workstealing{locality#7/total}/depthpool/distributedSteals,229,290.735620,[s],1
/workstealing{locality#0/total}/depthpool/distributedSteals,230,291.889443,[s],0
/workstealing{locality#1/total}/depthpool/distributedSteals,230,292.001385,[s],0
/workstealing{locality#2/total}/depthpool/distributedSteals,230,292.013425,[s],0
/workstealing{locality#3/total}/depthpool/distributedSteals,230,292.005391,[s],2
/workstealing{locality#4/total}/depthpool/distributedSteals,230,292.005417,[s],0
/workstealing{locality#5/total}/depthpool/distributedSteals,230,291.983674,[s],0
/workstealing{locality#6/total}/depthpool/distributedSteals,230,292.009417,[s],0
/workstealing{locality#7/total}/depthpool/distributedSteals,230,291.995624,[s],1
/workstealing{locality#0/total}/depthpool/distributedSteals,231,293.209446,[s],0
/workstealing{locality#1/total}/depthpool/distributedSteals,231,293.285388,[s],0
/workstealing{locality#2/total}/depthpool/distributedSteals,231,293.293422,[s],0
/workstealing{locality#3/total}/depthpool/distributedSteals,231,293.301385,[s],2
/workstealing{locality#4/total}/depthpool/distributedSteals,231,293.277475,[s],0
/workstealing{locality#5/total}/depthpool/distributedSteals,231,293.279613,[s],0
/workstealing{locality#6/total}/depthpool/distributedSteals,231,293.277504,[s],0
/workstealing{locality#7/total}/depthpool/distributedSteals,231,293.303620,[s],1
/workstealing{locality#0/total}/depthpool/distributedSteals,232,294.553520,[s],0
/workstealing{locality#1/total}/depthpool/distributedSteals,232,294.641386,[s],0
/workstealing{locality#2/total}/depthpool/distributedSteals,232,294.625408,[s],0
/workstealing{locality#3/total}/depthpool/distributedSteals,232,294.637416,[s],2
/workstealing{locality#4/total}/depthpool/distributedSteals,232,294.645415,[s],0
/workstealing{locality#5/total}/depthpool/distributedSteals,232,294.647622,[s],0
/workstealing{locality#6/total}/depthpool/distributedSteals,232,294.637405,[s],0
/workstealing{locality#7/total}/depthpool/distributedSteals,232,294.623625,[s],1
/workstealing{locality#0/total}/depthpool/distributedSteals,233,295.769544,[s],0
/workstealing{locality#1/total}/depthpool/distributedSteals,233,295.829385,[s],0
/workstealing{locality#2/total}/depthpool/distributedSteals,233,295.805411,[s],0
/workstealing{locality#3/total}/depthpool/distributedSteals,233,295.801422,[s],2
/workstealing{locality#4/total}/depthpool/distributedSteals,233,295.809412,[s],0
/workstealing{locality#5/total}/depthpool/distributedSteals,233,295.799669,[s],0
/workstealing{locality#6/total}/depthpool/distributedSteals,233,295.813420,[s],0
/workstealing{locality#7/total}/depthpool/distributedSteals,233,295.799689,[s],1
/workstealing{locality#0/total}/depthpool/distributedSteals,234,296.961415,[s],0
/workstealing{locality#1/total}/depthpool/distributedSteals,234,297.121389,[s],0
/workstealing{locality#2/total}/depthpool/distributedSteals,234,297.105419,[s],0
/workstealing{locality#3/total}/depthpool/distributedSteals,234,297.101382,[s],2
/workstealing{locality#4/total}/depthpool/distributedSteals,234,297.121412,[s],0
/workstealing{locality#5/total}/depthpool/distributedSteals,234,297.123624,[s],0
/workstealing{locality#6/total}/depthpool/distributedSteals,234,297.121418,[s],0
/workstealing{locality#7/total}/depthpool/distributedSteals,234,297.111626,[s],1
/workstealing{locality#0/total}/depthpool/distributedSteals,235,298.361526,[s],0
/workstealing{locality#1/total}/depthpool/distributedSteals,235,298.565385,[s],0
/workstealing{locality#2/total}/depthpool/distributedSteals,235,298.545445,[s],0
/workstealing{locality#3/total}/depthpool/distributedSteals,235,298.545410,[s],2
/workstealing{locality#4/total}/depthpool/distributedSteals,235,298.553422,[s],0
/workstealing{locality#5/total}/depthpool/distributedSteals,235,298.563624,[s],0
/workstealing{locality#6/total}/depthpool/distributedSteals,235,298.573420,[s],0
/workstealing{locality#7/total}/depthpool/distributedSteals,235,298.551646,[s],1
/workstealing{locality#0/total}/depthpool/distributedSteals,236,299.689539,[s],0
/workstealing{locality#1/total}/depthpool/distributedSteals,236,299.797384,[s],0
/workstealing{locality#2/total}/depthpool/distributedSteals,236,299.801419,[s],0
/workstealing{locality#3/total}/depthpool/distributedSteals,236,299.785434,[s],2
/workstealing{locality#4/total}/depthpool/distributedSteals,236,299.809418,[s],0
/workstealing{locality#5/total}/depthpool/distributedSteals,236,299.795620,[s],0
/workstealing{locality#6/total}/depthpool/distributedSteals,236,299.785489,[s],0
/workstealing{locality#7/total}/depthpool/distributedSteals,236,299.803622,[s],1
/workstealing{locality#0/total}/depthpool/distributedSteals,237,300.953533,[s],0
/workstealing{locality#1/total}/depthpool/distributedSteals,237,300.977388,[s],0
/workstealing{locality#2/total}/depthpool/distributedSteals,237,300.953564,[s],0
/workstealing{locality#3/total}/depthpool/distributedSteals,237,300.981373,[s],2
/workstealing{locality#4/total}/depthpool/distributedSteals,237,300.981425,[s],0
/workstealing{locality#5/total}/depthpool/distributedSteals,237,300.963620,[s],0
/workstealing{locality#6/total}/depthpool/distributedSteals,237,300.965417,[s],0
/workstealing{locality#7/total}/depthpool/distributedSteals,237,300.983610,[s],1
/workstealing{locality#0/total}/depthpool/distributedSteals,238,302.089528,[s],0
/workstealing{locality#1/total}/depthpool/distributedSteals,238,302.209384,[s],0
/workstealing{locality#2/total}/depthpool/distributedSteals,238,302.205422,[s],0
/workstealing{locality#3/total}/depthpool/distributedSteals,238,302.185406,[s],2
/workstealing{locality#4/total}/depthpool/distributedSteals,238,302.185443,[s],0
/workstealing{locality#5/total}/depthpool/distributedSteals,238,302.183667,[s],0
/workstealing{locality#6/total}/depthpool/distributedSteals,238,302.205424,[s],0
/workstealing{locality#7/total}/depthpool/distributedSteals,238,302.183680,[s],1
/workstealing{locality#0/total}/depthpool/distributedSteals,239,303.369463,[s],0
/workstealing{locality#1/total}/depthpool/distributedSteals,239,303.585390,[s],0
/workstealing{locality#2/total}/depthpool/distributedSteals,239,303.589416,[s],0
/workstealing{locality#3/total}/depthpool/distributedSteals,239,303.581382,[s],2
/workstealing{locality#4/total}/depthpool/distributedSteals,239,303.585411,[s],0
/workstealing{locality#5/total}/depthpool/distributedSteals,239,303.567687,[s],0
/workstealing{locality#6/total}/depthpool/distributedSteals,239,303.569500,[s],0
/workstealing{locality#7/total}/depthpool/distributedSteals,239,303.571624,[s],1
/workstealing{locality#0/total}/depthpool/distributedSteals,240,304.765415,[s],0
/workstealing{locality#1/total}/depthpool/distributedSteals,240,304.821398,[s],0
/workstealing{locality#2/total}/depthpool/distributedSteals,240,304.821443,[s],0
/workstealing{locality#3/total}/depthpool/distributedSteals,240,304.837388,[s],2
/workstealing{locality#4/total}/depthpool/distributedSteals,240,304.829414,[s],0
/workstealing{locality#5/total}/depthpool/distributedSteals,240,304.823622,[s],0
/workstealing{locality#6/total}/depthpool/distributedSteals,240,304.821481,[s],0
/workstealing{locality#7/total}/depthpool/distributedSteals,240,304.831626,[s],1
/workstealing{locality#0/total}/depthpool/distributedSteals,241,306.053439,[s],0
/workstealing{locality#1/total}/depthpool/distributedSteals,241,306.057382,[s],0
/workstealing{locality#2/total}/depthpool/distributedSteals,241,306.077420,[s],0
/workstealing{locality#3/total}/depthpool/distributedSteals,241,306.069383,[s],2
/workstealing{locality#4/total}/depthpool/distributedSteals,241,306.069416,[s],0
/workstealing{locality#5/total}/depthpool/distributedSteals,241,306.079621,[s],0
/workstealing{locality#6/total}/depthpool/distributedSteals,241,306.061416,[s],0
/workstealing{locality#7/total}/depthpool/distributedSteals,241,306.051708,[s],1
/workstealing{locality#0/total}/depthpool/distributedSteals,242,307.133530,[s],0
/workstealing{locality#1/total}/depthpool/distributedSteals,242,307.153389,[s],0
/workstealing{locality#2/total}/depthpool/distributedSteals,242,307.133561,[s],0
/workstealing{locality#3/total}/depthpool/distributedSteals,242,307.161371,[s],2
/workstealing{locality#4/total}/depthpool/distributedSteals,242,307.137403,[s],0
/workstealing{locality#5/total}/depthpool/distributedSteals,242,307.135622,[s],0
/workstealing{locality#6/total}/depthpool/distributedSteals,242,307.137423,[s],0
/workstealing{locality#7/total}/depthpool/distributedSteals,242,307.159623,[s],1
/workstealing{locality#0/total}/depthpool/distributedSteals,243,308.385416,[s],0
/workstealing{locality#1/total}/depthpool/distributedSteals,243,308.445395,[s],0
/workstealing{locality#2/total}/depthpool/distributedSteals,243,308.461421,[s],0
/workstealing{locality#3/total}/depthpool/distributedSteals,243,308.457383,[s],2
/workstealing{locality#4/total}/depthpool/distributedSteals,243,308.457414,[s],0
/workstealing{locality#5/total}/depthpool/distributedSteals,243,308.443674,[s],0
/workstealing{locality#6/total}/depthpool/distributedSteals,243,308.469425,[s],0
/workstealing{locality#7/total}/depthpool/distributedSteals,243,308.459619,[s],1
/workstealing{locality#0/total}/depthpool/distributedSteals,244,309.641532,[s],0
/workstealing{locality#1/total}/depthpool/distributedSteals,244,309.665390,[s],0
/workstealing{locality#2/total}/depthpool/distributedSteals,244,309.673408,[s],0
/workstealing{locality#3/total}/depthpool/distributedSteals,244,309.661383,[s],2
/workstealing{locality#4/total}/depthpool/distributedSteals,244,309.645413,[s],0
/workstealing{locality#5/total}/depthpool/distributedSteals,244,309.639825,[s],0
/workstealing{locality#6/total}/depthpool/distributedSteals,244,309.669425,[s],0
/workstealing{locality#7/total}/depthpool/distributedSteals,244,309.647626,[s],1
/workstealing{locality#0/total}/depthpool/distributedSteals,245,310.869441,[s],0
/workstealing{locality#1/total}/depthpool/distributedSteals,245,310.901395,[s],0
/workstealing{locality#2/total}/depthpool/distributedSteals,245,310.917423,[s],0
/workstealing{locality#3/total}/depthpool/distributedSteals,245,310.901409,[s],2
/workstealing{locality#4/total}/depthpool/distributedSteals,245,310.925412,[s],0
/workstealing{locality#5/total}/depthpool/distributedSteals,245,310.915621,[s],0
/workstealing{locality#6/total}/depthpool/distributedSteals,245,310.905423,[s],0
/workstealing{locality#7/total}/depthpool/distributedSteals,245,310.911629,[s],1
/workstealing{locality#0/total}/depthpool/distributedSteals,246,312.013528,[s],0
/workstealing{locality#1/total}/depthpool/distributedSteals,246,312.061393,[s],0
/workstealing{locality#2/total}/depthpool/distributedSteals,246,312.053418,[s],0
/workstealing{locality#3/total}/depthpool/distributedSteals,246,312.045412,[s],2
/workstealing{locality#4/total}/depthpool/distributedSteals,246,312.049414,[s],0
/workstealing{locality#5/total}/depthpool/distributedSteals,246,312.059623,[s],0
/workstealing{locality#6/total}/depthpool/distributedSteals,246,312.045477,[s],0
/workstealing{locality#7/total}/depthpool/distributedSteals,246,312.071624,[s],1
/workstealing{locality#0/total}/depthpool/distributedSteals,247,313.357554,[s],0
/workstealing{locality#1/total}/depthpool/distributedSteals,247,313.521401,[s],0
/workstealing{locality#2/total}/depthpool/distributedSteals,247,313.537420,[s],0
/workstealing{locality#3/total}/depthpool/distributedSteals,247,313.533387,[s],2
/workstealing{locality#4/total}/depthpool/distributedSteals,247,313.521477,[s],0
/workstealing{locality#5/total}/depthpool/distributedSteals,247,313.527623,[s],0
/workstealing{locality#6/total}/depthpool/distributedSteals,247,313.525418,[s],0
/workstealing{locality#7/total}/depthpool/distributedSteals,247,313.519732,[s],1
/workstealing{locality#0/total}/depthpool/distributedSteals,248,314.721539,[s],0
/workstealing{locality#1/total}/depthpool/distributedSteals,248,314.729391,[s],0
/workstealing{locality#2/total}/depthpool/distributedSteals,248,314.733424,[s],0
/workstealing{locality#3/total}/depthpool/distributedSteals,248,314.725374,[s],2
/workstealing{locality#4/total}/depthpool/distributedSteals,248,314.721590,[s],0
/workstealing{locality#5/total}/depthpool/distributedSteals,248,314.743621,[s],0
/workstealing{locality#6/total}/depthpool/distributedSteals,248,314.729408,[s],0
/workstealing{locality#7/total}/depthpool/distributedSteals,248,314.735626,[s],1
/workstealing{locality#0/total}/depthpool/distributedSteals,249,315.793547,[s],0
/workstealing{locality#1/total}/depthpool/distributedSteals,249,315.793549,[s],0
/workstealing{locality#2/total}/depthpool/distributedSteals,249,315.801420,[s],0
/workstealing{locality#3/total}/depthpool/distributedSteals,249,315.805383,[s],2
/workstealing{locality#4/total}/depthpool/distributedSteals,249,315.817401,[s],0
/workstealing{locality#5/total}/depthpool/distributedSteals,249,315.811622,[s],0
/workstealing{locality#6/total}/depthpool/distributedSteals,249,315.821417,[s],0
/workstealing{locality#7/total}/depthpool/distributedSteals,249,315.811627,[s],1
/workstealing{locality#0/total}/depthpool/distributedSteals,250,316.933532,[s],0
/workstealing{locality#1/total}/depthpool/distributedSteals,250,316.957372,[s],0
/workstealing{locality#2/total}/depthpool/distributedSteals,250,316.945420,[s],0
/workstealing{locality#3/total}/depthpool/distributedSteals,250,316.949465,[s],2
/workstealing{locality#4/total}/depthpool/distributedSteals,250,316.937401,[s],0
/workstealing{locality#5/total}/depthpool/distributedSteals,250,316.959621,[s],0
/workstealing{locality#6/total}/depthpool/distributedSteals,250,316.933603,[s],0
/workstealing{locality#7/total}/depthpool/distributedSteals,250,316.931811,[s],1
/workstealing{locality#0/total}/depthpool/distributedSteals,251,318.173540,[s],0
/workstealing{locality#1/total}/depthpool/distributedSteals,251,318.201372,[s],0
/workstealing{locality#2/total}/depthpool/distributedSteals,251,318.189419,[s],0
/workstealing{locality#3/total}/depthpool/distributedSteals,251,318.201386,[s],2
/workstealing{locality#4/total}/depthpool/distributedSteals,251,318.173611,[s],0
/workstealing{locality#5/total}/depthpool/distributedSteals,251,318.171836,[s],0
/workstealing{locality#6/total}/depthpool/distributedSteals,251,318.200659,[s],0
/workstealing{locality#7/total}/depthpool/distributedSteals,251,318.183621,[s],1
/workstealing{locality#0/total}/depthpool/distributedSteals,252,319.385532,[s],0
/workstealing{locality#1/total}/depthpool/distributedSteals,252,319.501383,[s],0
/workstealing{locality#2/total}/depthpool/distributedSteals,252,319.481451,[s],0
/workstealing{locality#3/total}/depthpool/distributedSteals,252,319.481417,[s],2
/workstealing{locality#4/total}/depthpool/distributedSteals,252,319.482192,[s],0
/workstealing{locality#5/total}/depthpool/distributedSteals,252,319.503612,[s],0
/workstealing{locality#6/total}/depthpool/distributedSteals,252,319.493421,[s],0
/workstealing{locality#7/total}/depthpool/distributedSteals,252,319.499621,[s],1
/workstealing{locality#0/total}/depthpool/distributedSteals,253,320.569527,[s],0
/workstealing{locality#1/total}/depthpool/distributedSteals,253,320.637386,[s],0
/workstealing{locality#2/total}/depthpool/distributedSteals,253,320.661419,[s],0
/workstealing{locality#3/total}/depthpool/distributedSteals,253,320.637373,[s],2
/workstealing{locality#4/total}/depthpool/distributedSteals,253,320.641414,[s],0
/workstealing{locality#5/total}/depthpool/distributedSteals,253,320.631702,[s],0
/workstealing{locality#6/total}/depthpool/distributedSteals,253,320.645421,[s],0
/workstealing{locality#7/total}/depthpool/distributedSteals,253,320.647622,[s],1
/workstealing{locality#0/total}/depthpool/distributedSteals,254,321.729417,[s],0
/workstealing{locality#1/total}/depthpool/distributedSteals,254,321.801383,[s],0
/workstealing{locality#2/total}/depthpool/distributedSteals,254,321.801419,[s],0
/workstealing{locality#3/total}/depthpool/distributedSteals,254,321.797392,[s],2
/workstealing{locality#4/total}/depthpool/distributedSteals,254,321.809413,[s],0
/workstealing{locality#5/total}/depthpool/distributedSteals,254,321.791676,[s],0
/workstealing{locality#6/total}/depthpool/distributedSteals,254,321.805421,[s],0
/workstealing{locality#7/total}/depthpool/distributedSteals,254,321.819622,[s],1
/workstealing{locality#0/total}/depthpool/distributedSteals,255,323.009603,[s],0
/workstealing{locality#1/total}/depthpool/distributedSteals,255,323.013385,[s],0
/workstealing{locality#2/total}/depthpool/distributedSteals,255,323.033432,[s],0
/workstealing{locality#3/total}/depthpool/distributedSteals,255,323.033384,[s],2
/workstealing{locality#4/total}/depthpool/distributedSteals,255,323.017412,[s],0
/workstealing{locality#5/total}/depthpool/distributedSteals,255,323.027662,[s],0
/workstealing{locality#6/total}/depthpool/distributedSteals,255,323.025417,[s],0
/workstealing{locality#7/total}/depthpool/distributedSteals,255,323.011624,[s],1
/workstealing{locality#0/total}/depthpool/distributedSteals,256,324.317551,[s],0
/workstealing{locality#1/total}/depthpool/distributedSteals,256,324.401385,[s],0
/workstealing{locality#2/total}/depthpool/distributedSteals,256,324.385450,[s],0
/workstealing{locality#3/total}/depthpool/distributedSteals,256,324.405372,[s],2
/workstealing{locality#4/total}/depthpool/distributedSteals,256,324.389415,[s],0
/workstealing{locality#5/total}/depthpool/distributedSteals,256,324.383686,[s],0
/workstealing{locality#6/total}/depthpool/distributedSteals,256,324.393425,[s],0
/workstealing{locality#7/total}/depthpool/distributedSteals,256,324.399620,[s],1
/workstealing{locality#0/total}/depthpool/distributedSteals,257,325.649417,[s],0
/workstealing{locality#1/total}/depthpool/distributedSteals,257,325.721401,[s],0
/workstealing{locality#2/total}/depthpool/distributedSteals,257,325.689419,[s],0
/workstealing{locality#3/total}/depthpool/distributedSteals,257,325.693384,[s],2
/workstealing{locality#4/total}/depthpool/distributedSteals,257,325.685414,[s],0
/workstealing{locality#5/total}/depthpool/distributedSteals,257,325.695624,[s],0
/workstealing{locality#6/total}/depthpool/distributedSteals,257,325.685422,[s],0
/workstealing{locality#7/total}/depthpool/distributedSteals,257,325.695621,[s],1
/workstealing{locality#0/total}/depthpool/distributedSteals,258,326.765547,[s],0
/workstealing{locality#1/total}/depthpool/distributedSteals,258,326.909390,[s],0
/workstealing{locality#2/total}/depthpool/distributedSteals,258,326.917422,[s],0
/workstealing{locality#3/total}/depthpool/distributedSteals,258,326.893420,[s],2
/workstealing{locality#4/total}/depthpool/distributedSteals,258,326.905418,[s],0
/workstealing{locality#5/total}/depthpool/distributedSteals,258,326.911625,[s],0
/workstealing{locality#6/total}/depthpool/distributedSteals,258,326.897404,[s],0
/workstealing{locality#7/total}/depthpool/distributedSteals,258,326.911623,[s],1
/workstealing{locality#0/total}/depthpool/distributedSteals,259,328.093416,[s],0
/workstealing{locality#1/total}/depthpool/distributedSteals,259,328.121397,[s],0
/workstealing{locality#2/total}/depthpool/distributedSteals,259,328.149418,[s],0
/workstealing{locality#3/total}/depthpool/distributedSteals,259,328.149385,[s],2
/workstealing{locality#4/total}/depthpool/distributedSteals,259,328.137412,[s],0
/workstealing{locality#5/total}/depthpool/distributedSteals,259,328.139625,[s],0
/workstealing{locality#6/total}/depthpool/distributedSteals,259,328.121476,[s],0
/workstealing{locality#7/total}/depthpool/distributedSteals,259,328.123623,[s],1
/workstealing{locality#0/total}/depthpool/distributedSteals,260,329.289522,[s],0
/workstealing{locality#1/total}/depthpool/distributedSteals,260,329.457387,[s],0
/workstealing{locality#2/total}/depthpool/distributedSteals,260,329.461421,[s],0
/workstealing{locality#3/total}/depthpool/distributedSteals,260,329.453392,[s],2
/workstealing{locality#4/total}/depthpool/distributedSteals,260,329.461421,[s],0
/workstealing{locality#5/total}/depthpool/distributedSteals,260,329.447667,[s],0
/workstealing{locality#6/total}/depthpool/distributedSteals,260,329.457416,[s],0
/workstealing{locality#7/total}/depthpool/distributedSteals,260,329.471629,[s],1
/workstealing{locality#0/total}/depthpool/distributedSteals,261,330.741537,[s],0
/workstealing{locality#1/total}/depthpool/distributedSteals,261,330.945383,[s],0
/workstealing{locality#2/total}/depthpool/distributedSteals,261,330.949419,[s],0
/workstealing{locality#3/total}/depthpool/distributedSteals,261,330.965387,[s],2
/workstealing{locality#4/total}/depthpool/distributedSteals,261,330.957416,[s],0
/workstealing{locality#5/total}/depthpool/distributedSteals,261,330.951609,[s],0
/workstealing{locality#6/total}/depthpool/distributedSteals,261,330.937507,[s],0
/workstealing{locality#7/total}/depthpool/distributedSteals,261,330.951624,[s],1
/workstealing{locality#0/total}/depthpool/distributedSteals,262,332.065540,[s],0
/workstealing{locality#1/total}/depthpool/distributedSteals,262,332.229446,[s],0
/workstealing{locality#2/total}/depthpool/distributedSteals,262,332.253419,[s],0
/workstealing{locality#3/total}/depthpool/distributedSteals,262,332.225422,[s],2
/workstealing{locality#4/total}/depthpool/distributedSteals,262,332.229418,[s],0
/workstealing{locality#5/total}/depthpool/distributedSteals,262,332.251632,[s],0
/workstealing{locality#6/total}/depthpool/distributedSteals,262,332.253417,[s],0
/workstealing{locality#7/total}/depthpool/distributedSteals,262,332.223675,[s],1
/workstealing{locality#0/total}/depthpool/distributedSteals,263,333.361473,[s],0
/workstealing{locality#1/total}/depthpool/distributedSteals,263,333.413387,[s],0
/workstealing{locality#2/total}/depthpool/distributedSteals,263,333.413428,[s],0
/workstealing{locality#3/total}/depthpool/distributedSteals,263,333.397390,[s],2
/workstealing{locality#4/total}/depthpool/distributedSteals,263,333.401418,[s],0
/workstealing{locality#5/total}/depthpool/distributedSteals,263,333.391693,[s],0
/workstealing{locality#6/total}/depthpool/distributedSteals,263,333.393499,[s],0
/workstealing{locality#7/total}/depthpool/distributedSteals,263,333.411624,[s],1
/workstealing{locality#0/total}/depthpool/distributedSteals,264,334.681533,[s],0
/workstealing{locality#1/total}/depthpool/distributedSteals,264,334.757397,[s],0
/workstealing{locality#2/total}/depthpool/distributedSteals,264,334.765427,[s],0
/workstealing{locality#3/total}/depthpool/distributedSteals,264,334.777393,[s],2
/workstealing{locality#4/total}/depthpool/distributedSteals,264,334.785400,[s],0
/workstealing{locality#5/total}/depthpool/distributedSteals,264,334.771618,[s],0
/workstealing{locality#6/total}/depthpool/distributedSteals,264,334.765406,[s],0
/workstealing{locality#7/total}/depthpool/distributedSteals,264,334.759624,[s],1
/workstealing{locality#0/total}/depthpool/distributedSteals,265,335.917551,[s],0
/workstealing{locality#1/total}/depthpool/distributedSteals,265,335.989386,[s],0
/workstealing{locality#2/total}/depthpool/distributedSteals,265,335.993436,[s],0
/workstealing{locality#3/total}/depthpool/distributedSteals,265,336.009385,[s],2
/workstealing{locality#4/total}/depthpool/distributedSteals,265,335.981462,[s],0
/workstealing{locality#5/total}/depthpool/distributedSteals,265,335.983627,[s],0
/workstealing{locality#6/total}/depthpool/distributedSteals,265,336.005419,[s],0
/workstealing{locality#7/total}/depthpool/distributedSteals,265,335.987623,[s],1
/workstealing{locality#0/total}/depthpool/distributedSteals,266,337.253526,[s],0
/workstealing{locality#1/total}/depthpool/distributedSteals,266,337.281387,[s],0
/workstealing{locality#2/total}/depthpool/distributedSteals,266,337.269428,[s],0
/workstealing{locality#3/total}/depthpool/distributedSteals,266,337.253525,[s],2
/workstealing{locality#4/total}/depthpool/distributedSteals,266,337.273409,[s],0
/workstealing{locality#5/total}/depthpool/distributedSteals,266,337.255610,[s],0
/workstealing{locality#6/total}/depthpool/distributedSteals,266,337.265415,[s],0
/workstealing{locality#7/total}/depthpool/distributedSteals,266,337.283612,[s],1
/workstealing{locality#0/total}/depthpool/distributedSteals,267,338.529445,[s],0
/workstealing{locality#1/total}/depthpool/distributedSteals,267,338.621387,[s],0
/workstealing{locality#2/total}/depthpool/distributedSteals,267,338.605419,[s],0
/workstealing{locality#3/total}/depthpool/distributedSteals,267,338.609389,[s],2
/workstealing{locality#4/total}/depthpool/distributedSteals,267,338.609415,[s],0
/workstealing{locality#5/total}/depthpool/distributedSteals,267,338.615636,[s],0
/workstealing{locality#6/total}/depthpool/distributedSteals,267,338.621417,[s],0
/workstealing{locality#7/total}/depthpool/distributedSteals,267,338.627609,[s],1
/workstealing{locality#0/total}/depthpool/distributedSteals,268,339.769447,[s],0
/workstealing{locality#1/total}/depthpool/distributedSteals,268,339.797374,[s],0
/workstealing{locality#2/total}/depthpool/distributedSteals,268,339.793420,[s],0
/workstealing{locality#3/total}/depthpool/distributedSteals,268,339.773370,[s],2
/workstealing{locality#4/total}/depthpool/distributedSteals,268,339.789417,[s],0
/workstealing{locality#5/total}/depthpool/distributedSteals,268,339.789399,[s],0
/workstealing{locality#6/total}/depthpool/distributedSteals,268,339.773417,[s],0
/workstealing{locality#7/total}/depthpool/distributedSteals,268,339.777869,[s],1
/workstealing{locality#0/total}/depthpool/distributedSteals,269,341.101416,[s],0
/workstealing{locality#1/total}/depthpool/distributedSteals,269,341.109387,[s],0
/workstealing{locality#2/total}/depthpool/distributedSteals,269,341.121419,[s],0
/workstealing{locality#3/total}/depthpool/distributedSteals,269,341.093518,[s],2
/workstealing{locality#4/total}/depthpool/distributedSteals,269,341.101414,[s],0
/workstealing{locality#5/total}/depthpool/distributedSteals,269,341.103626,[s],0
/workstealing{locality#6/total}/depthpool/distributedSteals,269,341.121407,[s],0
/workstealing{locality#7/total}/depthpool/distributedSteals,269,341.099622,[s],1
/workstealing{locality#0/total}/depthpool/distributedSteals,270,342.289443,[s],0
/workstealing{locality#1/total}/depthpool/distributedSteals,270,342.313386,[s],0
/workstealing{locality#2/total}/depthpool/distributedSteals,270,342.289475,[s],0
/workstealing{locality#3/total}/depthpool/distributedSteals,270,342.305384,[s],2
/workstealing{locality#4/total}/depthpool/distributedSteals,270,342.297412,[s],0
/workstealing{locality#5/total}/depthpool/distributedSteals,270,342.307625,[s],0
/workstealing{locality#6/total}/depthpool/distributedSteals,270,342.289533,[s],0
/workstealing{locality#7/total}/depthpool/distributedSteals,270,342.307622,[s],1
/workstealing{locality#0/total}/depthpool/distributedSteals,271,343.481543,[s],0
/workstealing{locality#1/total}/depthpool/distributedSteals,271,343.497387,[s],0
/workstealing{locality#2/total}/depthpool/distributedSteals,271,343.497423,[s],0
/workstealing{locality#3/total}/depthpool/distributedSteals,271,343.493381,[s],2
/workstealing{locality#4/total}/depthpool/distributedSteals,271,343.501411,[s],0
/workstealing{locality#5/total}/depthpool/distributedSteals,271,343.507609,[s],0
/workstealing{locality#6/total}/depthpool/distributedSteals,271,343.501421,[s],0
/workstealing{locality#7/total}/depthpool/distributedSteals,271,343.499627,[s],1
/workstealing{locality#0/total}/depthpool/distributedSteals,272,344.785530,[s],0
/workstealing{locality#1/total}/depthpool/distributedSteals,272,344.917371,[s],0
/workstealing{locality#2/total}/depthpool/distributedSteals,272,344.921420,[s],0
/workstealing{locality#3/total}/depthpool/distributedSteals,272,344.933384,[s],2
/workstealing{locality#4/total}/depthpool/distributedSteals,272,344.937413,[s],0
/workstealing{locality#5/total}/depthpool/distributedSteals,272,344.923624,[s],0
/workstealing{locality#6/total}/depthpool/distributedSteals,272,344.933405,[s],0
/workstealing{locality#7/total}/depthpool/distributedSteals,272,344.911750,[s],1
/workstealing{locality#0/total}/depthpool/distributedSteals,273,346.105593,[s],0
/workstealing{locality#1/total}/depthpool/distributedSteals,273,346.117386,[s],0
/workstealing{locality#2/total}/depthpool/distributedSteals,273,346.133420,[s],0
/workstealing{locality#3/total}/depthpool/distributedSteals,273,346.117391,[s],2
/workstealing{locality#4/total}/depthpool/distributedSteals,273,346.129414,[s],0
/workstealing{locality#5/total}/depthpool/distributedSteals,273,346.103776,[s],0
/workstealing{locality#6/total}/depthpool/distributedSteals,273,346.117425,[s],0
/workstealing{locality#7/total}/depthpool/distributedSteals,273,346.115622,[s],1
/workstealing{locality#0/total}/depthpool/distributedSteals,274,347.245539,[s],0
/workstealing{locality#1/total}/depthpool/distributedSteals,274,347.293385,[s],0
/workstealing{locality#2/total}/depthpool/distributedSteals,274,347.281452,[s],0
/workstealing{locality#3/total}/depthpool/distributedSteals,274,347.297383,[s],2
/workstealing{locality#4/total}/depthpool/distributedSteals,274,347.281450,[s],0
/workstealing{locality#5/total}/depthpool/distributedSteals,274,347.279669,[s],0
/workstealing{locality#6/total}/depthpool/distributedSteals,274,347.281463,[s],0
/workstealing{locality#7/total}/depthpool/distributedSteals,274,347.299625,[s],1
/workstealing{locality#0/total}/depthpool/distributedSteals,275,348.529518,[s],0
/workstealing{locality#1/total}/depthpool/distributedSteals,275,348.553390,[s],0
/workstealing{locality#2/total}/depthpool/distributedSteals,275,348.545420,[s],0
/workstealing{locality#3/total}/depthpool/distributedSteals,275,348.549382,[s],2
/workstealing{locality#4/total}/depthpool/distributedSteals,275,348.553417,[s],0
/workstealing{locality#5/total}/depthpool/distributedSteals,275,348.527783,[s],0
/workstealing{locality#6/total}/depthpool/distributedSteals,275,348.529577,[s],0
/workstealing{locality#7/total}/depthpool/distributedSteals,275,348.543627,[s],1
/workstealing{locality#0/total}/depthpool/distributedSteals,276,349.610739,[s],0
/workstealing{locality#1/total}/depthpool/distributedSteals,276,349.697388,[s],0
/workstealing{locality#2/total}/depthpool/distributedSteals,276,349.677422,[s],0
/workstealing{locality#3/total}/depthpool/distributedSteals,276,349.669425,[s],2
/workstealing{locality#4/total}/depthpool/distributedSteals,276,349.673399,[s],0
/workstealing{locality#5/total}/depthpool/distributedSteals,276,349.691623,[s],0
/workstealing{locality#6/total}/depthpool/distributedSteals,276,349.693417,[s],0
/workstealing{locality#7/total}/depthpool/distributedSteals,276,349.679624,[s],1
/workstealing{locality#0/total}/depthpool/distributedSteals,277,350.769440,[s],0
/workstealing{locality#1/total}/depthpool/distributedSteals,277,350.809383,[s],0
/workstealing{locality#2/total}/depthpool/distributedSteals,277,350.817422,[s],0
/workstealing{locality#3/total}/depthpool/distributedSteals,277,350.821384,[s],2
/workstealing{locality#4/total}/depthpool/distributedSteals,277,350.813411,[s],0
/workstealing{locality#5/total}/depthpool/distributedSteals,277,350.799672,[s],0
/workstealing{locality#6/total}/depthpool/distributedSteals,277,350.809406,[s],0
/workstealing{locality#7/total}/depthpool/distributedSteals,277,350.807621,[s],1
/workstealing{locality#0/total}/depthpool/distributedSteals,278,351.953587,[s],0
/workstealing{locality#1/total}/depthpool/distributedSteals,278,351.953523,[s],0
/workstealing{locality#2/total}/depthpool/distributedSteals,278,351.953562,[s],0
/workstealing{locality#3/total}/depthpool/distributedSteals,278,351.981392,[s],2
/workstealing{locality#4/total}/depthpool/distributedSteals,278,351.965417,[s],0
/workstealing{locality#5/total}/depthpool/distributedSteals,278,351.959622,[s],0
/workstealing{locality#6/total}/depthpool/distributedSteals,278,351.973420,[s],0
/workstealing{locality#7/total}/depthpool/distributedSteals,278,351.967623,[s],1
/workstealing{locality#0/total}/depthpool/distributedSteals,279,353.353416,[s],0
/workstealing{locality#1/total}/depthpool/distributedSteals,279,353.509400,[s],0
/workstealing{locality#2/total}/depthpool/distributedSteals,279,353.529420,[s],0
/workstealing{locality#3/total}/depthpool/distributedSteals,279,353.513383,[s],2
/workstealing{locality#4/total}/depthpool/distributedSteals,279,353.533427,[s],0
/workstealing{locality#5/total}/depthpool/distributedSteals,279,353.531623,[s],0
/workstealing{locality#6/total}/depthpool/distributedSteals,279,353.529424,[s],0
/workstealing{locality#7/total}/depthpool/distributedSteals,279,353.531612,[s],1
/workstealing{locality#0/total}/depthpool/distributedSteals,280,354.817522,[s],0
/workstealing{locality#1/total}/depthpool/distributedSteals,280,354.941371,[s],0
/workstealing{locality#2/total}/depthpool/distributedSteals,280,354.917422,[s],0
/workstealing{locality#3/total}/depthpool/distributedSteals,280,354.913417,[s],2
/workstealing{locality#4/total}/depthpool/distributedSteals,280,354.929412,[s],0
/workstealing{locality#5/total}/depthpool/distributedSteals,280,354.935625,[s],0
/workstealing{locality#6/total}/depthpool/distributedSteals,280,354.913473,[s],0
/workstealing{locality#7/total}/depthpool/distributedSteals,280,354.923627,[s],1
/workstealing{locality#0/total}/depthpool/distributedSteals,281,356.097416,[s],0
/workstealing{locality#1/total}/depthpool/distributedSteals,281,356.157398,[s],0
/workstealing{locality#2/total}/depthpool/distributedSteals,281,356.157453,[s],0
/workstealing{locality#3/total}/depthpool/distributedSteals,281,356.161388,[s],2
/workstealing{locality#4/total}/depthpool/distributedSteals,281,356.169411,[s],0
/workstealing{locality#5/total}/depthpool/distributedSteals,281,356.179624,[s],0
/workstealing{locality#6/total}/depthpool/distributedSteals,281,356.177423,[s],0
/workstealing{locality#7/total}/depthpool/distributedSteals,281,356.167621,[s],1
/workstealing{locality#0/total}/depthpool/distributedSteals,282,357.321546,[s],0
/workstealing{locality#1/total}/depthpool/distributedSteals,282,357.321536,[s],0
/workstealing{locality#2/total}/depthpool/distributedSteals,282,357.325421,[s],0
/workstealing{locality#3/total}/depthpool/distributedSteals,282,357.329386,[s],2
/workstealing{locality#4/total}/depthpool/distributedSteals,282,357.349413,[s],0
/workstealing{locality#5/total}/depthpool/distributedSteals,282,357.327621,[s],0
/workstealing{locality#6/total}/depthpool/distributedSteals,282,357.329419,[s],0
/workstealing{locality#7/total}/depthpool/distributedSteals,282,357.339622,[s],1
/workstealing{locality#0/total}/depthpool/distributedSteals,283,358.461518,[s],0
/workstealing{locality#1/total}/depthpool/distributedSteals,283,358.477386,[s],0
/workstealing{locality#2/total}/depthpool/distributedSteals,283,358.485408,[s],0
/workstealing{locality#3/total}/depthpool/distributedSteals,283,358.465389,[s],2
/workstealing{locality#4/total}/depthpool/distributedSteals,283,358.489410,[s],0
/workstealing{locality#5/total}/depthpool/distributedSteals,283,358.483626,[s],0
/workstealing{locality#6/total}/depthpool/distributedSteals,283,358.465421,[s],0
/workstealing{locality#7/total}/depthpool/distributedSteals,283,358.471628,[s],1
/workstealing{locality#0/total}/depthpool/distributedSteals,284,359.785541,[s],0
/workstealing{locality#1/total}/depthpool/distributedSteals,284,359.833386,[s],0
/workstealing{locality#2/total}/depthpool/distributedSteals,284,359.841409,[s],0
/workstealing{locality#3/total}/depthpool/distributedSteals,284,359.817419,[s],2
/workstealing{locality#4/total}/depthpool/distributedSteals,284,359.837400,[s],0
/workstealing{locality#5/total}/depthpool/distributedSteals,284,359.843636,[s],0
/workstealing{locality#6/total}/depthpool/distributedSteals,284,359.821405,[s],0
/workstealing{locality#7/total}/depthpool/distributedSteals,284,359.815684,[s],1
/workstealing{locality#0/total}/depthpool/distributedSteals,285,360.937442,[s],0
/workstealing{locality#1/total}/depthpool/distributedSteals,285,361.053386,[s],0
/workstealing{locality#2/total}/depthpool/distributedSteals,285,361.053421,[s],0
/workstealing{locality#3/total}/depthpool/distributedSteals,285,361.061382,[s],2
/workstealing{locality#4/total}/depthpool/distributedSteals,285,361.037401,[s],0
/workstealing{locality#5/total}/depthpool/distributedSteals,285,361.031680,[s],0
/workstealing{locality#6/total}/depthpool/distributedSteals,285,361.053419,[s],0
/workstealing{locality#7/total}/depthpool/distributedSteals,285,361.059626,[s],1
/workstealing{locality#0/total}/depthpool/distributedSteals,286,362.249530,[s],0
/workstealing{locality#1/total}/depthpool/distributedSteals,286,362.313396,[s],0
/workstealing{locality#2/total}/depthpool/distributedSteals,286,362.317421,[s],0
/workstealing{locality#3/total}/depthpool/distributedSteals,286,362.329370,[s],2
/workstealing{locality#4/total}/depthpool/distributedSteals,286,362.333414,[s],0
/workstealing{locality#5/total}/depthpool/distributedSteals,286,362.335625,[s],0
/workstealing{locality#6/total}/depthpool/distributedSteals,286,362.321405,[s],0
/workstealing{locality#7/total}/depthpool/distributedSteals,286,362.343621,[s],1
/workstealing{locality#0/total}/depthpool/distributedSteals,287,363.621443,[s],0
/workstealing{locality#1/total}/depthpool/distributedSteals,287,363.749371,[s],0
/workstealing{locality#2/total}/depthpool/distributedSteals,287,363.753417,[s],0
/workstealing{locality#3/total}/depthpool/distributedSteals,287,363.769395,[s],2
/workstealing{locality#4/total}/depthpool/distributedSteals,287,363.757418,[s],0
/workstealing{locality#5/total}/depthpool/distributedSteals,287,363.755623,[s],0
/workstealing{locality#6/total}/depthpool/distributedSteals,287,363.757418,[s],0
/workstealing{locality#7/total}/depthpool/distributedSteals,287,363.771629,[s],1
/workstealing{locality#0/total}/depthpool/distributedSteals,288,364.985417,[s],0
/workstealing{locality#1/total}/depthpool/distributedSteals,288,365.021408,[s],0
/workstealing{locality#2/total}/depthpool/distributedSteals,288,365.021427,[s],0
/workstealing{locality#3/total}/depthpool/distributedSteals,288,365.017422,[s],2
/workstealing{locality#4/total}/depthpool/distributedSteals,288,365.017452,[s],0
/workstealing{locality#5/total}/depthpool/distributedSteals,288,365.035610,[s],0
/workstealing{locality#6/total}/depthpool/distributedSteals,288,365.033416,[s],0
/workstealing{locality#7/total}/depthpool/distributedSteals,288,365.015687,[s],1
/workstealing{locality#0/total}/depthpool/distributedSteals,289,366.181536,[s],0
/workstealing{locality#1/total}/depthpool/distributedSteals,289,366.329372,[s],0
/workstealing{locality#2/total}/depthpool/distributedSteals,289,366.325407,[s],0
/workstealing{locality#3/total}/depthpool/distributedSteals,289,366.325385,[s],2
/workstealing{locality#4/total}/depthpool/distributedSteals,289,366.325415,[s],0
/workstealing{locality#5/total}/depthpool/distributedSteals,289,366.319622,[s],0
/workstealing{locality#6/total}/depthpool/distributedSteals,289,366.341417,[s],0
/workstealing{locality#7/total}/depthpool/distributedSteals,289,366.323623,[s],1
/workstealing{locality#0/total}/depthpool/distributedSteals,290,367.439379,[s],0
/workstealing{locality#1/total}/depthpool/distributedSteals,290,367.597402,[s],0
/workstealing{locality#2/total}/depthpool/distributedSteals,290,367.617419,[s],0
/workstealing{locality#3/total}/depthpool/distributedSteals,290,367.597442,[s],2
/workstealing{locality#4/total}/depthpool/distributedSteals,290,367.629399,[s],0
/workstealing{locality#5/total}/depthpool/distributedSteals,290,367.623621,[s],0
/workstealing{locality#6/total}/depthpool/distributedSteals,290,367.625422,[s],0
/workstealing{locality#7/total}/depthpool/distributedSteals,290,367.615624,[s],1
/workstealing{locality#0/total}/depthpool/distributedSteals,291,368.833547,[s],0
/workstealing{locality#1/total}/depthpool/distributedSteals,291,368.917385,[s],0
/workstealing{locality#2/total}/depthpool/distributedSteals,291,368.905419,[s],0
/workstealing{locality#3/total}/depthpool/distributedSteals,291,368.913391,[s],2
/workstealing{locality#4/total}/depthpool/distributedSteals,291,368.921415,[s],0
/workstealing{locality#5/total}/depthpool/distributedSteals,291,368.895680,[s],0
/workstealing{locality#6/total}/depthpool/distributedSteals,291,368.909416,[s],0
/workstealing{locality#7/total}/depthpool/distributedSteals,291,368.919630,[s],1
/workstealing{locality#0/total}/depthpool/distributedSteals,292,370.065416,[s],0
/workstealing{locality#1/total}/depthpool/distributedSteals,292,370.213387,[s],0
/workstealing{locality#2/total}/depthpool/distributedSteals,292,370.217419,[s],0
/workstealing{locality#3/total}/depthpool/distributedSteals,292,370.209385,[s],2
/workstealing{locality#4/total}/depthpool/distributedSteals,292,370.213413,[s],0
/workstealing{locality#5/total}/depthpool/distributedSteals,292,370.187669,[s],0
/workstealing{locality#6/total}/depthpool/distributedSteals,292,370.221407,[s],0
/workstealing{locality#7/total}/depthpool/distributedSteals,292,370.195622,[s],1
/workstealing{locality#0/total}/depthpool/distributedSteals,293,371.293515,[s],0
/workstealing{locality#1/total}/depthpool/distributedSteals,293,371.417380,[s],0
/workstealing{locality#2/total}/depthpool/distributedSteals,293,371.397420,[s],0
/workstealing{locality#3/total}/depthpool/distributedSteals,293,371.413382,[s],2
/workstealing{locality#4/total}/depthpool/distributedSteals,293,371.429413,[s],0
/workstealing{locality#5/total}/depthpool/distributedSteals,293,371.415611,[s],0
/workstealing{locality#6/total}/depthpool/distributedSteals,293,371.397406,[s],0
/workstealing{locality#7/total}/depthpool/distributedSteals,293,371.403619,[s],1
/workstealing{locality#0/total}/depthpool/distributedSteals,294,372.603159,[s],0
/workstealing{locality#1/total}/depthpool/distributedSteals,294,372.745386,[s],0
/workstealing{locality#2/total}/depthpool/distributedSteals,294,372.753422,[s],0
/workstealing{locality#3/total}/depthpool/distributedSteals,294,372.737390,[s],2
/workstealing{locality#4/total}/depthpool/distributedSteals,294,372.753399,[s],0
/workstealing{locality#5/total}/depthpool/distributedSteals,294,372.743625,[s],0
/workstealing{locality#6/total}/depthpool/distributedSteals,294,372.737403,[s],0
/workstealing{locality#7/total}/depthpool/distributedSteals,294,372.731699,[s],1
/workstealing{locality#0/total}/depthpool/distributedSteals,295,373.969530,[s],0
/workstealing{locality#1/total}/depthpool/distributedSteals,295,373.977384,[s],0
/workstealing{locality#2/total}/depthpool/distributedSteals,295,373.985420,[s],0
/workstealing{locality#3/total}/depthpool/distributedSteals,295,373.973384,[s],2
/workstealing{locality#4/total}/depthpool/distributedSteals,295,373.989416,[s],0
/workstealing{locality#5/total}/depthpool/distributedSteals,295,373.987622,[s],0
/workstealing{locality#6/total}/depthpool/distributedSteals,295,373.977419,[s],0
/workstealing{locality#7/total}/depthpool/distributedSteals,295,373.991609,[s],1
/workstealing{locality#0/total}/depthpool/distributedSteals,296,375.145417,[s],0
/workstealing{locality#1/total}/depthpool/distributedSteals,296,375.181371,[s],0
/workstealing{locality#2/total}/depthpool/distributedSteals,296,375.181484,[s],0
/workstealing{locality#3/total}/depthpool/distributedSteals,296,375.181386,[s],2
/workstealing{locality#4/total}/depthpool/distributedSteals,296,375.173413,[s],0
/workstealing{locality#5/total}/depthpool/distributedSteals,296,375.171622,[s],0
/workstealing{locality#6/total}/depthpool/distributedSteals,296,375.165478,[s],0
/workstealing{locality#7/total}/depthpool/distributedSteals,296,375.183611,[s],1
/workstealing{locality#0/total}/depthpool/distributedSteals,297,376.337524,[s],0
/workstealing{locality#1/total}/depthpool/distributedSteals,297,376.341384,[s],0
/workstealing{locality#2/total}/depthpool/distributedSteals,297,376.353420,[s],0
/workstealing{locality#3/total}/depthpool/distributedSteals,297,376.341391,[s],2
/workstealing{locality#4/total}/depthpool/distributedSteals,297,376.361417,[s],0
/workstealing{locality#5/total}/depthpool/distributedSteals,297,376.339627,[s],0
/workstealing{locality#6/total}/depthpool/distributedSteals,297,376.369419,[s],0
/workstealing{locality#7/total}/depthpool/distributedSteals,297,376.335803,[s],1
/workstealing{locality#0/total}/depthpool/distributedSteals,298,377.453440,[s],0
/workstealing{locality#1/total}/depthpool/distributedSteals,298,377.537385,[s],0
/workstealing{locality#2/total}/depthpool/distributedSteals,298,377.529420,[s],0
/workstealing{locality#3/total}/depthpool/distributedSteals,298,377.537384,[s],2
/workstealing{locality#4/total}/depthpool/distributedSteals,298,377.533415,[s],0
/workstealing{locality#5/total}/depthpool/distributedSteals,298,377.523684,[s],0
/workstealing{locality#6/total}/depthpool/distributedSteals,298,377.545422,[s],0
/workstealing{locality#7/total}/depthpool/distributedSteals,298,377.523703,[s],1
/workstealing{locality#0/total}/depthpool/distributedSteals,299,378.601525,[s],0
/workstealing{locality#1/total}/depthpool/distributedSteals,299,378.613384,[s],0
/workstealing{locality#2/total}/depthpool/distributedSteals,299,378.601558,[s],0
/workstealing{locality#3/total}/depthpool/distributedSteals,299,378.629382,[s],2
/workstealing{locality#4/total}/depthpool/distributedSteals,299,378.613413,[s],0
/workstealing{locality#5/total}/depthpool/distributedSteals,299,378.607627,[s],0
/workstealing{locality#6/total}/depthpool/distributedSteals,299,378.613417,[s],0
/workstealing{locality#7/total}/depthpool/distributedSteals,299,378.599856,[s],1
/workstealing{locality#0/total}/depthpool/distributedSteals,300,379.865525,[s],0
/workstealing{locality#1/total}/depthpool/distributedSteals,300,379.905384,[s],0
/workstealing{locality#2/total}/depthpool/distributedSteals,300,379.905424,[s],0
/workstealing{locality#3/total}/depthpool/distributedSteals,300,379.897423,[s],2
/workstealing{locality#4/total}/depthpool/distributedSteals,300,379.901400,[s],0
/workstealing{locality#5/total}/depthpool/distributedSteals,300,379.923609,[s],0
/workstealing{locality#6/total}/depthpool/distributedSteals,300,379.920448,[s],0
/workstealing{locality#7/total}/depthpool/distributedSteals,300,379.907626,[s],1
/workstealing{locality#0/total}/depthpool/distributedSteals,301,381.121442,[s],0
/workstealing{locality#1/total}/depthpool/distributedSteals,301,381.181404,[s],0
/workstealing{locality#2/total}/depthpool/distributedSteals,301,381.181420,[s],0
/workstealing{locality#3/total}/depthpool/distributedSteals,301,381.153418,[s],2
/workstealing{locality#4/total}/depthpool/distributedSteals,301,381.177417,[s],0
/workstealing{locality#5/total}/depthpool/distributedSteals,301,381.175625,[s],0
/workstealing{locality#6/total}/depthpool/distributedSteals,301,381.153476,[s],0
/workstealing{locality#7/total}/depthpool/distributedSteals,301,381.159622,[s],1
/workstealing{locality#0/total}/depthpool/distributedSteals,302,382.381530,[s],0
/workstealing{locality#1/total}/depthpool/distributedSteals,302,382.433388,[s],0
/workstealing{locality#2/total}/depthpool/distributedSteals,302,382.437418,[s],0
/workstealing{locality#3/total}/depthpool/distributedSteals,302,382.429386,[s],2
/workstealing{locality#4/total}/depthpool/distributedSteals,302,382.441401,[s],0
/workstealing{locality#5/total}/depthpool/distributedSteals,302,382.443613,[s],0
/workstealing{locality#6/total}/depthpool/distributedSteals,302,382.441416,[s],0
/workstealing{locality#7/total}/depthpool/distributedSteals,302,382.411699,[s],1
/workstealing{locality#0/total}/depthpool/distributedSteals,303,383.701535,[s],0
/workstealing{locality#1/total}/depthpool/distributedSteals,303,383.709373,[s],0
/workstealing{locality#2/total}/depthpool/distributedSteals,303,383.701571,[s],0
/workstealing{locality#3/total}/depthpool/distributedSteals,303,383.709386,[s],2
/workstealing{locality#4/total}/depthpool/distributedSteals,303,383.701568,[s],0
/workstealing{locality#5/total}/depthpool/distributedSteals,303,383.711623,[s],0
/workstealing{locality#6/total}/depthpool/distributedSteals,303,383.705407,[s],0
/workstealing{locality#7/total}/depthpool/distributedSteals,303,383.715633,[s],1
/workstealing{locality#0/total}/depthpool/distributedSteals,304,384.897536,[s],0
/workstealing{locality#1/total}/depthpool/distributedSteals,304,384.969385,[s],0
/workstealing{locality#2/total}/depthpool/distributedSteals,304,384.985423,[s],0
/workstealing{locality#3/total}/depthpool/distributedSteals,304,384.961412,[s],2
/workstealing{locality#4/total}/depthpool/distributedSteals,304,384.977417,[s],0
/workstealing{locality#5/total}/depthpool/distributedSteals,304,384.959668,[s],0
/workstealing{locality#6/total}/depthpool/distributedSteals,304,384.965421,[s],0
/workstealing{locality#7/total}/depthpool/distributedSteals,304,384.967625,[s],1
/workstealing{locality#0/total}/depthpool/distributedSteals,305,386.061416,[s],0
/workstealing{locality#1/total}/depthpool/distributedSteals,305,386.249391,[s],0
/workstealing{locality#2/total}/depthpool/distributedSteals,305,386.225428,[s],0
/workstealing{locality#3/total}/depthpool/distributedSteals,305,386.237388,[s],2
/workstealing{locality#4/total}/depthpool/distributedSteals,305,386.225400,[s],0
/workstealing{locality#5/total}/depthpool/distributedSteals,305,386.231626,[s],0
/workstealing{locality#6/total}/depthpool/distributedSteals,305,386.241428,[s],0
/workstealing{locality#7/total}/depthpool/distributedSteals,305,386.219721,[s],1
/workstealing{locality#0/total}/depthpool/distributedSteals,306,387.509528,[s],0
/workstealing{locality#1/total}/depthpool/distributedSteals,306,387.589384,[s],0
/workstealing{locality#2/total}/depthpool/distributedSteals,306,387.597418,[s],0
/workstealing{locality#3/total}/depthpool/distributedSteals,306,387.601384,[s],2
/workstealing{locality#4/total}/depthpool/distributedSteals,306,387.593412,[s],0
/workstealing{locality#5/total}/depthpool/distributedSteals,306,387.575622,[s],0
/workstealing{locality#6/total}/depthpool/distributedSteals,306,387.573490,[s],0
/workstealing{locality#7/total}/depthpool/distributedSteals,306,387.603609,[s],1
/workstealing{locality#0/total}/depthpool/distributedSteals,307,388.773416,[s],0
/workstealing{locality#1/total}/depthpool/distributedSteals,307,388.939163,[s],0
/workstealing{locality#2/total}/depthpool/distributedSteals,307,388.937444,[s],0
/workstealing{locality#3/total}/depthpool/distributedSteals,307,388.961384,[s],2
/workstealing{locality#4/total}/depthpool/distributedSteals,307,388.961412,[s],0
/workstealing{locality#5/total}/depthpool/distributedSteals,307,388.959630,[s],0
/workstealing{locality#6/total}/depthpool/distributedSteals,307,388.961416,[s],0
/workstealing{locality#7/total}/depthpool/distributedSteals,307,388.939626,[s],1
/workstealing{locality#0/total}/depthpool/distributedSteals,308,390.113415,[s],0
/workstealing{locality#1/total}/depthpool/distributedSteals,308,390.245387,[s],0
/workstealing{locality#2/total}/depthpool/distributedSteals,308,390.241406,[s],0
/workstealing{locality#3/total}/depthpool/distributedSteals,308,390.249386,[s],2
/workstealing{locality#4/total}/depthpool/distributedSteals,308,390.237452,[s],0
/workstealing{locality#5/total}/depthpool/distributedSteals,308,390.243633,[s],0
/workstealing{locality#6/total}/depthpool/distributedSteals,308,390.237469,[s],0
/workstealing{locality#7/total}/depthpool/distributedSteals,308,390.235683,[s],1
/workstealing{locality#0/total}/depthpool/distributedSteals,309,391.481585,[s],0
/workstealing{locality#1/total}/depthpool/distributedSteals,309,391.493371,[s],0
/workstealing{locality#2/total}/depthpool/distributedSteals,309,391.485421,[s],0
/workstealing{locality#3/total}/depthpool/distributedSteals,309,391.513384,[s],2
/workstealing{locality#4/total}/depthpool/distributedSteals,309,391.485419,[s],0
/workstealing{locality#5/total}/depthpool/distributedSteals,309,391.483634,[s],0
/workstealing{locality#6/total}/depthpool/distributedSteals,309,391.481578,[s],0
/workstealing{locality#7/total}/depthpool/distributedSteals,309,391.483623,[s],1
/workstealing{locality#0/total}/depthpool/distributedSteals,310,392.617528,[s],0
/workstealing{locality#1/total}/depthpool/distributedSteals,310,392.761385,[s],0
/workstealing{locality#2/total}/depthpool/distributedSteals,310,392.777423,[s],0
/workstealing{locality#3/total}/depthpool/distributedSteals,310,392.777385,[s],2
/workstealing{locality#4/total}/depthpool/distributedSteals,310,392.765421,[s],0
/workstealing{locality#5/total}/depthpool/distributedSteals,310,392.747663,[s],0
/workstealing{locality#6/total}/depthpool/distributedSteals,310,392.749467,[s],0
/workstealing{locality#7/total}/depthpool/distributedSteals,310,392.763629,[s],1
/workstealing{locality#0/total}/depthpool/distributedSteals,311,394.081512,[s],0
/workstealing{locality#1/total}/depthpool/distributedSteals,311,394.113395,[s],0
/workstealing{locality#2/total}/depthpool/distributedSteals,311,394.137418,[s],0
/workstealing{locality#3/total}/depthpool/distributedSteals,311,394.113414,[s],2
/workstealing{locality#4/total}/depthpool/distributedSteals,311,394.113445,[s],0
/workstealing{locality#5/total}/depthpool/distributedSteals,311,394.135626,[s],0
/workstealing{locality#6/total}/depthpool/distributedSteals,311,394.141417,[s],0
/workstealing{locality#7/total}/depthpool/distributedSteals,311,394.131622,[s],1
/workstealing{locality#0/total}/depthpool/distributedSteals,312,395.313419,[s],0
/workstealing{locality#1/total}/depthpool/distributedSteals,312,395.533387,[s],0
/workstealing{locality#2/total}/depthpool/distributedSteals,312,395.537441,[s],0
/workstealing{locality#3/total}/depthpool/distributedSteals,312,395.549385,[s],2
/workstealing{locality#4/total}/depthpool/distributedSteals,312,395.527314,[s],0
/workstealing{locality#5/total}/depthpool/distributedSteals,312,395.543630,[s],0
/workstealing{locality#6/total}/depthpool/distributedSteals,312,395.533419,[s],0
/workstealing{locality#7/total}/depthpool/distributedSteals,312,395.535626,[s],1
/workstealing{locality#0/total}/depthpool/distributedSteals,313,396.625420,[s],0
/workstealing{locality#1/total}/depthpool/distributedSteals,313,396.769385,[s],0
/workstealing{locality#2/total}/depthpool/distributedSteals,313,396.773423,[s],0
/workstealing{locality#3/total}/depthpool/distributedSteals,313,396.781391,[s],2
/workstealing{locality#4/total}/depthpool/distributedSteals,313,396.777416,[s],0
/workstealing{locality#5/total}/depthpool/distributedSteals,313,396.775625,[s],0
/workstealing{locality#6/total}/depthpool/distributedSteals,313,396.769421,[s],0
/workstealing{locality#7/total}/depthpool/distributedSteals,313,396.767620,[s],1
/workstealing{locality#0/total}/depthpool/distributedSteals,314,398.005416,[s],0
/workstealing{locality#1/total}/depthpool/distributedSteals,314,398.029388,[s],0
/workstealing{locality#2/total}/depthpool/distributedSteals,314,398.017423,[s],0
/workstealing{locality#3/total}/depthpool/distributedSteals,314,398.017389,[s],2
/workstealing{locality#4/total}/depthpool/distributedSteals,314,398.025415,[s],0
/workstealing{locality#5/total}/depthpool/distributedSteals,314,398.011629,[s],0
/workstealing{locality#6/total}/depthpool/distributedSteals,314,398.013421,[s],0
/workstealing{locality#7/total}/depthpool/distributedSteals,314,398.003710,[s],1
/workstealing{locality#0/total}/depthpool/distributedSteals,315,399.197515,[s],0
/workstealing{locality#1/total}/depthpool/distributedSteals,315,399.329921,[s],0
/workstealing{locality#2/total}/depthpool/distributedSteals,315,399.349425,[s],0
/workstealing{locality#3/total}/depthpool/distributedSteals,315,399.321437,[s],2
/workstealing{locality#4/total}/depthpool/distributedSteals,315,399.341418,[s],0
/workstealing{locality#5/total}/depthpool/distributedSteals,315,399.319681,[s],0
/workstealing{locality#6/total}/depthpool/distributedSteals,315,399.321487,[s],0
/workstealing{locality#7/total}/depthpool/distributedSteals,315,399.323630,[s],1
/workstealing{locality#0/total}/depthpool/distributedSteals,316,400.393413,[s],0
/workstealing{locality#1/total}/depthpool/distributedSteals,316,400.429391,[s],0
/workstealing{locality#2/total}/depthpool/distributedSteals,316,400.421444,[s],0
/workstealing{locality#3/total}/depthpool/distributedSteals,316,400.445383,[s],2
/workstealing{locality#4/total}/depthpool/distributedSteals,316,400.421456,[s],0
/workstealing{locality#5/total}/depthpool/distributedSteals,316,400.431613,[s],0
/workstealing{locality#6/total}/depthpool/distributedSteals,316,400.433416,[s],0
/workstealing{locality#7/total}/depthpool/distributedSteals,316,400.443623,[s],1
/workstealing{locality#0/total}/depthpool/distributedSteals,317,401.693547,[s],0
/workstealing{locality#1/total}/depthpool/distributedSteals,317,401.789388,[s],0
/workstealing{locality#2/total}/depthpool/distributedSteals,317,401.793421,[s],0
/workstealing{locality#3/total}/depthpool/distributedSteals,317,401.797369,[s],2
/workstealing{locality#4/total}/depthpool/distributedSteals,317,401.789412,[s],0
/workstealing{locality#5/total}/depthpool/distributedSteals,317,401.775624,[s],0
/workstealing{locality#6/total}/depthpool/distributedSteals,317,401.769408,[s],0
/workstealing{locality#7/total}/depthpool/distributedSteals,317,401.771623,[s],1
/workstealing{locality#0/total}/depthpool/distributedSteals,318,403.065416,[s],0
/workstealing{locality#1/total}/depthpool/distributedSteals,318,403.121386,[s],0
/workstealing{locality#2/total}/depthpool/distributedSteals,318,403.125423,[s],0
/workstealing{locality#3/total}/depthpool/distributedSteals,318,403.117391,[s],2
/workstealing{locality#4/total}/depthpool/distributedSteals,318,403.121412,[s],0
/workstealing{locality#5/total}/depthpool/distributedSteals,318,403.119612,[s],0
/workstealing{locality#6/total}/depthpool/distributedSteals,318,403.105416,[s],0
/workstealing{locality#7/total}/depthpool/distributedSteals,318,403.107620,[s],1
/workstealing{locality#0/total}/depthpool/distributedSteals,319,404.257523,[s],0
/workstealing{locality#1/total}/depthpool/distributedSteals,319,404.285400,[s],0
/workstealing{locality#2/total}/depthpool/distributedSteals,319,404.273428,[s],0
/workstealing{locality#3/total}/depthpool/distributedSteals,319,404.261383,[s],2
/workstealing{locality#4/total}/depthpool/distributedSteals,319,404.257564,[s],0
/workstealing{locality#5/total}/depthpool/distributedSteals,319,404.275623,[s],0
/workstealing{locality#6/total}/depthpool/distributedSteals,319,404.265418,[s],0
/workstealing{locality#7/total}/depthpool/distributedSteals,319,404.263623,[s],1
/workstealing{locality#0/total}/depthpool/distributedSteals,320,405.465524,[s],0
/workstealing{locality#1/total}/depthpool/distributedSteals,320,405.473397,[s],0
/workstealing{locality#2/total}/depthpool/distributedSteals,320,405.469412,[s],0
/workstealing{locality#3/total}/depthpool/distributedSteals,320,405.465521,[s],2
/workstealing{locality#4/total}/depthpool/distributedSteals,320,405.469412,[s],0
/workstealing{locality#5/total}/depthpool/distributedSteals,320,405.463780,[s],0
/workstealing{locality#6/total}/depthpool/distributedSteals,320,405.469423,[s],0
/workstealing{locality#7/total}/depthpool/distributedSteals,320,405.475640,[s],1
/workstealing{locality#0/total}/depthpool/distributedSteals,321,406.693527,[s],0
/workstealing{locality#1/total}/depthpool/distributedSteals,321,406.693446,[s],0
/workstealing{locality#2/total}/depthpool/distributedSteals,321,406.725409,[s],0
/workstealing{locality#3/total}/depthpool/distributedSteals,321,406.693450,[s],2
/workstealing{locality#4/total}/depthpool/distributedSteals,321,406.701441,[s],0
/workstealing{locality#5/total}/depthpool/distributedSteals,321,406.707622,[s],0
/workstealing{locality#6/total}/depthpool/distributedSteals,321,406.709417,[s],0
/workstealing{locality#7/total}/depthpool/distributedSteals,321,406.715620,[s],1
/workstealing{locality#0/total}/depthpool/distributedSteals,322,407.849510,[s],0
/workstealing{locality#1/total}/depthpool/distributedSteals,322,407.953398,[s],0
/workstealing{locality#2/total}/depthpool/distributedSteals,322,407.969418,[s],0
/workstealing{locality#3/total}/depthpool/distributedSteals,322,407.973384,[s],2
/workstealing{locality#4/total}/depthpool/distributedSteals,322,407.953458,[s],0
/workstealing{locality#5/total}/depthpool/distributedSteals,322,407.959623,[s],0
/workstealing{locality#6/total}/depthpool/distributedSteals,322,407.977419,[s],0
/workstealing{locality#7/total}/depthpool/distributedSteals,322,407.967610,[s],1
/workstealing{locality#0/total}/depthpool/distributedSteals,323,409.369522,[s],0
/workstealing{locality#1/total}/depthpool/distributedSteals,323,409.521395,[s],0
/workstealing{locality#2/total}/depthpool/distributedSteals,323,409.525421,[s],0
/workstealing{locality#3/total}/depthpool/distributedSteals,323,409.505387,[s],2
/workstealing{locality#4/total}/depthpool/distributedSteals,323,409.513413,[s],0
/workstealing{locality#5/total}/depthpool/distributedSteals,323,409.495689,[s],0
/workstealing{locality#6/total}/depthpool/distributedSteals,323,409.509423,[s],0
/workstealing{locality#7/total}/depthpool/distributedSteals,323,409.515625,[s],1
/workstealing{locality#0/total}/depthpool/distributedSteals,324,410.633415,[s],0
/workstealing{locality#1/total}/depthpool/distributedSteals,324,410.677386,[s],0
/workstealing{locality#2/total}/depthpool/distributedSteals,324,410.673420,[s],0
/workstealing{locality#3/total}/depthpool/distributedSteals,324,410.689383,[s],2
/workstealing{locality#4/total}/depthpool/distributedSteals,324,410.681410,[s],0
/workstealing{locality#5/total}/depthpool/distributedSteals,324,410.667622,[s],0
/workstealing{locality#6/total}/depthpool/distributedSteals,324,410.681417,[s],0
/workstealing{locality#7/total}/depthpool/distributedSteals,324,410.659684,[s],1
/workstealing{locality#0/total}/depthpool/distributedSteals,325,411.833525,[s],0
/workstealing{locality#1/total}/depthpool/distributedSteals,325,411.929394,[s],0
/workstealing{locality#2/total}/depthpool/distributedSteals,325,411.909422,[s],0
/workstealing{locality#3/total}/depthpool/distributedSteals,325,411.925381,[s],2
/workstealing{locality#4/total}/depthpool/distributedSteals,325,411.909417,[s],0
/workstealing{locality#5/total}/depthpool/distributedSteals,325,411.915623,[s],0
/workstealing{locality#6/total}/depthpool/distributedSteals,325,411.909416,[s],0
/workstealing{locality#7/total}/depthpool/distributedSteals,325,411.923620,[s],1
/workstealing{locality#0/total}/depthpool/distributedSteals,326,413.041518,[s],0
/workstealing{locality#1/total}/depthpool/distributedSteals,326,413.085384,[s],0
/workstealing{locality#2/total}/depthpool/distributedSteals,326,413.085417,[s],0
/workstealing{locality#3/total}/depthpool/distributedSteals,326,413.085389,[s],2
/workstealing{locality#4/total}/depthpool/distributedSteals,326,413.081410,[s],0
/workstealing{locality#5/total}/depthpool/distributedSteals,326,413.095628,[s],0
/workstealing{locality#6/total}/depthpool/distributedSteals,326,413.097418,[s],0
/workstealing{locality#7/total}/depthpool/distributedSteals,326,413.103634,[s],1
/workstealing{locality#0/total}/depthpool/distributedSteals,327,414.197533,[s],0
/workstealing{locality#1/total}/depthpool/distributedSteals,327,414.273391,[s],0
/workstealing{locality#2/total}/depthpool/distributedSteals,327,414.285420,[s],0
/workstealing{locality#3/total}/depthpool/distributedSteals,327,414.285386,[s],2
/workstealing{locality#4/total}/depthpool/distributedSteals,327,414.261454,[s],0
/workstealing{locality#5/total}/depthpool/distributedSteals,327,414.291611,[s],0
/workstealing{locality#6/total}/depthpool/distributedSteals,327,414.269420,[s],0
/workstealing{locality#7/total}/depthpool/distributedSteals,327,414.271622,[s],1
/workstealing{locality#0/total}/depthpool/distributedSteals,328,415.385536,[s],0
/workstealing{locality#1/total}/depthpool/distributedSteals,328,415.385531,[s],0
/workstealing{locality#2/total}/depthpool/distributedSteals,328,415.385572,[s],0
/workstealing{locality#3/total}/depthpool/distributedSteals,328,415.389373,[s],2
/workstealing{locality#4/total}/depthpool/distributedSteals,328,415.401413,[s],0
/workstealing{locality#5/total}/depthpool/distributedSteals,328,415.383797,[s],0
/workstealing{locality#6/total}/depthpool/distributedSteals,328,415.409424,[s],0
/workstealing{locality#7/total}/depthpool/distributedSteals,328,415.387622,[s],1
/workstealing{locality#0/total}/depthpool/distributedSteals,329,416.541522,[s],0
/workstealing{locality#1/total}/depthpool/distributedSteals,329,416.557387,[s],0
/workstealing{locality#2/total}/depthpool/distributedSteals,329,416.557422,[s],0
/workstealing{locality#3/total}/depthpool/distributedSteals,329,416.553382,[s],2
/workstealing{locality#4/total}/depthpool/distributedSteals,329,416.561412,[s],0
/workstealing{locality#5/total}/depthpool/distributedSteals,329,416.543610,[s],0
/workstealing{locality#6/total}/depthpool/distributedSteals,329,416.549430,[s],0
/workstealing{locality#7/total}/depthpool/distributedSteals,329,416.567622,[s],1
/workstealing{locality#0/total}/depthpool/distributedSteals,330,417.693513,[s],0
/workstealing{locality#1/total}/depthpool/distributedSteals,330,417.749391,[s],0
/workstealing{locality#2/total}/depthpool/distributedSteals,330,417.737425,[s],0
/workstealing{locality#3/total}/depthpool/distributedSteals,330,417.741387,[s],2
/workstealing{locality#4/total}/depthpool/distributedSteals,330,417.745410,[s],0
/workstealing{locality#5/total}/depthpool/distributedSteals,330,417.727609,[s],0
/workstealing{locality#6/total}/depthpool/distributedSteals,330,417.737424,[s],0
/workstealing{locality#7/total}/depthpool/distributedSteals,330,417.727626,[s],1
/workstealing{locality#0/total}/depthpool/distributedSteals,331,418.881417,[s],0
/workstealing{locality#1/total}/depthpool/distributedSteals,331,418.969388,[s],0
/workstealing{locality#2/total}/depthpool/distributedSteals,331,418.957444,[s],0
/workstealing{locality#3/total}/depthpool/distributedSteals,331,418.961385,[s],2
/workstealing{locality#4/total}/depthpool/distributedSteals,331,418.941449,[s],0
/workstealing{locality#5/total}/depthpool/distributedSteals,331,418.955635,[s],0
/workstealing{locality#6/total}/depthpool/distributedSteals,331,418.965418,[s],0
/workstealing{locality#7/total}/depthpool/distributedSteals,331,418.951622,[s],1
/workstealing{locality#0/total}/depthpool/distributedSteals,332,420.229529,[s],0
/workstealing{locality#1/total}/depthpool/distributedSteals,332,420.485385,[s],0
/workstealing{locality#2/total}/depthpool/distributedSteals,332,420.485420,[s],0
/workstealing{locality#3/total}/depthpool/distributedSteals,332,420.461414,[s],2
/workstealing{locality#4/total}/depthpool/distributedSteals,332,420.485414,[s],0
/workstealing{locality#5/total}/depthpool/distributedSteals,332,420.459665,[s],0
/workstealing{locality#6/total}/depthpool/distributedSteals,332,420.477418,[s],0
/workstealing{locality#7/total}/depthpool/distributedSteals,332,420.479685,[s],1
/workstealing{locality#0/total}/depthpool/distributedSteals,333,421.697525,[s],0
/workstealing{locality#1/total}/depthpool/distributedSteals,333,421.701387,[s],0
/workstealing{locality#2/total}/depthpool/distributedSteals,333,421.697565,[s],0
/workstealing{locality#3/total}/depthpool/distributedSteals,333,421.725396,[s],2
/workstealing{locality#4/total}/depthpool/distributedSteals,333,421.721413,[s],0
/workstealing{locality#5/total}/depthpool/distributedSteals,333,421.715625,[s],0
/workstealing{locality#6/total}/depthpool/distributedSteals,333,421.697599,[s],0
/workstealing{locality#7/total}/depthpool/distributedSteals,333,421.699622,[s],1
/workstealing{locality#0/total}/depthpool/distributedSteals,334,422.837415,[s],0
/workstealing{locality#1/total}/depthpool/distributedSteals,334,422.961398,[s],0
/workstealing{locality#2/total}/depthpool/distributedSteals,334,422.977446,[s],0
/workstealing{locality#3/total}/depthpool/distributedSteals,334,422.993370,[s],2
/workstealing{locality#4/total}/depthpool/distributedSteals,334,422.977400,[s],0
/workstealing{locality#5/total}/depthpool/distributedSteals,334,422.963622,[s],0
/workstealing{locality#6/total}/depthpool/distributedSteals,334,422.984219,[s],0
/workstealing{locality#7/total}/depthpool/distributedSteals,334,422.983608,[s],1
/workstealing{locality#0/total}/depthpool/distributedSteals,335,424.085442,[s],0
/workstealing{locality#1/total}/depthpool/distributedSteals,335,424.157407,[s],0
/workstealing{locality#2/total}/depthpool/distributedSteals,335,424.173429,[s],0
/workstealing{locality#3/total}/depthpool/distributedSteals,335,424.153421,[s],2
/workstealing{locality#4/total}/depthpool/distributedSteals,335,424.173429,[s],0
/workstealing{locality#5/total}/depthpool/distributedSteals,335,424.175623,[s],0
/workstealing{locality#6/total}/depthpool/distributedSteals,335,424.153484,[s],0
/workstealing{locality#7/total}/depthpool/distributedSteals,335,424.155613,[s],1
/workstealing{locality#0/total}/depthpool/distributedSteals,336,425.301443,[s],0
/workstealing{locality#1/total}/depthpool/distributedSteals,336,425.409387,[s],0
/workstealing{locality#2/total}/depthpool/distributedSteals,336,425.421418,[s],0
/workstealing{locality#3/total}/depthpool/distributedSteals,336,425.397413,[s],2
/workstealing{locality#4/total}/depthpool/distributedSteals,336,425.397461,[s],0
/workstealing{locality#5/total}/depthpool/distributedSteals,336,425.423620,[s],0
/workstealing{locality#6/total}/depthpool/distributedSteals,336,425.417420,[s],0
/workstealing{locality#7/total}/depthpool/distributedSteals,336,425.399629,[s],1
/workstealing{locality#0/total}/depthpool/distributedSteals,337,426.485414,[s],0
/workstealing{locality#1/total}/depthpool/distributedSteals,337,426.689384,[s],0
/workstealing{locality#2/total}/depthpool/distributedSteals,337,426.701424,[s],0
/workstealing{locality#3/total}/depthpool/distributedSteals,337,426.673417,[s],2
/workstealing{locality#4/total}/depthpool/distributedSteals,337,426.677413,[s],0
/workstealing{locality#5/total}/depthpool/distributedSteals,337,426.687620,[s],0
/workstealing{locality#6/total}/depthpool/distributedSteals,337,426.693419,[s],0
/workstealing{locality#7/total}/depthpool/distributedSteals,337,426.683627,[s],1
/workstealing{locality#0/total}/depthpool/distributedSteals,338,428.121526,[s],0
/workstealing{locality#1/total}/depthpool/distributedSteals,338,428.209389,[s],0
/workstealing{locality#2/total}/depthpool/distributedSteals,338,428.185446,[s],0
/workstealing{locality#3/total}/depthpool/distributedSteals,338,428.197371,[s],2
/workstealing{locality#4/total}/depthpool/distributedSteals,338,428.201399,[s],0
/workstealing{locality#5/total}/depthpool/distributedSteals,338,428.183689,[s],0
/workstealing{locality#6/total}/depthpool/distributedSteals,338,428.205422,[s],0
/workstealing{locality#7/total}/depthpool/distributedSteals,338,428.187626,[s],1
/workstealing{locality#0/total}/depthpool/distributedSteals,339,429.521440,[s],0
/workstealing{locality#1/total}/depthpool/distributedSteals,339,429.737385,[s],0
/workstealing{locality#2/total}/depthpool/distributedSteals,339,429.741421,[s],0
/workstealing{locality#3/total}/depthpool/distributedSteals,339,429.745382,[s],2
/workstealing{locality#4/total}/depthpool/distributedSteals,339,429.737413,[s],0
/workstealing{locality#5/total}/depthpool/distributedSteals,339,429.739639,[s],0
/workstealing{locality#6/total}/depthpool/distributedSteals,339,429.745415,[s],0
/workstealing{locality#7/total}/depthpool/distributedSteals,339,429.723628,[s],1
/workstealing{locality#0/total}/depthpool/distributedSteals,340,430.885627,[s],0
/workstealing{locality#1/total}/depthpool/distributedSteals,340,430.909383,[s],0
/workstealing{locality#2/total}/depthpool/distributedSteals,340,430.913419,[s],0
/workstealing{locality#3/total}/depthpool/distributedSteals,340,430.913382,[s],2
/workstealing{locality#4/total}/depthpool/distributedSteals,340,430.885591,[s],0
/workstealing{locality#5/total}/depthpool/distributedSteals,340,430.903623,[s],0
/workstealing{locality#6/total}/depthpool/distributedSteals,340,430.893407,[s],0
/workstealing{locality#7/total}/depthpool/distributedSteals,340,430.903621,[s],1
/workstealing{locality#0/total}/depthpool/distributedSteals,341,432.077416,[s],0
/workstealing{locality#1/total}/depthpool/distributedSteals,341,432.105386,[s],0
/workstealing{locality#2/total}/depthpool/distributedSteals,341,432.121422,[s],0
/workstealing{locality#3/total}/depthpool/distributedSteals,341,432.129372,[s],2
/workstealing{locality#4/total}/depthpool/distributedSteals,341,432.129414,[s],0
/workstealing{locality#5/total}/depthpool/distributedSteals,341,432.131625,[s],0
/workstealing{locality#6/total}/depthpool/distributedSteals,341,432.101470,[s],0
/workstealing{locality#7/total}/depthpool/distributedSteals,341,432.103637,[s],1
/workstealing{locality#0/total}/depthpool/distributedSteals,342,433.397416,[s],0
/workstealing{locality#1/total}/depthpool/distributedSteals,342,433.445383,[s],0
/workstealing{locality#2/total}/depthpool/distributedSteals,342,433.449409,[s],0
/workstealing{locality#3/total}/depthpool/distributedSteals,342,433.429388,[s],2
/workstealing{locality#4/total}/depthpool/distributedSteals,342,433.453415,[s],0
/workstealing{locality#5/total}/depthpool/distributedSteals,342,433.423670,[s],0
/workstealing{locality#6/total}/depthpool/distributedSteals,342,433.437423,[s],0
/workstealing{locality#7/total}/depthpool/distributedSteals,342,433.447629,[s],1
/workstealing{locality#0/total}/depthpool/distributedSteals,343,434.529416,[s],0
/workstealing{locality#1/total}/depthpool/distributedSteals,343,434.837389,[s],0
/workstealing{locality#2/total}/depthpool/distributedSteals,343,434.841423,[s],0
/workstealing{locality#3/total}/depthpool/distributedSteals,343,434.816228,[s],2
/workstealing{locality#4/total}/depthpool/distributedSteals,343,434.816256,[s],0
/workstealing{locality#5/total}/depthpool/distributedSteals,343,434.831610,[s],0
/workstealing{locality#6/total}/depthpool/distributedSteals,343,434.816290,[s],0
/workstealing{locality#7/total}/depthpool/distributedSteals,343,434.839631,[s],1
/workstealing{locality#0/total}/depthpool/distributedSteals,344,435.877539,[s],0
/workstealing{locality#1/total}/depthpool/distributedSteals,344,435.877524,[s],0
/workstealing{locality#2/total}/depthpool/distributedSteals,344,435.893419,[s],0
/workstealing{locality#3/total}/depthpool/distributedSteals,344,435.893383,[s],2
/workstealing{locality#4/total}/depthpool/distributedSteals,344,435.905422,[s],0
/workstealing{locality#5/total}/depthpool/distributedSteals,344,435.891627,[s],0
/workstealing{locality#6/total}/depthpool/distributedSteals,344,435.893417,[s],0
/workstealing{locality#7/total}/depthpool/distributedSteals,344,435.875805,[s],1
/workstealing{locality#0/total}/depthpool/distributedSteals,345,437.033527,[s],0
/workstealing{locality#1/total}/depthpool/distributedSteals,345,437.033434,[s],0
/workstealing{locality#2/total}/depthpool/distributedSteals,345,437.045420,[s],0
/workstealing{locality#3/total}/depthpool/distributedSteals,345,437.053392,[s],2
/workstealing{locality#4/total}/depthpool/distributedSteals,345,437.057418,[s],0
/workstealing{locality#5/total}/depthpool/distributedSteals,345,437.047620,[s],0
/workstealing{locality#6/total}/depthpool/distributedSteals,345,437.045419,[s],0
/workstealing{locality#7/total}/depthpool/distributedSteals,345,437.035623,[s],1
/workstealing{locality#0/total}/depthpool/distributedSteals,346,438.173416,[s],0
/workstealing{locality#1/total}/depthpool/distributedSteals,346,438.353399,[s],0
/workstealing{locality#2/total}/depthpool/distributedSteals,346,438.817436,[s],0
/workstealing{locality#3/total}/depthpool/distributedSteals,346,438.821386,[s],2
/workstealing{locality#4/total}/depthpool/distributedSteals,346,438.829413,[s],0
/workstealing{locality#5/total}/depthpool/distributedSteals,346,438.831612,[s],0
/workstealing{locality#6/total}/depthpool/distributedSteals,346,438.821405,[s],0
/workstealing{locality#7/total}/depthpool/distributedSteals,346,438.839637,[s],1
/workstealing{locality#0/total}/depthpool/distributedSteals,347,439.969530,[s],0
/workstealing{locality#1/total}/depthpool/distributedSteals,347,440.005387,[s],0
/workstealing{locality#2/total}/depthpool/distributedSteals,347,440.021420,[s],0
/workstealing{locality#3/total}/depthpool/distributedSteals,347,440.025382,[s],2
/workstealing{locality#4/total}/depthpool/distributedSteals,347,440.009412,[s],0
/workstealing{locality#5/total}/depthpool/distributedSteals,347,440.023632,[s],0
/workstealing{locality#6/total}/depthpool/distributedSteals,347,440.029437,[s],0
/workstealing{locality#7/total}/depthpool/distributedSteals,347,440.007621,[s],1
/workstealing{locality#0/total}/depthpool/distributedSteals,348,441.369604,[s],0
/workstealing{locality#1/total}/depthpool/distributedSteals,348,441.385385,[s],0
/workstealing{locality#2/total}/depthpool/distributedSteals,348,441.385424,[s],0
/workstealing{locality#3/total}/depthpool/distributedSteals,348,441.377385,[s],2
/workstealing{locality#4/total}/depthpool/distributedSteals,348,441.377414,[s],0
/workstealing{locality#5/total}/depthpool/distributedSteals,348,441.371622,[s],0
/workstealing{locality#6/total}/depthpool/distributedSteals,348,441.389416,[s],0
/workstealing{locality#7/total}/depthpool/distributedSteals,348,441.367807,[s],1
/workstealing{locality#0/total}/depthpool/distributedSteals,349,442.529415,[s],0
/workstealing{locality#1/total}/depthpool/distributedSteals,349,442.585374,[s],0
/workstealing{locality#2/total}/depthpool/distributedSteals,349,442.565422,[s],0
/workstealing{locality#3/total}/depthpool/distributedSteals,349,442.589395,[s],2
/workstealing{locality#4/total}/depthpool/distributedSteals,349,442.581415,[s],0
/workstealing{locality#5/total}/depthpool/distributedSteals,349,442.579623,[s],0
/workstealing{locality#6/total}/depthpool/distributedSteals,349,442.573424,[s],0
/workstealing{locality#7/total}/depthpool/distributedSteals,349,442.567630,[s],1
/workstealing{locality#0/total}/depthpool/distributedSteals,350,443.645556,[s],0
/workstealing{locality#1/total}/depthpool/distributedSteals,350,443.669389,[s],0
/workstealing{locality#2/total}/depthpool/distributedSteals,350,443.649418,[s],0
/workstealing{locality#3/total}/depthpool/distributedSteals,350,443.661384,[s],2
/workstealing{locality#4/total}/depthpool/distributedSteals,350,443.673412,[s],0
/workstealing{locality#5/total}/depthpool/distributedSteals,350,443.691610,[s],0
/workstealing{locality#6/total}/depthpool/distributedSteals,350,443.653423,[s],0
/workstealing{locality#7/total}/depthpool/distributedSteals,350,443.659622,[s],1
/workstealing{locality#0/total}/depthpool/distributedSteals,351,444.869514,[s],0
/workstealing{locality#1/total}/depthpool/distributedSteals,351,444.981388,[s],0
/workstealing{locality#2/total}/depthpool/distributedSteals,351,444.973418,[s],0
/workstealing{locality#3/total}/depthpool/distributedSteals,351,444.993384,[s],2
/workstealing{locality#4/total}/depthpool/distributedSteals,351,444.969415,[s],0
/workstealing{locality#5/total}/depthpool/distributedSteals,351,444.967620,[s],0
/workstealing{locality#6/total}/depthpool/distributedSteals,351,444.967621,[s],0
/workstealing{locality#7/total}/depthpool/distributedSteals,351,444.979622,[s],1
/workstealing{locality#0/total}/depthpool/distributedSteals,352,446.165525,[s],0
/workstealing{locality#1/total}/depthpool/distributedSteals,352,446.225388,[s],0
/workstealing{locality#2/total}/depthpool/distributedSteals,352,446.221457,[s],0
/workstealing{locality#3/total}/depthpool/distributedSteals,352,446.201373,[s],2
/workstealing{locality#4/total}/depthpool/distributedSteals,352,446.213417,[s],0
/workstealing{locality#5/total}/depthpool/distributedSteals,352,446.195674,[s],0
/workstealing{locality#6/total}/depthpool/distributedSteals,352,446.209405,[s],0
/workstealing{locality#7/total}/depthpool/distributedSteals,352,446.211621,[s],1
/workstealing{locality#0/total}/depthpool/distributedSteals,353,447.369532,[s],0
/workstealing{locality#1/total}/depthpool/distributedSteals,353,447.513385,[s],0
/workstealing{locality#2/total}/depthpool/distributedSteals,353,447.514148,[s],0
/workstealing{locality#3/total}/depthpool/distributedSteals,353,447.517391,[s],2
/workstealing{locality#4/total}/depthpool/distributedSteals,353,447.521409,[s],0
/workstealing{locality#5/total}/depthpool/distributedSteals,353,447.531628,[s],0
/workstealing{locality#6/total}/depthpool/distributedSteals,353,447.521417,[s],0
/workstealing{locality#7/total}/depthpool/distributedSteals,353,447.523623,[s],1
/workstealing{locality#0/total}/depthpool/distributedSteals,354,448.709528,[s],0
/workstealing{locality#1/total}/depthpool/distributedSteals,354,448.785387,[s],0
/workstealing{locality#2/total}/depthpool/distributedSteals,354,448.801421,[s],0
/workstealing{locality#3/total}/depthpool/distributedSteals,354,448.785391,[s],2
/workstealing{locality#4/total}/depthpool/distributedSteals,354,448.797414,[s],0
/workstealing{locality#5/total}/depthpool/distributedSteals,354,448.779669,[s],0
/workstealing{locality#6/total}/depthpool/distributedSteals,354,448.789421,[s],0
/workstealing{locality#7/total}/depthpool/distributedSteals,354,448.779694,[s],1
/workstealing{locality#0/total}/depthpool/distributedSteals,355,449.925532,[s],0
/workstealing{locality#1/total}/depthpool/distributedSteals,355,449.993372,[s],0
/workstealing{locality#2/total}/depthpool/distributedSteals,355,449.989445,[s],0
/workstealing{locality#3/total}/depthpool/distributedSteals,355,449.997391,[s],2
/workstealing{locality#4/total}/depthpool/distributedSteals,355,449.997417,[s],0
/workstealing{locality#5/total}/depthpool/distributedSteals,355,449.987673,[s],0
/workstealing{locality#6/total}/depthpool/distributedSteals,355,449.997415,[s],0
/workstealing{locality#7/total}/depthpool/distributedSteals,355,449.999623,[s],1
/workstealing{locality#0/total}/depthpool/distributedSteals,356,451.145519,[s],0
/workstealing{locality#1/total}/depthpool/distributedSteals,356,451.361372,[s],0
/workstealing{locality#2/total}/depthpool/distributedSteals,356,451.357455,[s],0
/workstealing{locality#3/total}/depthpool/distributedSteals,356,451.377369,[s],2
/workstealing{locality#4/total}/depthpool/distributedSteals,356,451.357477,[s],0
/workstealing{locality#5/total}/depthpool/distributedSteals,356,451.375624,[s],0
/workstealing{locality#6/total}/depthpool/distributedSteals,356,451.357516,[s],0
/workstealing{locality#7/total}/depthpool/distributedSteals,356,451.359625,[s],1
/workstealing{locality#0/total}/depthpool/distributedSteals,357,452.553537,[s],0
/workstealing{locality#1/total}/depthpool/distributedSteals,357,452.585407,[s],0
/workstealing{locality#2/total}/depthpool/distributedSteals,357,452.597428,[s],0
/workstealing{locality#3/total}/depthpool/distributedSteals,357,452.593372,[s],2
/workstealing{locality#4/total}/depthpool/distributedSteals,357,452.613418,[s],0
/workstealing{locality#5/total}/depthpool/distributedSteals,357,452.595609,[s],0
/workstealing{locality#6/total}/depthpool/distributedSteals,357,452.593427,[s],0
/workstealing{locality#7/total}/depthpool/distributedSteals,357,452.587626,[s],1
/workstealing{locality#0/total}/depthpool/distributedSteals,358,453.965524,[s],0
/workstealing{locality#1/total}/depthpool/distributedSteals,358,453.997397,[s],0
/workstealing{locality#2/total}/depthpool/distributedSteals,358,454.001421,[s],0
/workstealing{locality#3/total}/depthpool/distributedSteals,358,454.001384,[s],2
/workstealing{locality#4/total}/depthpool/distributedSteals,358,454.021414,[s],0
/workstealing{locality#5/total}/depthpool/distributedSteals,358,453.995660,[s],0
/workstealing{locality#6/total}/depthpool/distributedSteals,358,453.997463,[s],0
/workstealing{locality#7/total}/depthpool/distributedSteals,358,453.995680,[s],1
/workstealing{locality#0/total}/depthpool/distributedSteals,359,455.133447,[s],0
/workstealing{locality#1/total}/depthpool/distributedSteals,359,455.209388,[s],0
/workstealing{locality#2/total}/depthpool/distributedSteals,359,455.209409,[s],0
/workstealing{locality#3/total}/depthpool/distributedSteals,359,455.225382,[s],2
/workstealing{locality#4/total}/depthpool/distributedSteals,359,455.213411,[s],0
/workstealing{locality#5/total}/depthpool/distributedSteals,359,455.195682,[s],0
/workstealing{locality#6/total}/depthpool/distributedSteals,359,455.201426,[s],0
/workstealing{locality#7/total}/depthpool/distributedSteals,359,455.227611,[s],1
/workstealing{locality#0/total}/depthpool/distributedSteals,360,456.309515,[s],0
/workstealing{locality#1/total}/depthpool/distributedSteals,360,456.337384,[s],0
/workstealing{locality#2/total}/depthpool/distributedSteals,360,456.309551,[s],0
/workstealing{locality#3/total}/depthpool/distributedSteals,360,456.309516,[s],2
/workstealing{locality#4/total}/depthpool/distributedSteals,360,456.337416,[s],0
/workstealing{locality#5/total}/depthpool/distributedSteals,360,456.335627,[s],0
/workstealing{locality#6/total}/depthpool/distributedSteals,360,456.317429,[s],0
/workstealing{locality#7/total}/depthpool/distributedSteals,360,456.335622,[s],1
/workstealing{locality#0/total}/depthpool/distributedSteals,361,457.477541,[s],0
/workstealing{locality#1/total}/depthpool/distributedSteals,361,457.481373,[s],0
/workstealing{locality#2/total}/depthpool/distributedSteals,361,457.477576,[s],0
/workstealing{locality#3/total}/depthpool/distributedSteals,361,457.489384,[s],2
/workstealing{locality#4/total}/depthpool/distributedSteals,361,457.485411,[s],0
/workstealing{locality#5/total}/depthpool/distributedSteals,361,457.479626,[s],0
/workstealing{locality#6/total}/depthpool/distributedSteals,361,457.481417,[s],0
/workstealing{locality#7/total}/depthpool/distributedSteals,361,457.491625,[s],1
/workstealing{locality#0/total}/depthpool/distributedSteals,362,458.593526,[s],0
/workstealing{locality#1/total}/depthpool/distributedSteals,362,458.617388,[s],0
/workstealing{locality#2/total}/depthpool/distributedSteals,362,458.601421,[s],0
/workstealing{locality#3/total}/depthpool/distributedSteals,362,458.613383,[s],2
/workstealing{locality#4/total}/depthpool/distributedSteals,362,458.621417,[s],0
/workstealing{locality#5/total}/depthpool/distributedSteals,362,458.595610,[s],0
/workstealing{locality#6/total}/depthpool/distributedSteals,362,458.613414,[s],0
/workstealing{locality#7/total}/depthpool/distributedSteals,362,458.591824,[s],1
/workstealing{locality#0/total}/depthpool/distributedSteals,363,459.713443,[s],0
/workstealing{locality#1/total}/depthpool/distributedSteals,363,459.725391,[s],0
/workstealing{locality#2/total}/depthpool/distributedSteals,363,459.713474,[s],0
/workstealing{locality#3/total}/depthpool/distributedSteals,363,459.737383,[s],2
/workstealing{locality#4/total}/depthpool/distributedSteals,363,459.725414,[s],0
/workstealing{locality#5/total}/depthpool/distributedSteals,363,459.711713,[s],0
/workstealing{locality#6/total}/depthpool/distributedSteals,363,459.741414,[s],0
/workstealing{locality#7/total}/depthpool/distributedSteals,363,459.719624,[s],1
/workstealing{locality#0/total}/depthpool/distributedSteals,364,460.805519,[s],0
/workstealing{locality#1/total}/depthpool/distributedSteals,364,460.853391,[s],0
/workstealing{locality#2/total}/depthpool/distributedSteals,364,460.861406,[s],0
/workstealing{locality#3/total}/depthpool/distributedSteals,364,460.849388,[s],2
/workstealing{locality#4/total}/depthpool/distributedSteals,364,460.837446,[s],0
/workstealing{locality#5/total}/depthpool/distributedSteals,364,460.867612,[s],0
/workstealing{locality#6/total}/depthpool/distributedSteals,364,460.845417,[s],0
/workstealing{locality#7/total}/depthpool/distributedSteals,364,460.847630,[s],1
/workstealing{locality#0/total}/depthpool/distributedSteals,365,462.053416,[s],0
/workstealing{locality#1/total}/depthpool/distributedSteals,365,462.081399,[s],0
/workstealing{locality#2/total}/depthpool/distributedSteals,365,462.109419,[s],0
/workstealing{locality#3/total}/depthpool/distributedSteals,365,462.093386,[s],2
/workstealing{locality#4/total}/depthpool/distributedSteals,365,462.097410,[s],0
/workstealing{locality#5/total}/depthpool/distributedSteals,365,462.083635,[s],0
/workstealing{locality#6/total}/depthpool/distributedSteals,365,462.097417,[s],0
/workstealing{locality#7/total}/depthpool/distributedSteals,365,462.087622,[s],1
/workstealing{locality#0/total}/depthpool/distributedSteals,366,463.217532,[s],0
/workstealing{locality#1/total}/depthpool/distributedSteals,366,463.377397,[s],0
/workstealing{locality#2/total}/depthpool/distributedSteals,366,463.405428,[s],0
/workstealing{locality#3/total}/depthpool/distributedSteals,366,463.405384,[s],2
/workstealing{locality#4/total}/depthpool/distributedSteals,366,463.397414,[s],0
/workstealing{locality#5/total}/depthpool/distributedSteals,366,463.399626,[s],0
/workstealing{locality#6/total}/depthpool/distributedSteals,366,463.377471,[s],0
/workstealing{locality#7/total}/depthpool/distributedSteals,366,463.399621,[s],1
/workstealing{locality#0/total}/depthpool/distributedSteals,367,464.493416,[s],0
/workstealing{locality#1/total}/depthpool/distributedSteals,367,464.565373,[s],0
/workstealing{locality#2/total}/depthpool/distributedSteals,367,464.553452,[s],0
/workstealing{locality#3/total}/depthpool/distributedSteals,367,464.577385,[s],2
/workstealing{locality#4/total}/depthpool/distributedSteals,367,464.553452,[s],0
/workstealing{locality#5/total}/depthpool/distributedSteals,367,464.559624,[s],0
/workstealing{locality#6/total}/depthpool/distributedSteals,367,464.553481,[s],0
/workstealing{locality#7/total}/depthpool/distributedSteals,367,464.551692,[s],1
/workstealing{locality#0/total}/depthpool/distributedSteals,368,465.733536,[s],0
/workstealing{locality#1/total}/depthpool/distributedSteals,368,465.733527,[s],0
/workstealing{locality#2/total}/depthpool/distributedSteals,368,465.753422,[s],0
/workstealing{locality#3/total}/depthpool/distributedSteals,368,465.745382,[s],2
/workstealing{locality#4/total}/depthpool/distributedSteals,368,465.761417,[s],0
/workstealing{locality#5/total}/depthpool/distributedSteals,368,465.751623,[s],0
/workstealing{locality#6/total}/depthpool/distributedSteals,368,465.733595,[s],0
/workstealing{locality#7/total}/depthpool/distributedSteals,368,465.731810,[s],1
/workstealing{locality#0/total}/depthpool/distributedSteals,369,466.921415,[s],0
/workstealing{locality#1/total}/depthpool/distributedSteals,369,466.985392,[s],0
/workstealing{locality#2/total}/depthpool/distributedSteals,369,467.001419,[s],0
/workstealing{locality#3/total}/depthpool/distributedSteals,369,466.981409,[s],2
/workstealing{locality#4/total}/depthpool/distributedSteals,369,467.009421,[s],0
/workstealing{locality#5/total}/depthpool/distributedSteals,369,466.983622,[s],0
/workstealing{locality#6/total}/depthpool/distributedSteals,369,467.009420,[s],0
/workstealing{locality#7/total}/depthpool/distributedSteals,369,466.995627,[s],1
/workstealing{locality#0/total}/depthpool/distributedSteals,370,468.237522,[s],0
/workstealing{locality#1/total}/depthpool/distributedSteals,370,468.249383,[s],0
/workstealing{locality#2/total}/depthpool/distributedSteals,370,468.261407,[s],0
/workstealing{locality#3/total}/depthpool/distributedSteals,370,468.253383,[s],2
/workstealing{locality#4/total}/depthpool/distributedSteals,370,468.237559,[s],0
/workstealing{locality#5/total}/depthpool/distributedSteals,370,468.239626,[s],0
/workstealing{locality#6/total}/depthpool/distributedSteals,370,468.253417,[s],0
/workstealing{locality#7/total}/depthpool/distributedSteals,370,468.259626,[s],1
/workstealing{locality#0/total}/depthpool/distributedSteals,371,469.373546,[s],0
/workstealing{locality#1/total}/depthpool/distributedSteals,371,469.389384,[s],0
/workstealing{locality#2/total}/depthpool/distributedSteals,371,469.377422,[s],0
/workstealing{locality#3/total}/depthpool/distributedSteals,371,469.401371,[s],2
/workstealing{locality#4/total}/depthpool/distributedSteals,371,469.377429,[s],0
/workstealing{locality#5/total}/depthpool/distributedSteals,371,469.383624,[s],0
/workstealing{locality#6/total}/depthpool/distributedSteals,371,469.401432,[s],0
/workstealing{locality#7/total}/depthpool/distributedSteals,371,469.395609,[s],1
/workstealing{locality#0/total}/depthpool/distributedSteals,372,470.657440,[s],0
/workstealing{locality#1/total}/depthpool/distributedSteals,372,470.797382,[s],0
/workstealing{locality#2/total}/depthpool/distributedSteals,372,470.813420,[s],0
/workstealing{locality#3/total}/depthpool/distributedSteals,372,470.797381,[s],2
/workstealing{locality#4/total}/depthpool/distributedSteals,372,470.789402,[s],0
/workstealing{locality#5/total}/depthpool/distributedSteals,372,470.787623,[s],0
/workstealing{locality#6/total}/depthpool/distributedSteals,372,470.810347,[s],0
/workstealing{locality#7/total}/depthpool/distributedSteals,372,470.795623,[s],1
/workstealing{locality#0/total}/depthpool/distributedSteals,373,471.973618,[s],0
/workstealing{locality#1/total}/depthpool/distributedSteals,373,471.997383,[s],0
/workstealing{locality#2/total}/depthpool/distributedSteals,373,471.989420,[s],0
/workstealing{locality#3/total}/depthpool/distributedSteals,373,471.977383,[s],2
/workstealing{locality#4/total}/depthpool/distributedSteals,373,471.973586,[s],0
/workstealing{locality#5/total}/depthpool/distributedSteals,373,471.971800,[s],0
/workstealing{locality#6/total}/depthpool/distributedSteals,373,472.001414,[s],0
/workstealing{locality#7/total}/depthpool/distributedSteals,373,471.983611,[s],1
/workstealing{locality#0/total}/depthpool/distributedSteals,374,473.249521,[s],0
/workstealing{locality#1/total}/depthpool/distributedSteals,374,473.333386,[s],0
/workstealing{locality#2/total}/depthpool/distributedSteals,374,473.321406,[s],0
/workstealing{locality#3/total}/depthpool/distributedSteals,374,473.337387,[s],2
/workstealing{locality#4/total}/depthpool/distributedSteals,374,473.345401,[s],0
/workstealing{locality#5/total}/depthpool/distributedSteals,374,473.315625,[s],0
/workstealing{locality#6/total}/depthpool/distributedSteals,374,473.325419,[s],0
/workstealing{locality#7/total}/depthpool/distributedSteals,374,473.331623,[s],1
/workstealing{locality#0/total}/depthpool/distributedSteals,375,474.485413,[s],0
/workstealing{locality#1/total}/depthpool/distributedSteals,375,474.569372,[s],0
/workstealing{locality#2/total}/depthpool/distributedSteals,375,474.565421,[s],0
/workstealing{locality#3/total}/depthpool/distributedSteals,375,474.569382,[s],2
/workstealing{locality#4/total}/depthpool/distributedSteals,375,474.549459,[s],0
/workstealing{locality#5/total}/depthpool/distributedSteals,375,474.563621,[s],0
/workstealing{locality#6/total}/depthpool/distributedSteals,375,474.553420,[s],0
/workstealing{locality#7/total}/depthpool/distributedSteals,375,474.567627,[s],1
/workstealing{locality#0/total}/depthpool/distributedSteals,376,475.833528,[s],0
/workstealing{locality#1/total}/depthpool/distributedSteals,376,475.941388,[s],0
/workstealing{locality#2/total}/depthpool/distributedSteals,376,475.945423,[s],0
/workstealing{locality#3/total}/depthpool/distributedSteals,376,475.941381,[s],2
/workstealing{locality#4/total}/depthpool/distributedSteals,376,475.953414,[s],0
/workstealing{locality#5/total}/depthpool/distributedSteals,376,475.927678,[s],0
/workstealing{locality#6/total}/depthpool/distributedSteals,376,475.941422,[s],0
/workstealing{locality#7/total}/depthpool/distributedSteals,376,475.927693,[s],1
/workstealing{locality#0/total}/depthpool/distributedSteals,377,477.093524,[s],0
/workstealing{locality#1/total}/depthpool/distributedSteals,377,477.253386,[s],0
/workstealing{locality#2/total}/depthpool/distributedSteals,377,477.233419,[s],0
/workstealing{locality#3/total}/depthpool/distributedSteals,377,477.245389,[s],2
/workstealing{locality#4/total}/depthpool/distributedSteals,377,477.229412,[s],0
/workstealing{locality#5/total}/depthpool/distributedSteals,377,477.239622,[s],0
/workstealing{locality#6/total}/depthpool/distributedSteals,377,477.245418,[s],0
/workstealing{locality#7/total}/depthpool/distributedSteals,377,477.243621,[s],1
/workstealing{locality#0/total}/depthpool/distributedSteals,378,478.385512,[s],0
/workstealing{locality#1/total}/depthpool/distributedSteals,378,478.385511,[s],0
/workstealing{locality#2/total}/depthpool/distributedSteals,378,478.385549,[s],0
/workstealing{locality#3/total}/depthpool/distributedSteals,378,478.397386,[s],2
/workstealing{locality#4/total}/depthpool/distributedSteals,378,478.401412,[s],0
/workstealing{locality#5/total}/depthpool/distributedSteals,378,478.407623,[s],0
/workstealing{locality#6/total}/depthpool/distributedSteals,378,478.385592,[s],0
/workstealing{locality#7/total}/depthpool/distributedSteals,378,478.403621,[s],1
/workstealing{locality#0/total}/depthpool/distributedSteals,379,479.813414,[s],0
/workstealing{locality#1/total}/depthpool/distributedSteals,379,479.973390,[s],0
/workstealing{locality#2/total}/depthpool/distributedSteals,379,479.969453,[s],0
/workstealing{locality#3/total}/depthpool/distributedSteals,379,479.997383,[s],2
/workstealing{locality#4/total}/depthpool/distributedSteals,379,479.969458,[s],0
/workstealing{locality#5/total}/depthpool/distributedSteals,379,479.979623,[s],0
/workstealing{locality#6/total}/depthpool/distributedSteals,379,479.969474,[s],0
/workstealing{locality#7/total}/depthpool/distributedSteals,379,479.991625,[s],1
/workstealing{locality#0/total}/depthpool/distributedSteals,380,481.221418,[s],0
/workstealing{locality#1/total}/depthpool/distributedSteals,380,481.257386,[s],0
/workstealing{locality#2/total}/depthpool/distributedSteals,380,481.257407,[s],0
/workstealing{locality#3/total}/depthpool/distributedSteals,380,481.257400,[s],2
/workstealing{locality#4/total}/depthpool/distributedSteals,380,481.253415,[s],0
/workstealing{locality#5/total}/depthpool/distributedSteals,380,481.255625,[s],0
/workstealing{locality#6/total}/depthpool/distributedSteals,380,481.249469,[s],0
/workstealing{locality#7/total}/depthpool/distributedSteals,380,481.259625,[s],1
/workstealing{locality#0/total}/depthpool/distributedSteals,381,482.357613,[s],0
/workstealing{locality#1/total}/depthpool/distributedSteals,381,482.377384,[s],0
/workstealing{locality#2/total}/depthpool/distributedSteals,381,482.369425,[s],0
/workstealing{locality#3/total}/depthpool/distributedSteals,381,482.393378,[s],2
/workstealing{locality#4/total}/depthpool/distributedSteals,381,482.357599,[s],0
/workstealing{locality#5/total}/depthpool/distributedSteals,381,482.383624,[s],0
/workstealing{locality#6/total}/depthpool/distributedSteals,381,482.357611,[s],0
/workstealing{locality#7/total}/depthpool/distributedSteals,381,482.363621,[s],1
/workstealing{locality#0/total}/depthpool/distributedSteals,382,483.469523,[s],0
/workstealing{locality#1/total}/depthpool/distributedSteals,382,483.597402,[s],0
/workstealing{locality#2/total}/depthpool/distributedSteals,382,483.601410,[s],0
/workstealing{locality#3/total}/depthpool/distributedSteals,382,483.609384,[s],2
/workstealing{locality#4/total}/depthpool/distributedSteals,382,483.625411,[s],0
/workstealing{locality#5/total}/depthpool/distributedSteals,382,483.619621,[s],0
/workstealing{locality#6/total}/depthpool/distributedSteals,382,483.597485,[s],0
/workstealing{locality#7/total}/depthpool/distributedSteals,382,483.623622,[s],1
/workstealing{locality#0/total}/depthpool/distributedSteals,383,484.685533,[s],0
/workstealing{locality#1/total}/depthpool/distributedSteals,383,484.741386,[s],0
/workstealing{locality#2/total}/depthpool/distributedSteals,383,484.721449,[s],0
/workstealing{locality#3/total}/depthpool/distributedSteals,383,484.753370,[s],2
/workstealing{locality#4/total}/depthpool/distributedSteals,383,484.733416,[s],0
/workstealing{locality#5/total}/depthpool/distributedSteals,383,484.723622,[s],0
/workstealing{locality#6/total}/depthpool/distributedSteals,383,484.737416,[s],0
/workstealing{locality#7/total}/depthpool/distributedSteals,383,484.723624,[s],1
/workstealing{locality#0/total}/depthpool/distributedSteals,384,486.001536,[s],0
/workstealing{locality#1/total}/depthpool/distributedSteals,384,486.001528,[s],0
/workstealing{locality#2/total}/depthpool/distributedSteals,384,486.021424,[s],0
/workstealing{locality#3/total}/depthpool/distributedSteals,384,486.017391,[s],2
/workstealing{locality#4/total}/depthpool/distributedSteals,384,486.029421,[s],0
/workstealing{locality#5/total}/depthpool/distributedSteals,384,486.003625,[s],0
/workstealing{locality#6/total}/depthpool/distributedSteals,384,486.009422,[s],0
/workstealing{locality#7/total}/depthpool/distributedSteals,384,486.007625,[s],1
/workstealing{locality#0/total}/depthpool/distributedSteals,385,487.273527,[s],0
/workstealing{locality#1/total}/depthpool/distributedSteals,385,487.369385,[s],0
/workstealing{locality#2/total}/depthpool/distributedSteals,385,487.361934,[s],0
/workstealing{locality#3/total}/depthpool/distributedSteals,385,487.373382,[s],2
/workstealing{locality#4/total}/depthpool/distributedSteals,385,487.361416,[s],0
/workstealing{locality#5/total}/depthpool/distributedSteals,385,487.347628,[s],0
/workstealing{locality#6/total}/depthpool/distributedSteals,385,487.349420,[s],0
/workstealing{locality#7/total}/depthpool/distributedSteals,385,487.359621,[s],1
/workstealing{locality#0/total}/depthpool/distributedSteals,386,488.637598,[s],0
/workstealing{locality#1/total}/depthpool/distributedSteals,386,488.637519,[s],0
/workstealing{locality#2/total}/depthpool/distributedSteals,386,488.641421,[s],0
/workstealing{locality#3/total}/depthpool/distributedSteals,386,488.657382,[s],2
/workstealing{locality#4/total}/depthpool/distributedSteals,386,488.647189,[s],0
/workstealing{locality#5/total}/depthpool/distributedSteals,386,488.635787,[s],0
/workstealing{locality#6/total}/depthpool/distributedSteals,386,488.641413,[s],0
/workstealing{locality#7/total}/depthpool/distributedSteals,386,488.635806,[s],1
/workstealing{locality#0/total}/depthpool/distributedSteals,387,489.825524,[s],0
/workstealing{locality#1/total}/depthpool/distributedSteals,387,489.937382,[s],0
/workstealing{locality#2/total}/depthpool/distributedSteals,387,489.925424,[s],0
/workstealing{locality#3/total}/depthpool/distributedSteals,387,489.945371,[s],2
/workstealing{locality#4/total}/depthpool/distributedSteals,387,489.937398,[s],0
/workstealing{locality#5/total}/depthpool/distributedSteals,387,489.923623,[s],0
/workstealing{locality#6/total}/depthpool/distributedSteals,387,489.945418,[s],0
/workstealing{locality#7/total}/depthpool/distributedSteals,387,489.931626,[s],1
/workstealing{locality#0/total}/depthpool/distributedSteals,388,491.081525,[s],0
/workstealing{locality#1/total}/depthpool/distributedSteals,388,491.121386,[s],0
/workstealing{locality#2/total}/depthpool/distributedSteals,388,491.089421,[s],0
/workstealing{locality#3/total}/depthpool/distributedSteals,388,491.100327,[s],2
/workstealing{locality#4/total}/depthpool/distributedSteals,388,491.109417,[s],0
/workstealing{locality#5/total}/depthpool/distributedSteals,388,491.095667,[s],0
/workstealing{locality#6/total}/depthpool/distributedSteals,388,491.081601,[s],0
/workstealing{locality#7/total}/depthpool/distributedSteals,388,491.087626,[s],1
/workstealing{locality#0/total}/depthpool/distributedSteals,389,492.193520,[s],0
/workstealing{locality#1/total}/depthpool/distributedSteals,389,492.209384,[s],0
/workstealing{locality#2/total}/depthpool/distributedSteals,389,492.201427,[s],0
/workstealing{locality#3/total}/depthpool/distributedSteals,389,492.217385,[s],2
/workstealing{locality#4/total}/depthpool/distributedSteals,389,492.205416,[s],0
/workstealing{locality#5/total}/depthpool/distributedSteals,389,492.207609,[s],0
/workstealing{locality#6/total}/depthpool/distributedSteals,389,492.205416,[s],0
/workstealing{locality#7/total}/depthpool/distributedSteals,389,492.203621,[s],1
/workstealing{locality#0/total}/depthpool/distributedSteals,390,493.357525,[s],0
/workstealing{locality#1/total}/depthpool/distributedSteals,390,493.360918,[s],0
/workstealing{locality#2/total}/depthpool/distributedSteals,390,493.361436,[s],0
/workstealing{locality#3/total}/depthpool/distributedSteals,390,493.357551,[s],2
/workstealing{locality#4/total}/depthpool/distributedSteals,390,493.369400,[s],0
/workstealing{locality#5/total}/depthpool/distributedSteals,390,493.378663,[s],0
/workstealing{locality#6/total}/depthpool/distributedSteals,390,493.373421,[s],0
/workstealing{locality#7/total}/depthpool/distributedSteals,390,493.355831,[s],1
/workstealing{locality#0/total}/depthpool/distributedSteals,391,494.529560,[s],0
/workstealing{locality#1/total}/depthpool/distributedSteals,391,494.553385,[s],0
/workstealing{locality#2/total}/depthpool/distributedSteals,391,494.529522,[s],0
/workstealing{locality#3/total}/depthpool/distributedSteals,391,494.537383,[s],2
/workstealing{locality#4/total}/depthpool/distributedSteals,391,494.549412,[s],0
/workstealing{locality#5/total}/depthpool/distributedSteals,391,494.543610,[s],0
/workstealing{locality#6/total}/depthpool/distributedSteals,391,494.549417,[s],0
/workstealing{locality#7/total}/depthpool/distributedSteals,391,494.555621,[s],1
/workstealing{locality#0/total}/depthpool/distributedSteals,392,495.657417,[s],0
/workstealing{locality#1/total}/depthpool/distributedSteals,392,495.705386,[s],0
/workstealing{locality#2/total}/depthpool/distributedSteals,392,495.697429,[s],0
/workstealing{locality#3/total}/depthpool/distributedSteals,392,495.685370,[s],2
/workstealing{locality#4/total}/depthpool/distributedSteals,392,495.697412,[s],0
/workstealing{locality#5/total}/depthpool/distributedSteals,392,495.683620,[s],0
/workstealing{locality#6/total}/depthpool/distributedSteals,392,495.701409,[s],0
/workstealing{locality#7/total}/depthpool/distributedSteals,392,495.683628,[s],1
/workstealing{locality#0/total}/depthpool/distributedSteals,393,496.981579,[s],0
/workstealing{locality#1/total}/depthpool/distributedSteals,393,497.113383,[s],0
/workstealing{locality#2/total}/depthpool/distributedSteals,393,497.133419,[s],0
/workstealing{locality#3/total}/depthpool/distributedSteals,393,497.133390,[s],2
/workstealing{locality#4/total}/depthpool/distributedSteals,393,497.129448,[s],0
/workstealing{locality#5/total}/depthpool/distributedSteals,393,497.127612,[s],0
/workstealing{locality#6/total}/depthpool/distributedSteals,393,497.121416,[s],0
/workstealing{locality#7/total}/depthpool/distributedSteals,393,497.127621,[s],1
/workstealing{locality#0/total}/depthpool/distributedSteals,394,498.449545,[s],0
/workstealing{locality#1/total}/depthpool/distributedSteals,394,498.585385,[s],0
/workstealing{locality#2/total}/depthpool/distributedSteals,394,498.585424,[s],0
/workstealing{locality#3/total}/depthpool/distributedSteals,394,498.597383,[s],2
/workstealing{locality#4/total}/depthpool/distributedSteals,394,498.577479,[s],0
/workstealing{locality#5/total}/depthpool/distributedSteals,394,498.579631,[s],0
/workstealing{locality#6/total}/depthpool/distributedSteals,394,498.605415,[s],0
/workstealing{locality#7/total}/depthpool/distributedSteals,394,498.579625,[s],1
/workstealing{locality#0/total}/depthpool/distributedSteals,395,499.881548,[s],0
/workstealing{locality#1/total}/depthpool/distributedSteals,395,499.925388,[s],0
/workstealing{locality#2/total}/depthpool/distributedSteals,395,499.913453,[s],0
/workstealing{locality#3/total}/depthpool/distributedSteals,395,499.933386,[s],2
/workstealing{locality#4/total}/depthpool/distributedSteals,395,499.925420,[s],0
/workstealing{locality#5/total}/depthpool/distributedSteals,395,499.931631,[s],0
/workstealing{locality#6/total}/depthpool/distributedSteals,395,499.913489,[s],0
/workstealing{locality#7/total}/depthpool/distributedSteals,395,499.927631,[s],1
/workstealing{locality#0/total}/depthpool/distributedSteals,396,501.149524,[s],0
/workstealing{locality#1/total}/depthpool/distributedSteals,396,501.353384,[s],0
/workstealing{locality#2/total}/depthpool/distributedSteals,396,501.349423,[s],0
/workstealing{locality#3/total}/depthpool/distributedSteals,396,501.341383,[s],2
/workstealing{locality#4/total}/depthpool/distributedSteals,396,501.329422,[s],0
/workstealing{locality#5/total}/depthpool/distributedSteals,396,501.323700,[s],0
/workstealing{locality#6/total}/depthpool/distributedSteals,396,501.325524,[s],0
/workstealing{locality#7/total}/depthpool/distributedSteals,396,501.351623,[s],1
/workstealing{locality#0/total}/depthpool/distributedSteals,397,502.417533,[s],0
/workstealing{locality#1/total}/depthpool/distributedSteals,397,502.697387,[s],0
/workstealing{locality#2/total}/depthpool/distributedSteals,397,502.681426,[s],0
/workstealing{locality#3/total}/depthpool/distributedSteals,397,502.681381,[s],2
/workstealing{locality#4/total}/depthpool/distributedSteals,397,502.685412,[s],0
/workstealing{locality#5/total}/depthpool/distributedSteals,397,502.703624,[s],0
/workstealing{locality#6/total}/depthpool/distributedSteals,397,502.701424,[s],0
/workstealing{locality#7/total}/depthpool/distributedSteals,397,502.691622,[s],1
/workstealing{locality#0/total}/depthpool/distributedSteals,398,504.001438,[s],0
/workstealing{locality#1/total}/depthpool/distributedSteals,398,504.181389,[s],0
/workstealing{locality#2/total}/depthpool/distributedSteals,398,504.161419,[s],0
/workstealing{locality#3/total}/depthpool/distributedSteals,398,504.165392,[s],2
/workstealing{locality#4/total}/depthpool/distributedSteals,398,504.157467,[s],0
/workstealing{locality#5/total}/depthpool/distributedSteals,398,504.159621,[s],0
/workstealing{locality#6/total}/depthpool/distributedSteals,398,504.165417,[s],0
/workstealing{locality#7/total}/depthpool/distributedSteals,398,504.183622,[s],1
/workstealing{locality#0/total}/depthpool/distributedSteals,399,505.369541,[s],0
/workstealing{locality#1/total}/depthpool/distributedSteals,399,505.453388,[s],0
/workstealing{locality#2/total}/depthpool/distributedSteals,399,505.437422,[s],0
/workstealing{locality#3/total}/depthpool/distributedSteals,399,505.433413,[s],2
/workstealing{locality#4/total}/depthpool/distributedSteals,399,505.437412,[s],0
/workstealing{locality#5/total}/depthpool/distributedSteals,399,505.455625,[s],0
/workstealing{locality#6/total}/depthpool/distributedSteals,399,505.449423,[s],0
/workstealing{locality#7/total}/depthpool/distributedSteals,399,505.439629,[s],1
/workstealing{locality#0/total}/depthpool/distributedSteals,400,506.749551,[s],0
/workstealing{locality#1/total}/depthpool/distributedSteals,400,506.757391,[s],0
/workstealing{locality#2/total}/depthpool/distributedSteals,400,506.777422,[s],0
/workstealing{locality#3/total}/depthpool/distributedSteals,400,506.777386,[s],2
/workstealing{locality#4/total}/depthpool/distributedSteals,400,506.769411,[s],0
/workstealing{locality#5/total}/depthpool/distributedSteals,400,506.771628,[s],0
/workstealing{locality#6/total}/depthpool/distributedSteals,400,506.765417,[s],0
/workstealing{locality#7/total}/depthpool/distributedSteals,400,506.755626,[s],1
/workstealing{locality#0/total}/depthpool/distributedSteals,401,507.869552,[s],0
/workstealing{locality#1/total}/depthpool/distributedSteals,401,508.049386,[s],0
/workstealing{locality#2/total}/depthpool/distributedSteals,401,508.045407,[s],0
/workstealing{locality#3/total}/depthpool/distributedSteals,401,508.041452,[s],2
/workstealing{locality#4/total}/depthpool/distributedSteals,401,508.053410,[s],0
/workstealing{locality#5/total}/depthpool/distributedSteals,401,508.043625,[s],0
/workstealing{locality#6/total}/depthpool/distributedSteals,401,508.041521,[s],0
/workstealing{locality#7/total}/depthpool/distributedSteals,401,508.039769,[s],1
/workstealing{locality#0/total}/depthpool/distributedSteals,402,509.217520,[s],0
/workstealing{locality#1/total}/depthpool/distributedSteals,402,509.221384,[s],0
/workstealing{locality#2/total}/depthpool/distributedSteals,402,509.229422,[s],0
/workstealing{locality#3/total}/depthpool/distributedSteals,402,509.229384,[s],2
/workstealing{locality#4/total}/depthpool/distributedSteals,402,509.221399,[s],0
/workstealing{locality#5/total}/depthpool/distributedSteals,402,509.243622,[s],0
/workstealing{locality#6/total}/depthpool/distributedSteals,402,509.237418,[s],0
/workstealing{locality#7/total}/depthpool/distributedSteals,402,509.239622,[s],1
/workstealing{locality#0/total}/depthpool/distributedSteals,403,510.409543,[s],0
/workstealing{locality#1/total}/depthpool/distributedSteals,403,510.489384,[s],0
/workstealing{locality#2/total}/depthpool/distributedSteals,403,510.465408,[s],0
/workstealing{locality#3/total}/depthpool/distributedSteals,403,510.489385,[s],2
/workstealing{locality#4/total}/depthpool/distributedSteals,403,510.477413,[s],0
/workstealing{locality#5/total}/depthpool/distributedSteals,403,510.487623,[s],0
/workstealing{locality#6/total}/depthpool/distributedSteals,403,510.469416,[s],0
/workstealing{locality#7/total}/depthpool/distributedSteals,403,510.459708,[s],1
/workstealing{locality#0/total}/depthpool/distributedSteals,404,511.649414,[s],0
/workstealing{locality#1/total}/depthpool/distributedSteals,404,511.749384,[s],0
/workstealing{locality#2/total}/depthpool/distributedSteals,404,511.753425,[s],0
/workstealing{locality#3/total}/depthpool/distributedSteals,404,511.749382,[s],2
/workstealing{locality#4/total}/depthpool/distributedSteals,404,511.753414,[s],0
/workstealing{locality#5/total}/depthpool/distributedSteals,404,511.743625,[s],0
/workstealing{locality#6/total}/depthpool/distributedSteals,404,511.757404,[s],0
/workstealing{locality#7/total}/depthpool/distributedSteals,404,511.739683,[s],1
/workstealing{locality#0/total}/depthpool/distributedSteals,405,512.949446,[s],0
/workstealing{locality#1/total}/depthpool/distributedSteals,405,512.965384,[s],0
/workstealing{locality#2/total}/depthpool/distributedSteals,405,512.949475,[s],0
/workstealing{locality#3/total}/depthpool/distributedSteals,405,512.977387,[s],2
/workstealing{locality#4/total}/depthpool/distributedSteals,405,512.949493,[s],0
/workstealing{locality#5/total}/depthpool/distributedSteals,405,512.959630,[s],0
/workstealing{locality#6/total}/depthpool/distributedSteals,405,512.961422,[s],0
/workstealing{locality#7/total}/depthpool/distributedSteals,405,512.951626,[s],1
/workstealing{locality#0/total}/depthpool/distributedSteals,406,514.101529,[s],0
/workstealing{locality#1/total}/depthpool/distributedSteals,406,514.221388,[s],0
/workstealing{locality#2/total}/depthpool/distributedSteals,406,514.209424,[s],0
/workstealing{locality#3/total}/depthpool/distributedSteals,406,514.229413,[s],2
/workstealing{locality#4/total}/depthpool/distributedSteals,406,514.229413,[s],0
/workstealing{locality#5/total}/depthpool/distributedSteals,406,514.199692,[s],0
/workstealing{locality#6/total}/depthpool/distributedSteals,406,514.225417,[s],0
/workstealing{locality#7/total}/depthpool/distributedSteals,406,514.215620,[s],1
/workstealing{locality#0/total}/depthpool/distributedSteals,407,515.517529,[s],0
/workstealing{locality#1/total}/depthpool/distributedSteals,407,515.617396,[s],0
/workstealing{locality#2/total}/depthpool/distributedSteals,407,515.641420,[s],0
/workstealing{locality#3/total}/depthpool/distributedSteals,407,515.637372,[s],2
/workstealing{locality#4/total}/depthpool/distributedSteals,407,515.617457,[s],0
/workstealing{locality#5/total}/depthpool/distributedSteals,407,515.631623,[s],0
/workstealing{locality#6/total}/depthpool/distributedSteals,407,515.617485,[s],0
/workstealing{locality#7/total}/depthpool/distributedSteals,407,515.619612,[s],1
/workstealing{locality#0/total}/depthpool/distributedSteals,408,516.901445,[s],0
/workstealing{locality#1/total}/depthpool/distributedSteals,408,516.933402,[s],0
/workstealing{locality#2/total}/depthpool/distributedSteals,408,516.937422,[s],0
/workstealing{locality#3/total}/depthpool/distributedSteals,408,516.937382,[s],2
/workstealing{locality#4/total}/depthpool/distributedSteals,408,516.937413,[s],0
/workstealing{locality#5/total}/depthpool/distributedSteals,408,516.935623,[s],0
/workstealing{locality#6/total}/depthpool/distributedSteals,408,516.961428,[s],0
/workstealing{locality#7/total}/depthpool/distributedSteals,408,516.959623,[s],1
/workstealing{locality#0/total}/depthpool/distributedSteals,409,518.153415,[s],0
/workstealing{locality#1/total}/depthpool/distributedSteals,409,518.253384,[s],0
/workstealing{locality#2/total}/depthpool/distributedSteals,409,518.249448,[s],0
/workstealing{locality#3/total}/depthpool/distributedSteals,409,518.265384,[s],2
/workstealing{locality#4/total}/depthpool/distributedSteals,409,518.257414,[s],0
/workstealing{locality#5/total}/depthpool/distributedSteals,409,518.271623,[s],0
/workstealing{locality#6/total}/depthpool/distributedSteals,409,518.249481,[s],0
/workstealing{locality#7/total}/depthpool/distributedSteals,409,518.259623,[s],1
/workstealing{locality#0/total}/depthpool/distributedSteals,410,519.513441,[s],0
/workstealing{locality#1/total}/depthpool/distributedSteals,410,519.549385,[s],0
/workstealing{locality#2/total}/depthpool/distributedSteals,410,519.545458,[s],0
/workstealing{locality#3/total}/depthpool/distributedSteals,410,519.573386,[s],2
/workstealing{locality#4/total}/depthpool/distributedSteals,410,519.553417,[s],0
/workstealing{locality#5/total}/depthpool/distributedSteals,410,519.547627,[s],0
/workstealing{locality#6/total}/depthpool/distributedSteals,410,519.553406,[s],0
/workstealing{locality#7/total}/depthpool/distributedSteals,410,519.551624,[s],1
/workstealing{locality#0/total}/depthpool/distributedSteals,411,520.625520,[s],0
/workstealing{locality#1/total}/depthpool/distributedSteals,411,520.701384,[s],0
/workstealing{locality#2/total}/depthpool/distributedSteals,411,520.697419,[s],0
/workstealing{locality#3/total}/depthpool/distributedSteals,411,520.713386,[s],2
/workstealing{locality#4/total}/depthpool/distributedSteals,411,520.705412,[s],0
/workstealing{locality#5/total}/depthpool/distributedSteals,411,520.703656,[s],0
/workstealing{locality#6/total}/depthpool/distributedSteals,411,520.697422,[s],0
/workstealing{locality#7/total}/depthpool/distributedSteals,411,520.699625,[s],1
/workstealing{locality#0/total}/depthpool/distributedSteals,412,521.845447,[s],0
/workstealing{locality#1/total}/depthpool/distributedSteals,412,521.845439,[s],0
/workstealing{locality#2/total}/depthpool/distributedSteals,412,521.849419,[s],0
/workstealing{locality#3/total}/depthpool/distributedSteals,412,521.849383,[s],2
/workstealing{locality#4/total}/depthpool/distributedSteals,412,521.865411,[s],0
/workstealing{locality#5/total}/depthpool/distributedSteals,412,521.843701,[s],0
/workstealing{locality#6/total}/depthpool/distributedSteals,412,521.845493,[s],0
/workstealing{locality#7/total}/depthpool/distributedSteals,412,521.847626,[s],1
/workstealing{locality#0/total}/depthpool/distributedSteals,413,522.953535,[s],0
/workstealing{locality#1/total}/depthpool/distributedSteals,413,522.977386,[s],0
/workstealing{locality#2/total}/depthpool/distributedSteals,413,522.981457,[s],0
/workstealing{locality#3/total}/depthpool/distributedSteals,413,522.965386,[s],2
/workstealing{locality#4/total}/depthpool/distributedSteals,413,522.957399,[s],0
/workstealing{locality#5/total}/depthpool/distributedSteals,413,522.951801,[s],0
/workstealing{locality#6/total}/depthpool/distributedSteals,413,522.977415,[s],0
/workstealing{locality#7/total}/depthpool/distributedSteals,413,522.959626,[s],1
/workstealing{locality#0/total}/depthpool/distributedSteals,414,524.197522,[s],0
/workstealing{locality#1/total}/depthpool/distributedSteals,414,524.197513,[s],0
/workstealing{locality#2/total}/depthpool/distributedSteals,414,524.205420,[s],0
/workstealing{locality#3/total}/depthpool/distributedSteals,414,524.225385,[s],2
/workstealing{locality#4/total}/depthpool/distributedSteals,414,524.209416,[s],0
/workstealing{locality#5/total}/depthpool/distributedSteals,414,524.203623,[s],0
/workstealing{locality#6/total}/depthpool/distributedSteals,414,524.217419,[s],0
/workstealing{locality#7/total}/depthpool/distributedSteals,414,524.207647,[s],1
/workstealing{locality#0/total}/depthpool/distributedSteals,415,525.277530,[s],0
/workstealing{locality#1/total}/depthpool/distributedSteals,415,525.429386,[s],0
/workstealing{locality#2/total}/depthpool/distributedSteals,415,525.421422,[s],0
/workstealing{locality#3/total}/depthpool/distributedSteals,415,525.409415,[s],2
/workstealing{locality#4/total}/depthpool/distributedSteals,415,525.421413,[s],0
/workstealing{locality#5/total}/depthpool/distributedSteals,415,525.423621,[s],0
/workstealing{locality#6/total}/depthpool/distributedSteals,415,525.417419,[s],0
/workstealing{locality#7/total}/depthpool/distributedSteals,415,525.411620,[s],1
/workstealing{locality#0/total}/depthpool/distributedSteals,416,526.653537,[s],0
/workstealing{locality#1/total}/depthpool/distributedSteals,416,526.653537,[s],0
/workstealing{locality#2/total}/depthpool/distributedSteals,416,526.653582,[s],0
/workstealing{locality#3/total}/depthpool/distributedSteals,416,526.669384,[s],2
/workstealing{locality#4/total}/depthpool/distributedSteals,416,526.673423,[s],0
/workstealing{locality#5/total}/depthpool/distributedSteals,416,526.651831,[s],0
/workstealing{locality#6/total}/depthpool/distributedSteals,416,526.657407,[s],0
/workstealing{locality#7/total}/depthpool/distributedSteals,416,526.667623,[s],1
/workstealing{locality#0/total}/depthpool/distributedSteals,417,527.817439,[s],0
/workstealing{locality#1/total}/depthpool/distributedSteals,417,527.913397,[s],0
/workstealing{locality#2/total}/depthpool/distributedSteals,417,527.933418,[s],0
/workstealing{locality#3/total}/depthpool/distributedSteals,417,527.929386,[s],2
/workstealing{locality#4/total}/depthpool/distributedSteals,417,527.913445,[s],0
/workstealing{locality#5/total}/depthpool/distributedSteals,417,527.939622,[s],0
/workstealing{locality#6/total}/depthpool/distributedSteals,417,527.913474,[s],0
/workstealing{locality#7/total}/depthpool/distributedSteals,417,527.939621,[s],1
/workstealing{locality#0/total}/depthpool/distributedSteals,418,529.205606,[s],0
/workstealing{locality#1/total}/depthpool/distributedSteals,418,529.233388,[s],0
/workstealing{locality#2/total}/depthpool/distributedSteals,418,529.209421,[s],0
/workstealing{locality#3/total}/depthpool/distributedSteals,418,529.233386,[s],2
/workstealing{locality#4/total}/depthpool/distributedSteals,418,529.221414,[s],0
/workstealing{locality#5/total}/depthpool/distributedSteals,418,529.223629,[s],0
/workstealing{locality#6/total}/depthpool/distributedSteals,418,529.217416,[s],0
/workstealing{locality#7/total}/depthpool/distributedSteals,418,529.207623,[s],1
/workstealing{locality#0/total}/depthpool/distributedSteals,419,530.365587,[s],0
/workstealing{locality#1/total}/depthpool/distributedSteals,419,530.481387,[s],0
/workstealing{locality#2/total}/depthpool/distributedSteals,419,530.461441,[s],0
/workstealing{locality#3/total}/depthpool/distributedSteals,419,530.489374,[s],2
/workstealing{locality#4/total}/depthpool/distributedSteals,419,530.481401,[s],0
/workstealing{locality#5/total}/depthpool/distributedSteals,419,530.483626,[s],0
/workstealing{locality#6/total}/depthpool/distributedSteals,419,530.465416,[s],0
/workstealing{locality#7/total}/depthpool/distributedSteals,419,530.483631,[s],1
/workstealing{locality#0/total}/depthpool/distributedSteals,420,531.569527,[s],0
/workstealing{locality#1/total}/depthpool/distributedSteals,420,531.585387,[s],0
/workstealing{locality#2/total}/depthpool/distributedSteals,420,531.573426,[s],0
/workstealing{locality#3/total}/depthpool/distributedSteals,420,531.573384,[s],2
/workstealing{locality#4/total}/depthpool/distributedSteals,420,531.569570,[s],0
/workstealing{locality#5/total}/depthpool/distributedSteals,420,531.567791,[s],0
/workstealing{locality#6/total}/depthpool/distributedSteals,420,531.593416,[s],0
/workstealing{locality#7/total}/depthpool/distributedSteals,420,531.587628,[s],1
/workstealing{locality#0/total}/depthpool/distributedSteals,421,532.901414,[s],0
/workstealing{locality#1/total}/depthpool/distributedSteals,421,532.929385,[s],0
/workstealing{locality#2/total}/depthpool/distributedSteals,421,532.909423,[s],0
/workstealing{locality#3/total}/depthpool/distributedSteals,421,532.909384,[s],2
/workstealing{locality#4/total}/depthpool/distributedSteals,421,532.921411,[s],0
/workstealing{locality#5/total}/depthpool/distributedSteals,421,532.899687,[s],0
/workstealing{locality#6/total}/depthpool/distributedSteals,421,532.905422,[s],0
/workstealing{locality#7/total}/depthpool/distributedSteals,421,532.899706,[s],1
/workstealing{locality#0/total}/depthpool/distributedSteals,422,534.089414,[s],0
/workstealing{locality#1/total}/depthpool/distributedSteals,422,534.165384,[s],0
/workstealing{locality#2/total}/depthpool/distributedSteals,422,534.169429,[s],0
/workstealing{locality#3/total}/depthpool/distributedSteals,422,534.149419,[s],2
/workstealing{locality#4/total}/depthpool/distributedSteals,422,534.149455,[s],0
/workstealing{locality#5/total}/depthpool/distributedSteals,422,534.155623,[s],0
/workstealing{locality#6/total}/depthpool/distributedSteals,422,534.157417,[s],0
/workstealing{locality#7/total}/depthpool/distributedSteals,422,534.147694,[s],1
/workstealing{locality#0/total}/depthpool/distributedSteals,423,535.281522,[s],0
/workstealing{locality#1/total}/depthpool/distributedSteals,423,535.289384,[s],0
/workstealing{locality#2/total}/depthpool/distributedSteals,423,535.285424,[s],0
/workstealing{locality#3/total}/depthpool/distributedSteals,423,535.293383,[s],2
/workstealing{locality#4/total}/depthpool/distributedSteals,423,535.285408,[s],0
/workstealing{locality#5/total}/depthpool/distributedSteals,423,535.291621,[s],0
/workstealing{locality#6/total}/depthpool/distributedSteals,423,535.301419,[s],0
/workstealing{locality#7/total}/depthpool/distributedSteals,423,535.283628,[s],1
/workstealing{locality#0/total}/depthpool/distributedSteals,424,536.481448,[s],0
/workstealing{locality#1/total}/depthpool/distributedSteals,424,536.525385,[s],0
/workstealing{locality#2/total}/depthpool/distributedSteals,424,536.533421,[s],0
/workstealing{locality#3/total}/depthpool/distributedSteals,424,536.529393,[s],2
/workstealing{locality#4/total}/depthpool/distributedSteals,424,536.521414,[s],0
/workstealing{locality#5/total}/depthpool/distributedSteals,424,536.515623,[s],0
/workstealing{locality#6/total}/depthpool/distributedSteals,424,536.513479,[s],0
/workstealing{locality#7/total}/depthpool/distributedSteals,424,536.519621,[s],1
/workstealing{locality#0/total}/depthpool/distributedSteals,425,537.813568,[s],0
/workstealing{locality#1/total}/depthpool/distributedSteals,425,537.825374,[s],0
/workstealing{locality#2/total}/depthpool/distributedSteals,425,537.825421,[s],0
/workstealing{locality#3/total}/depthpool/distributedSteals,425,537.821373,[s],2
/workstealing{locality#4/total}/depthpool/distributedSteals,425,537.833432,[s],0
/workstealing{locality#5/total}/depthpool/distributedSteals,425,537.815611,[s],0
/workstealing{locality#6/total}/depthpool/distributedSteals,425,537.829423,[s],0
/workstealing{locality#7/total}/depthpool/distributedSteals,425,537.827622,[s],1
/workstealing{locality#0/total}/depthpool/distributedSteals,426,538.913414,[s],0
/workstealing{locality#1/total}/depthpool/distributedSteals,426,539.037384,[s],0
/workstealing{locality#2/total}/depthpool/distributedSteals,426,539.053420,[s],0
/workstealing{locality#3/total}/depthpool/distributedSteals,426,539.053384,[s],2
/workstealing{locality#4/total}/depthpool/distributedSteals,426,539.049412,[s],0
/workstealing{locality#5/total}/depthpool/distributedSteals,426,539.031681,[s],0
/workstealing{locality#6/total}/depthpool/distributedSteals,426,539.057418,[s],0
/workstealing{locality#7/total}/depthpool/distributedSteals,426,539.035622,[s],1
/workstealing{locality#0/total}/depthpool/distributedSteals,427,540.257591,[s],0
/workstealing{locality#1/total}/depthpool/distributedSteals,427,540.257601,[s],0
/workstealing{locality#2/total}/depthpool/distributedSteals,427,540.265419,[s],0
/workstealing{locality#3/total}/depthpool/distributedSteals,427,540.261386,[s],2
/workstealing{locality#4/total}/depthpool/distributedSteals,427,540.257689,[s],0
/workstealing{locality#5/total}/depthpool/distributedSteals,427,540.279623,[s],0
/workstealing{locality#6/total}/depthpool/distributedSteals,427,540.257728,[s],0
/workstealing{locality#7/total}/depthpool/distributedSteals,427,540.275622,[s],1
/workstealing{locality#0/total}/depthpool/distributedSteals,428,541.401448,[s],0
/workstealing{locality#1/total}/depthpool/distributedSteals,428,541.537385,[s],0
/workstealing{locality#2/total}/depthpool/distributedSteals,428,541.541424,[s],0
/workstealing{locality#3/total}/depthpool/distributedSteals,428,541.541383,[s],2
/workstealing{locality#4/total}/depthpool/distributedSteals,428,541.537419,[s],0
/workstealing{locality#5/total}/depthpool/distributedSteals,428,541.555624,[s],0
/workstealing{locality#6/total}/depthpool/distributedSteals,428,541.557421,[s],0
/workstealing{locality#7/total}/depthpool/distributedSteals,428,541.555634,[s],1
/workstealing{locality#0/total}/depthpool/distributedSteals,429,542.821619,[s],0
/workstealing{locality#1/total}/depthpool/distributedSteals,429,542.825384,[s],0
/workstealing{locality#2/total}/depthpool/distributedSteals,429,542.841418,[s],0
/workstealing{locality#3/total}/depthpool/distributedSteals,429,542.840184,[s],2
/workstealing{locality#4/total}/depthpool/distributedSteals,429,542.821587,[s],0
/workstealing{locality#5/total}/depthpool/distributedSteals,429,542.835622,[s],0
/workstealing{locality#6/total}/depthpool/distributedSteals,429,542.849419,[s],0
/workstealing{locality#7/total}/depthpool/distributedSteals,429,542.843625,[s],1
/workstealing{locality#0/total}/depthpool/distributedSteals,430,543.981535,[s],0
/workstealing{locality#1/total}/depthpool/distributedSteals,430,543.985374,[s],0
/workstealing{locality#2/total}/depthpool/distributedSteals,430,544.029420,[s],0
/workstealing{locality#3/total}/depthpool/distributedSteals,430,543.989387,[s],2
/workstealing{locality#4/total}/depthpool/distributedSteals,430,543.989416,[s],0
/workstealing{locality#5/total}/depthpool/distributedSteals,430,543.979806,[s],0
/workstealing{locality#6/total}/depthpool/distributedSteals,430,543.997416,[s],0
/workstealing{locality#7/total}/depthpool/distributedSteals,430,543.983625,[s],1
/workstealing{locality#0/total}/depthpool/distributedSteals,431,545.117539,[s],0
/workstealing{locality#1/total}/depthpool/distributedSteals,431,545.121373,[s],0
/workstealing{locality#2/total}/depthpool/distributedSteals,431,545.117563,[s],0
/workstealing{locality#3/total}/depthpool/distributedSteals,431,545.145385,[s],2
/workstealing{locality#4/total}/depthpool/distributedSteals,431,545.117576,[s],0
/workstealing{locality#5/total}/depthpool/distributedSteals,431,545.119623,[s],0
/workstealing{locality#6/total}/depthpool/distributedSteals,431,545.117594,[s],0
/workstealing{locality#7/total}/depthpool/distributedSteals,431,545.123609,[s],1
/workstealing{locality#0/total}/depthpool/distributedSteals,432,546.201539,[s],0
/workstealing{locality#1/total}/depthpool/distributedSteals,432,546.309391,[s],0
/workstealing{locality#2/total}/depthpool/distributedSteals,432,546.325423,[s],0
/workstealing{locality#3/total}/depthpool/distributedSteals,432,546.309383,[s],2
/workstealing{locality#4/total}/depthpool/distributedSteals,432,546.305417,[s],0
/workstealing{locality#5/total}/depthpool/distributedSteals,432,546.323632,[s],0
/workstealing{locality#6/total}/depthpool/distributedSteals,432,546.297536,[s],0
/workstealing{locality#7/total}/depthpool/distributedSteals,432,546.311623,[s],1
/workstealing{locality#0/total}/depthpool/distributedSteals,433,547.469417,[s],0
/workstealing{locality#1/total}/depthpool/distributedSteals,433,547.553386,[s],0
/workstealing{locality#2/total}/depthpool/distributedSteals,433,547.529443,[s],0
/workstealing{locality#3/total}/depthpool/distributedSteals,433,547.545382,[s],2
/workstealing{locality#4/total}/depthpool/distributedSteals,433,547.553403,[s],0
/workstealing{locality#5/total}/depthpool/distributedSteals,433,547.547620,[s],0
/workstealing{locality#6/total}/depthpool/distributedSteals,433,547.545422,[s],0
/workstealing{locality#7/total}/depthpool/distributedSteals,433,547.527677,[s],1
/workstealing{locality#0/total}/depthpool/distributedSteals,434,548.857444,[s],0
/workstealing{locality#1/total}/depthpool/distributedSteals,434,548.881394,[s],0
/workstealing{locality#2/total}/depthpool/distributedSteals,434,548.865431,[s],0
/workstealing{locality#3/total}/depthpool/distributedSteals,434,548.880293,[s],2
/workstealing{locality#4/total}/depthpool/distributedSteals,434,548.857490,[s],0
/workstealing{locality#5/total}/depthpool/distributedSteals,434,548.867621,[s],0
/workstealing{locality#6/total}/depthpool/distributedSteals,434,548.873417,[s],0
/workstealing{locality#7/total}/depthpool/distributedSteals,434,548.867609,[s],1
/workstealing{locality#0/total}/depthpool/distributedSteals,435,550.065547,[s],0
/workstealing{locality#1/total}/depthpool/distributedSteals,435,550.165386,[s],0
/workstealing{locality#2/total}/depthpool/distributedSteals,435,550.185418,[s],0
/workstealing{locality#3/total}/depthpool/distributedSteals,435,550.169384,[s],2
/workstealing{locality#4/total}/depthpool/distributedSteals,435,550.177400,[s],0
/workstealing{locality#5/total}/depthpool/distributedSteals,435,550.183623,[s],0
/workstealing{locality#6/total}/depthpool/distributedSteals,435,550.165418,[s],0
/workstealing{locality#7/total}/depthpool/distributedSteals,435,550.163621,[s],1
/workstealing{locality#0/total}/depthpool/distributedSteals,436,551.301533,[s],0
/workstealing{locality#1/total}/depthpool/distributedSteals,436,551.313388,[s],0
/workstealing{locality#2/total}/depthpool/distributedSteals,436,551.305419,[s],0
/workstealing{locality#3/total}/depthpool/distributedSteals,436,551.313384,[s],2
/workstealing{locality#4/total}/depthpool/distributedSteals,436,551.321414,[s],0
/workstealing{locality#5/total}/depthpool/distributedSteals,436,551.327625,[s],0
/workstealing{locality#6/total}/depthpool/distributedSteals,436,551.314226,[s],0
/workstealing{locality#7/total}/depthpool/distributedSteals,436,551.307639,[s],1
/workstealing{locality#0/total}/depthpool/distributedSteals,437,552.569416,[s],0
/workstealing{locality#1/total}/depthpool/distributedSteals,437,552.721386,[s],0
/workstealing{locality#2/total}/depthpool/distributedSteals,437,552.729408,[s],0
/workstealing{locality#3/total}/depthpool/distributedSteals,437,552.713385,[s],2
/workstealing{locality#4/total}/depthpool/distributedSteals,437,552.705414,[s],0
/workstealing{locality#5/total}/depthpool/distributedSteals,437,552.699623,[s],0
/workstealing{locality#6/total}/depthpool/distributedSteals,437,552.717417,[s],0
/workstealing{locality#7/total}/depthpool/distributedSteals,437,552.727609,[s],1
/workstealing{locality#0/total}/depthpool/distributedSteals,438,553.893528,[s],0
/workstealing{locality#1/total}/depthpool/distributedSteals,438,554.001384,[s],0
/workstealing{locality#2/total}/depthpool/distributedSteals,438,553.989418,[s],0
/workstealing{locality#3/total}/depthpool/distributedSteals,438,554.005388,[s],2
/workstealing{locality#4/total}/depthpool/distributedSteals,438,554.005410,[s],0
/workstealing{locality#5/total}/depthpool/distributedSteals,438,553.987622,[s],0
/workstealing{locality#6/total}/depthpool/distributedSteals,438,553.993416,[s],0
/workstealing{locality#7/total}/depthpool/distributedSteals,438,554.007609,[s],1
/workstealing{locality#0/total}/depthpool/distributedSteals,439,555.129415,[s],0
/workstealing{locality#1/total}/depthpool/distributedSteals,439,555.193388,[s],0
/workstealing{locality#2/total}/depthpool/distributedSteals,439,555.189420,[s],0
/workstealing{locality#3/total}/depthpool/distributedSteals,439,555.177386,[s],2
/workstealing{locality#4/total}/depthpool/distributedSteals,439,555.169460,[s],0
/workstealing{locality#5/total}/depthpool/distributedSteals,439,555.167672,[s],0
/workstealing{locality#6/total}/depthpool/distributedSteals,439,555.173416,[s],0
/workstealing{locality#7/total}/depthpool/distributedSteals,439,555.167690,[s],1
/workstealing{locality#0/total}/depthpool/distributedSteals,440,556.277416,[s],0
/workstealing{locality#1/total}/depthpool/distributedSteals,440,556.365401,[s],0
/workstealing{locality#2/total}/depthpool/distributedSteals,440,556.393418,[s],0
/workstealing{locality#3/total}/depthpool/distributedSteals,440,556.385385,[s],2
/workstealing{locality#4/total}/depthpool/distributedSteals,440,556.373400,[s],0
/workstealing{locality#5/total}/depthpool/distributedSteals,440,556.383626,[s],0
/workstealing{locality#6/total}/depthpool/distributedSteals,440,556.389421,[s],0
/workstealing{locality#7/total}/depthpool/distributedSteals,440,556.391623,[s],1
/workstealing{locality#0/total}/depthpool/distributedSteals,441,557.617415,[s],0
/workstealing{locality#1/total}/depthpool/distributedSteals,441,557.893384,[s],0
/workstealing{locality#2/total}/depthpool/distributedSteals,441,557.877419,[s],0
/workstealing{locality#3/total}/depthpool/distributedSteals,441,557.881385,[s],2
/workstealing{locality#4/total}/depthpool/distributedSteals,441,557.877416,[s],0
/workstealing{locality#5/total}/depthpool/distributedSteals,441,557.867687,[s],0
/workstealing{locality#6/total}/depthpool/distributedSteals,441,557.893416,[s],0
/workstealing{locality#7/total}/depthpool/distributedSteals,441,557.895620,[s],1
/workstealing{locality#0/total}/depthpool/distributedSteals,442,559.057532,[s],0
/workstealing{locality#1/total}/depthpool/distributedSteals,442,559.221373,[s],0
/workstealing{locality#2/total}/depthpool/distributedSteals,442,559.237406,[s],0
/workstealing{locality#3/total}/depthpool/distributedSteals,442,559.237430,[s],2
/workstealing{locality#4/total}/depthpool/distributedSteals,442,559.245413,[s],0
/workstealing{locality#5/total}/depthpool/distributedSteals,442,559.231622,[s],0
/workstealing{locality#6/total}/depthpool/distributedSteals,442,559.229417,[s],0
/workstealing{locality#7/total}/depthpool/distributedSteals,442,559.219611,[s],1
/workstealing{locality#0/total}/depthpool/distributedSteals,443,560.417547,[s],0
/workstealing{locality#1/total}/depthpool/distributedSteals,443,560.609372,[s],0
/workstealing{locality#2/total}/depthpool/distributedSteals,443,560.605418,[s],0
/workstealing{locality#3/total}/depthpool/distributedSteals,443,560.601382,[s],2
/workstealing{locality#4/total}/depthpool/distributedSteals,443,560.605401,[s],0
/workstealing{locality#5/total}/depthpool/distributedSteals,443,560.579609,[s],0
/workstealing{locality#6/total}/depthpool/distributedSteals,443,560.589419,[s],0
/workstealing{locality#7/total}/depthpool/distributedSteals,443,560.575691,[s],1
/workstealing{locality#0/total}/depthpool/distributedSteals,444,561.745583,[s],0
/workstealing{locality#1/total}/depthpool/distributedSteals,444,561.749388,[s],0
/workstealing{locality#2/total}/depthpool/distributedSteals,444,561.745607,[s],0
/workstealing{locality#3/total}/depthpool/distributedSteals,444,561.745583,[s],2
/workstealing{locality#4/total}/depthpool/distributedSteals,444,561.749412,[s],0
/workstealing{locality#5/total}/depthpool/distributedSteals,444,561.759625,[s],0
/workstealing{locality#6/total}/depthpool/distributedSteals,444,561.781410,[s],0
/workstealing{locality#7/total}/depthpool/distributedSteals,444,561.747628,[s],1
/workstealing{locality#0/total}/depthpool/distributedSteals,445,562.985532,[s],0
/workstealing{locality#1/total}/depthpool/distributedSteals,445,563.000187,[s],0
/workstealing{locality#2/total}/depthpool/distributedSteals,445,562.985565,[s],0
/workstealing{locality#3/total}/depthpool/distributedSteals,445,562.985539,[s],2
/workstealing{locality#4/total}/depthpool/distributedSteals,445,563.001416,[s],0
/workstealing{locality#5/total}/depthpool/distributedSteals,445,562.991624,[s],0
/workstealing{locality#6/total}/depthpool/distributedSteals,445,563.005417,[s],0
/workstealing{locality#7/total}/depthpool/distributedSteals,445,563.003622,[s],1
/workstealing{locality#0/total}/depthpool/distributedSteals,446,564.265523,[s],0
/workstealing{locality#1/total}/depthpool/distributedSteals,446,564.265521,[s],0
/workstealing{locality#2/total}/depthpool/distributedSteals,446,564.265558,[s],0
/workstealing{locality#3/total}/depthpool/distributedSteals,446,564.269384,[s],2
/workstealing{locality#4/total}/depthpool/distributedSteals,446,564.277419,[s],0
/workstealing{locality#5/total}/depthpool/distributedSteals,446,564.279621,[s],0
/workstealing{locality#6/total}/depthpool/distributedSteals,446,564.281416,[s],0
/workstealing{locality#7/total}/depthpool/distributedSteals,446,564.263818,[s],1
/workstealing{locality#0/total}/depthpool/distributedSteals,447,565.469538,[s],0
/workstealing{locality#1/total}/depthpool/distributedSteals,447,565.485390,[s],0
/workstealing{locality#2/total}/depthpool/distributedSteals,447,565.469571,[s],0
/workstealing{locality#3/total}/depthpool/distributedSteals,447,565.469541,[s],2
/workstealing{locality#4/total}/depthpool/distributedSteals,447,565.481415,[s],0
/workstealing{locality#5/total}/depthpool/distributedSteals,447,565.475623,[s],0
/workstealing{locality#6/total}/depthpool/distributedSteals,447,565.469602,[s],0
/workstealing{locality#7/total}/depthpool/distributedSteals,447,565.483626,[s],1
/workstealing{locality#0/total}/depthpool/distributedSteals,448,566.745533,[s],0
/workstealing{locality#1/total}/depthpool/distributedSteals,448,566.957384,[s],0
/workstealing{locality#2/total}/depthpool/distributedSteals,448,566.949420,[s],0
/workstealing{locality#3/total}/depthpool/distributedSteals,448,566.949384,[s],2
/workstealing{locality#4/total}/depthpool/distributedSteals,448,566.953423,[s],0
/workstealing{locality#5/total}/depthpool/distributedSteals,448,566.943668,[s],0
/workstealing{locality#6/total}/depthpool/distributedSteals,448,566.965421,[s],0
/workstealing{locality#7/total}/depthpool/distributedSteals,448,566.947622,[s],1
/workstealing{locality#0/total}/depthpool/distributedSteals,449,568.169415,[s],0
/workstealing{locality#1/total}/depthpool/distributedSteals,449,568.241386,[s],0
/workstealing{locality#2/total}/depthpool/distributedSteals,449,568.249418,[s],0
/workstealing{locality#3/total}/depthpool/distributedSteals,449,568.249382,[s],2
/workstealing{locality#4/total}/depthpool/distributedSteals,449,568.253414,[s],0
/workstealing{locality#5/total}/depthpool/distributedSteals,449,568.227675,[s],0
/workstealing{locality#6/total}/depthpool/distributedSteals,449,568.241418,[s],0
/workstealing{locality#7/total}/depthpool/distributedSteals,449,568.227683,[s],1
/workstealing{locality#0/total}/depthpool/distributedSteals,450,569.433519,[s],0
/workstealing{locality#1/total}/depthpool/distributedSteals,450,569.437384,[s],0
/workstealing{locality#2/total}/depthpool/distributedSteals,450,569.445421,[s],0
/workstealing{locality#3/total}/depthpool/distributedSteals,450,569.461384,[s],2
/workstealing{locality#4/total}/depthpool/distributedSteals,450,569.457414,[s],0
/workstealing{locality#5/total}/depthpool/distributedSteals,450,569.455621,[s],0
/workstealing{locality#6/total}/depthpool/distributedSteals,450,569.433601,[s],0
/workstealing{locality#7/total}/depthpool/distributedSteals,450,569.451618,[s],1
/workstealing{locality#0/total}/depthpool/distributedSteals,451,570.629532,[s],0
/workstealing{locality#1/total}/depthpool/distributedSteals,451,570.713385,[s],0
/workstealing{locality#2/total}/depthpool/distributedSteals,451,570.717426,[s],0
/workstealing{locality#3/total}/depthpool/distributedSteals,451,570.705389,[s],2
/workstealing{locality#4/total}/depthpool/distributedSteals,451,570.709412,[s],0
/workstealing{locality#5/total}/depthpool/distributedSteals,451,570.715623,[s],0
/workstealing{locality#6/total}/depthpool/distributedSteals,451,570.709420,[s],0
/workstealing{locality#7/total}/depthpool/distributedSteals,451,570.711629,[s],1
/workstealing{locality#0/total}/depthpool/distributedSteals,452,571.877536,[s],0
/workstealing{locality#1/total}/depthpool/distributedSteals,452,571.989389,[s],0
/workstealing{locality#2/total}/depthpool/distributedSteals,452,571.997421,[s],0
/workstealing{locality#3/total}/depthpool/distributedSteals,452,571.981382,[s],2
/workstealing{locality#4/total}/depthpool/distributedSteals,452,571.981412,[s],0
/workstealing{locality#5/total}/depthpool/distributedSteals,452,571.979624,[s],0
/workstealing{locality#6/total}/depthpool/distributedSteals,452,571.993423,[s],0
/workstealing{locality#7/total}/depthpool/distributedSteals,452,571.979623,[s],1
/workstealing{locality#0/total}/depthpool/distributedSteals,453,573.101519,[s],0
/workstealing{locality#1/total}/depthpool/distributedSteals,453,573.101502,[s],0
/workstealing{locality#2/total}/depthpool/distributedSteals,453,573.101539,[s],0
/workstealing{locality#3/total}/depthpool/distributedSteals,453,573.117390,[s],2
/workstealing{locality#4/total}/depthpool/distributedSteals,453,573.121415,[s],0
/workstealing{locality#5/total}/depthpool/distributedSteals,453,573.103624,[s],0
/workstealing{locality#6/total}/depthpool/distributedSteals,453,573.121426,[s],0
/workstealing{locality#7/total}/depthpool/distributedSteals,453,573.111630,[s],1
/workstealing{locality#0/total}/depthpool/distributedSteals,454,574.277530,[s],0
/workstealing{locality#1/total}/depthpool/distributedSteals,454,574.397382,[s],0
/workstealing{locality#2/total}/depthpool/distributedSteals,454,574.389422,[s],0
/workstealing{locality#3/total}/depthpool/distributedSteals,454,574.373430,[s],2
/workstealing{locality#4/total}/depthpool/distributedSteals,454,574.377413,[s],0
/workstealing{locality#5/total}/depthpool/distributedSteals,454,574.399625,[s],0
/workstealing{locality#6/total}/depthpool/distributedSteals,454,574.397423,[s],0
/workstealing{locality#7/total}/depthpool/distributedSteals,454,574.387623,[s],1
/workstealing{locality#0/total}/depthpool/distributedSteals,455,575.625523,[s],0
/workstealing{locality#1/total}/depthpool/distributedSteals,455,575.653372,[s],0
/workstealing{locality#2/total}/depthpool/distributedSteals,455,575.637419,[s],0
/workstealing{locality#3/total}/depthpool/distributedSteals,455,575.637383,[s],2
/workstealing{locality#4/total}/depthpool/distributedSteals,455,575.645414,[s],0
/workstealing{locality#5/total}/depthpool/distributedSteals,455,575.623776,[s],0
/workstealing{locality#6/total}/depthpool/distributedSteals,455,575.641418,[s],0
/workstealing{locality#7/total}/depthpool/distributedSteals,455,575.631626,[s],1
/workstealing{locality#0/total}/depthpool/distributedSteals,456,576.749514,[s],0
/workstealing{locality#1/total}/depthpool/distributedSteals,456,576.781382,[s],0
/workstealing{locality#2/total}/depthpool/distributedSteals,456,576.789422,[s],0
/workstealing{locality#3/total}/depthpool/distributedSteals,456,576.777421,[s],2
/workstealing{locality#4/total}/depthpool/distributedSteals,456,576.801411,[s],0
/workstealing{locality#5/total}/depthpool/distributedSteals,456,576.775679,[s],0
/workstealing{locality#6/total}/depthpool/distributedSteals,456,576.777484,[s],0
/workstealing{locality#7/total}/depthpool/distributedSteals,456,576.807627,[s],1
/workstealing{locality#0/total}/depthpool/distributedSteals,457,577.957415,[s],0
/workstealing{locality#1/total}/depthpool/distributedSteals,457,578.021385,[s],0
/workstealing{locality#2/total}/depthpool/distributedSteals,457,578.041408,[s],0
/workstealing{locality#3/total}/depthpool/distributedSteals,457,578.029386,[s],2
/workstealing{locality#4/total}/depthpool/distributedSteals,457,578.017442,[s],0
/workstealing{locality#5/total}/depthpool/distributedSteals,457,578.015661,[s],0
/workstealing{locality#6/total}/depthpool/distributedSteals,457,578.021425,[s],0
/workstealing{locality#7/total}/depthpool/distributedSteals,457,578.043624,[s],1
/workstealing{locality#0/total}/depthpool/distributedSteals,458,579.285415,[s],0
/workstealing{locality#1/total}/depthpool/distributedSteals,458,579.313404,[s],0
/workstealing{locality#2/total}/depthpool/distributedSteals,458,579.313442,[s],0
/workstealing{locality#3/total}/depthpool/distributedSteals,458,579.333373,[s],2
/workstealing{locality#4/total}/depthpool/distributedSteals,458,579.341411,[s],0
/workstealing{locality#5/total}/depthpool/distributedSteals,458,579.327610,[s],0
/workstealing{locality#6/total}/depthpool/distributedSteals,458,579.341416,[s],0
/workstealing{locality#7/total}/depthpool/distributedSteals,458,579.315630,[s],1
/workstealing{locality#0/total}/depthpool/distributedSteals,459,580.481541,[s],0
/workstealing{locality#1/total}/depthpool/distributedSteals,459,580.485383,[s],0
/workstealing{locality#2/total}/depthpool/distributedSteals,459,580.493440,[s],0
/workstealing{locality#3/total}/depthpool/distributedSteals,459,580.513391,[s],2
/workstealing{locality#4/total}/depthpool/distributedSteals,459,580.505422,[s],0
/workstealing{locality#5/total}/depthpool/distributedSteals,459,580.479849,[s],0
/workstealing{locality#6/total}/depthpool/distributedSteals,459,580.481694,[s],0
/workstealing{locality#7/total}/depthpool/distributedSteals,459,580.487613,[s],1
/workstealing{locality#0/total}/depthpool/distributedSteals,460,581.697443,[s],0
/workstealing{locality#1/total}/depthpool/distributedSteals,460,581.801385,[s],0
/workstealing{locality#2/total}/depthpool/distributedSteals,460,581.809431,[s],0
/workstealing{locality#3/total}/depthpool/distributedSteals,460,581.817385,[s],2
/workstealing{locality#4/total}/depthpool/distributedSteals,460,581.821416,[s],0
/workstealing{locality#5/total}/depthpool/distributedSteals,460,581.791679,[s],0
/workstealing{locality#6/total}/depthpool/distributedSteals,460,581.821414,[s],0
/workstealing{locality#7/total}/depthpool/distributedSteals,460,581.819623,[s],1
/workstealing{locality#0/total}/depthpool/distributedSteals,461,582.961517,[s],0
/workstealing{locality#1/total}/depthpool/distributedSteals,461,583.001384,[s],0
/workstealing{locality#2/total}/depthpool/distributedSteals,461,583.013421,[s],0
/workstealing{locality#3/total}/depthpool/distributedSteals,461,583.009389,[s],2
/workstealing{locality#4/total}/depthpool/distributedSteals,461,583.013413,[s],0
/workstealing{locality#5/total}/depthpool/distributedSteals,461,583.027610,[s],0
/workstealing{locality#6/total}/depthpool/distributedSteals,461,583.017417,[s],0
/workstealing{locality#7/total}/depthpool/distributedSteals,461,582.999621,[s],1
/workstealing{locality#0/total}/depthpool/distributedSteals,462,584.173440,[s],0
/workstealing{locality#1/total}/depthpool/distributedSteals,462,584.265384,[s],0
/workstealing{locality#2/total}/depthpool/distributedSteals,462,584.273418,[s],0
/workstealing{locality#3/total}/depthpool/distributedSteals,462,584.261382,[s],2
/workstealing{locality#4/total}/depthpool/distributedSteals,462,584.245449,[s],0
/workstealing{locality#5/total}/depthpool/distributedSteals,462,584.247622,[s],0
/workstealing{locality#6/total}/depthpool/distributedSteals,462,584.273422,[s],0
/workstealing{locality#7/total}/depthpool/distributedSteals,462,584.259622,[s],1
/workstealing{locality#0/total}/depthpool/distributedSteals,463,585.425541,[s],0
/workstealing{locality#1/total}/depthpool/distributedSteals,463,585.425534,[s],0
/workstealing{locality#2/total}/depthpool/distributedSteals,463,585.429421,[s],0
/workstealing{locality#3/total}/depthpool/distributedSteals,463,585.457379,[s],2
/workstealing{locality#4/total}/depthpool/distributedSteals,463,585.425574,[s],0
/workstealing{locality#5/total}/depthpool/distributedSteals,463,585.451622,[s],0
/workstealing{locality#6/total}/depthpool/distributedSteals,463,585.449406,[s],0
/workstealing{locality#7/total}/depthpool/distributedSteals,463,585.443623,[s],1
/workstealing{locality#0/total}/depthpool/distributedSteals,464,586.713520,[s],0
/workstealing{locality#1/total}/depthpool/distributedSteals,464,586.733384,[s],0
/workstealing{locality#2/total}/depthpool/distributedSteals,464,586.733423,[s],0
/workstealing{locality#3/total}/depthpool/distributedSteals,464,586.725386,[s],2
/workstealing{locality#4/total}/depthpool/distributedSteals,464,586.721417,[s],0
/workstealing{locality#5/total}/depthpool/distributedSteals,464,586.711768,[s],0
/workstealing{locality#6/total}/depthpool/distributedSteals,464,586.729424,[s],0
/workstealing{locality#7/total}/depthpool/distributedSteals,464,586.715705,[s],1
/workstealing{locality#0/total}/depthpool/distributedSteals,465,587.833527,[s],0
/workstealing{locality#1/total}/depthpool/distributedSteals,465,587.845376,[s],0
/workstealing{locality#2/total}/depthpool/distributedSteals,465,587.833558,[s],0
/workstealing{locality#3/total}/depthpool/distributedSteals,465,587.837384,[s],2
/workstealing{locality#4/total}/depthpool/distributedSteals,465,587.847784,[s],0
/workstealing{locality#5/total}/depthpool/distributedSteals,465,587.859625,[s],0
/workstealing{locality#6/total}/depthpool/distributedSteals,465,587.833578,[s],0
/workstealing{locality#7/total}/depthpool/distributedSteals,465,587.835624,[s],1
/workstealing{locality#0/total}/depthpool/distributedSteals,466,589.073457,[s],0
/workstealing{locality#1/total}/depthpool/distributedSteals,466,589.133385,[s],0
/workstealing{locality#2/total}/depthpool/distributedSteals,466,589.137410,[s],0
/workstealing{locality#3/total}/depthpool/distributedSteals,466,589.130557,[s],2
/workstealing{locality#4/total}/depthpool/distributedSteals,466,589.137417,[s],0
/workstealing{locality#5/total}/depthpool/distributedSteals,466,589.128818,[s],0
/workstealing{locality#6/total}/depthpool/distributedSteals,466,589.133422,[s],0
/workstealing{locality#7/total}/depthpool/distributedSteals,466,589.131610,[s],1
/workstealing{locality#0/total}/depthpool/distributedSteals,467,590.201531,[s],0
/workstealing{locality#1/total}/depthpool/distributedSteals,467,590.349384,[s],0
/workstealing{locality#2/total}/depthpool/distributedSteals,467,590.345416,[s],0
/workstealing{locality#3/total}/depthpool/distributedSteals,467,590.333393,[s],2
/workstealing{locality#4/total}/depthpool/distributedSteals,467,590.345418,[s],0
/workstealing{locality#5/total}/depthpool/distributedSteals,467,590.335622,[s],0
/workstealing{locality#6/total}/depthpool/distributedSteals,467,590.329524,[s],0
/workstealing{locality#7/total}/depthpool/distributedSteals,467,590.351623,[s],1
/workstealing{locality#0/total}/depthpool/distributedSteals,468,591.497417,[s],0
/workstealing{locality#1/total}/depthpool/distributedSteals,468,591.769389,[s],0
/workstealing{locality#2/total}/depthpool/distributedSteals,468,591.781408,[s],0
/workstealing{locality#3/total}/depthpool/distributedSteals,468,591.757406,[s],2
/workstealing{locality#4/total}/depthpool/distributedSteals,468,591.773414,[s],0
/workstealing{locality#5/total}/depthpool/distributedSteals,468,591.755681,[s],0
/workstealing{locality#6/total}/depthpool/distributedSteals,468,591.769417,[s],0
/workstealing{locality#7/total}/depthpool/distributedSteals,468,591.755698,[s],1
/workstealing{locality#0/total}/depthpool/distributedSteals,469,592.817590,[s],0
/workstealing{locality#1/total}/depthpool/distributedSteals,469,592.825384,[s],0
/workstealing{locality#2/total}/depthpool/distributedSteals,469,592.829419,[s],0
/workstealing{locality#3/total}/depthpool/distributedSteals,469,592.845383,[s],2
/workstealing{locality#4/total}/depthpool/distributedSteals,469,592.817564,[s],0
/workstealing{locality#5/total}/depthpool/distributedSteals,469,592.827659,[s],0
/workstealing{locality#6/total}/depthpool/distributedSteals,469,592.845416,[s],0
/workstealing{locality#7/total}/depthpool/distributedSteals,469,592.831621,[s],1
/workstealing{locality#0/total}/depthpool/distributedSteals,470,593.981524,[s],0
/workstealing{locality#1/total}/depthpool/distributedSteals,470,594.141388,[s],0
/workstealing{locality#2/total}/depthpool/distributedSteals,470,594.133420,[s],0
/workstealing{locality#3/total}/depthpool/distributedSteals,470,594.121420,[s],2
/workstealing{locality#4/total}/depthpool/distributedSteals,470,594.121463,[s],0
/workstealing{locality#5/total}/depthpool/distributedSteals,470,594.151632,[s],0
/workstealing{locality#6/total}/depthpool/distributedSteals,470,594.137420,[s],0
/workstealing{locality#7/total}/depthpool/distributedSteals,470,594.127623,[s],1
/workstealing{locality#0/total}/depthpool/distributedSteals,471,595.277457,[s],0
/workstealing{locality#1/total}/depthpool/distributedSteals,471,595.345394,[s],0
/workstealing{locality#2/total}/depthpool/distributedSteals,471,595.373420,[s],0
/workstealing{locality#3/total}/depthpool/distributedSteals,471,595.345422,[s],2
/workstealing{locality#4/total}/depthpool/distributedSteals,471,595.345453,[s],0
/workstealing{locality#5/total}/depthpool/distributedSteals,471,595.351625,[s],0
/workstealing{locality#6/total}/depthpool/distributedSteals,471,595.345473,[s],0
/workstealing{locality#7/total}/depthpool/distributedSteals,471,595.347620,[s],1
/workstealing{locality#0/total}/depthpool/distributedSteals,472,596.509537,[s],0
/workstealing{locality#1/total}/depthpool/distributedSteals,472,596.573397,[s],0
/workstealing{locality#2/total}/depthpool/distributedSteals,472,596.589422,[s],0
/workstealing{locality#3/total}/depthpool/distributedSteals,472,596.573415,[s],2
/workstealing{locality#4/total}/depthpool/distributedSteals,472,596.573445,[s],0
/workstealing{locality#5/total}/depthpool/distributedSteals,472,596.579621,[s],0
/workstealing{locality#6/total}/depthpool/distributedSteals,472,596.601422,[s],0
/workstealing{locality#7/total}/depthpool/distributedSteals,472,596.571680,[s],1
/workstealing{locality#0/total}/depthpool/distributedSteals,473,597.681526,[s],0
/workstealing{locality#1/total}/depthpool/distributedSteals,473,597.813389,[s],0
/workstealing{locality#2/total}/depthpool/distributedSteals,473,597.793421,[s],0
/workstealing{locality#3/total}/depthpool/distributedSteals,473,597.809383,[s],2
/workstealing{locality#4/total}/depthpool/distributedSteals,473,597.813975,[s],0
/workstealing{locality#5/total}/depthpool/distributedSteals,473,597.803625,[s],0
/workstealing{locality#6/total}/depthpool/distributedSteals,473,597.789459,[s],0
/workstealing{locality#7/total}/depthpool/distributedSteals,473,597.823609,[s],1
/workstealing{locality#0/total}/depthpool/distributedSteals,474,598.921415,[s],0
/workstealing{locality#1/total}/depthpool/distributedSteals,474,598.961388,[s],0
/workstealing{locality#2/total}/depthpool/distributedSteals,474,598.949439,[s],0
/workstealing{locality#3/total}/depthpool/distributedSteals,474,598.977382,[s],2
/workstealing{locality#4/total}/depthpool/distributedSteals,474,598.953416,[s],0
/workstealing{locality#5/total}/depthpool/distributedSteals,474,598.963622,[s],0
/workstealing{locality#6/total}/depthpool/distributedSteals,474,598.965424,[s],0
/workstealing{locality#7/total}/depthpool/distributedSteals,474,598.955623,[s],1
/workstealing{locality#0/total}/depthpool/distributedSteals,475,600.113536,[s],0
/workstealing{locality#1/total}/depthpool/distributedSteals,475,600.241374,[s],0
/workstealing{locality#2/total}/depthpool/distributedSteals,475,600.221425,[s],0
/workstealing{locality#3/total}/depthpool/distributedSteals,475,600.233388,[s],2
/workstealing{locality#4/total}/depthpool/distributedSteals,475,600.237412,[s],0
/workstealing{locality#5/total}/depthpool/distributedSteals,475,600.207688,[s],0
/workstealing{locality#6/total}/depthpool/distributedSteals,475,600.225421,[s],0
/workstealing{locality#7/total}/depthpool/distributedSteals,475,600.227621,[s],1
/workstealing{locality#0/total}/depthpool/distributedSteals,476,601.429548,[s],0
/workstealing{locality#1/total}/depthpool/distributedSteals,476,601.473384,[s],0
/workstealing{locality#2/total}/depthpool/distributedSteals,476,601.469444,[s],0
/workstealing{locality#3/total}/depthpool/distributedSteals,476,601.497372,[s],2
/workstealing{locality#4/total}/depthpool/distributedSteals,476,601.489413,[s],0
/workstealing{locality#5/total}/depthpool/distributedSteals,476,601.491624,[s],0
/workstealing{locality#6/total}/depthpool/distributedSteals,476,601.473420,[s],0
/workstealing{locality#7/total}/depthpool/distributedSteals,476,601.487621,[s],1
/workstealing{locality#0/total}/depthpool/distributedSteals,477,602.633527,[s],0
/workstealing{locality#1/total}/depthpool/distributedSteals,477,602.637371,[s],0
/workstealing{locality#2/total}/depthpool/distributedSteals,477,602.649420,[s],0
/workstealing{locality#3/total}/depthpool/distributedSteals,477,602.641388,[s],2
/workstealing{locality#4/total}/depthpool/distributedSteals,477,602.637414,[s],0
/workstealing{locality#5/total}/depthpool/distributedSteals,477,602.633679,[s],0
/workstealing{locality#6/total}/depthpool/distributedSteals,477,602.633634,[s],0
/workstealing{locality#7/total}/depthpool/distributedSteals,477,602.647621,[s],1
/workstealing{locality#0/total}/depthpool/distributedSteals,478,603.849522,[s],0
/workstealing{locality#1/total}/depthpool/distributedSteals,478,603.913411,[s],0
/workstealing{locality#2/total}/depthpool/distributedSteals,478,603.929423,[s],0
/workstealing{locality#3/total}/depthpool/distributedSteals,478,603.921388,[s],2
/workstealing{locality#4/total}/depthpool/distributedSteals,478,603.917414,[s],0
/workstealing{locality#5/total}/depthpool/distributedSteals,478,603.911702,[s],0
/workstealing{locality#6/total}/depthpool/distributedSteals,478,603.913525,[s],0
/workstealing{locality#7/total}/depthpool/distributedSteals,478,603.931628,[s],1
/workstealing{locality#0/total}/depthpool/distributedSteals,479,605.181440,[s],0
/workstealing{locality#1/total}/depthpool/distributedSteals,479,605.201371,[s],0
/workstealing{locality#2/total}/depthpool/distributedSteals,479,605.181472,[s],0
/workstealing{locality#3/total}/depthpool/distributedSteals,479,605.205371,[s],2
/workstealing{locality#4/total}/depthpool/distributedSteals,479,605.193414,[s],0
/workstealing{locality#5/total}/depthpool/distributedSteals,479,605.187625,[s],0
/workstealing{locality#6/total}/depthpool/distributedSteals,479,605.185405,[s],0
/workstealing{locality#7/total}/depthpool/distributedSteals,479,605.179733,[s],1
/workstealing{locality#0/total}/depthpool/distributedSteals,480,606.253526,[s],0
/workstealing{locality#1/total}/depthpool/distributedSteals,480,606.381391,[s],0
/workstealing{locality#2/total}/depthpool/distributedSteals,480,606.353449,[s],0
/workstealing{locality#3/total}/depthpool/distributedSteals,480,606.369384,[s],2
/workstealing{locality#4/total}/depthpool/distributedSteals,480,606.361424,[s],0
/workstealing{locality#5/total}/depthpool/distributedSteals,480,606.363621,[s],0
/workstealing{locality#6/total}/depthpool/distributedSteals,480,606.353469,[s],0
/workstealing{locality#7/total}/depthpool/distributedSteals,480,606.355610,[s],1
/workstealing{locality#0/total}/depthpool/distributedSteals,481,607.473438,[s],0
/workstealing{locality#1/total}/depthpool/distributedSteals,481,607.633401,[s],0
/workstealing{locality#2/total}/depthpool/distributedSteals,481,607.641422,[s],0
/workstealing{locality#3/total}/depthpool/distributedSteals,481,607.637384,[s],2
/workstealing{locality#4/total}/depthpool/distributedSteals,481,607.649411,[s],0
/workstealing{locality#5/total}/depthpool/distributedSteals,481,607.659631,[s],0
/workstealing{locality#6/total}/depthpool/distributedSteals,481,607.641416,[s],0
/workstealing{locality#7/total}/depthpool/distributedSteals,481,607.635631,[s],1
/workstealing{locality#0/total}/depthpool/distributedSteals,482,608.797519,[s],0
/workstealing{locality#1/total}/depthpool/distributedSteals,482,608.801383,[s],0
/workstealing{locality#2/total}/depthpool/distributedSteals,482,608.813406,[s],0
/workstealing{locality#3/total}/depthpool/distributedSteals,482,608.809387,[s],2
/workstealing{locality#4/total}/depthpool/distributedSteals,482,608.817412,[s],0
/workstealing{locality#5/total}/depthpool/distributedSteals,482,608.815624,[s],0
/workstealing{locality#6/total}/depthpool/distributedSteals,482,608.797609,[s],0
/workstealing{locality#7/total}/depthpool/distributedSteals,482,608.803621,[s],1
/workstealing{locality#0/total}/depthpool/distributedSteals,483,610.137417,[s],0
/workstealing{locality#1/total}/depthpool/distributedSteals,483,610.301400,[s],0
/workstealing{locality#2/total}/depthpool/distributedSteals,483,610.293446,[s],0
/workstealing{locality#3/total}/depthpool/distributedSteals,483,610.293414,[s],2
/workstealing{locality#4/total}/depthpool/distributedSteals,483,610.305412,[s],0
/workstealing{locality#5/total}/depthpool/distributedSteals,483,610.307622,[s],0
/workstealing{locality#6/total}/depthpool/distributedSteals,483,610.321418,[s],0
/workstealing{locality#7/total}/depthpool/distributedSteals,483,610.295609,[s],1
/workstealing{locality#0/total}/depthpool/distributedSteals,484,611.461415,[s],0
/workstealing{locality#1/total}/depthpool/distributedSteals,484,611.493386,[s],0
/workstealing{locality#2/total}/depthpool/distributedSteals,484,611.513422,[s],0
/workstealing{locality#3/total}/depthpool/distributedSteals,484,611.493371,[s],2
/workstealing{locality#4/total}/depthpool/distributedSteals,484,611.497410,[s],0
/workstealing{locality#5/total}/depthpool/distributedSteals,484,611.507621,[s],0
/workstealing{locality#6/total}/depthpool/distributedSteals,484,611.505406,[s],0
/workstealing{locality#7/total}/depthpool/distributedSteals,484,611.491628,[s],1
/workstealing{locality#0/total}/depthpool/distributedSteals,485,612.869441,[s],0
/workstealing{locality#1/total}/depthpool/distributedSteals,485,612.981385,[s],0
/workstealing{locality#2/total}/depthpool/distributedSteals,485,612.985421,[s],0
/workstealing{locality#3/total}/depthpool/distributedSteals,485,612.969415,[s],2
/workstealing{locality#4/total}/depthpool/distributedSteals,485,612.985428,[s],0
/workstealing{locality#5/total}/depthpool/distributedSteals,485,612.971620,[s],0
/workstealing{locality#6/total}/depthpool/distributedSteals,485,612.969474,[s],0
/workstealing{locality#7/total}/depthpool/distributedSteals,485,612.967681,[s],1
/workstealing{locality#0/total}/depthpool/distributedSteals,486,614.181589,[s],0
/workstealing{locality#1/total}/depthpool/distributedSteals,486,614.193384,[s],0
/workstealing{locality#2/total}/depthpool/distributedSteals,486,614.185419,[s],0
/workstealing{locality#3/total}/depthpool/distributedSteals,486,614.181528,[s],2
/workstealing{locality#4/total}/depthpool/distributedSteals,486,614.189418,[s],0
/workstealing{locality#5/total}/depthpool/distributedSteals,486,614.183627,[s],0
/workstealing{locality#6/total}/depthpool/distributedSteals,486,614.185420,[s],0
/workstealing{locality#7/total}/depthpool/distributedSteals,486,614.191622,[s],1
/workstealing{locality#0/total}/depthpool/distributedSteals,487,615.361443,[s],0
/workstealing{locality#1/total}/depthpool/distributedSteals,487,615.409387,[s],0
/workstealing{locality#2/total}/depthpool/distributedSteals,487,615.401426,[s],0
/workstealing{locality#3/total}/depthpool/distributedSteals,487,615.401384,[s],2
/workstealing{locality#4/total}/depthpool/distributedSteals,487,615.405414,[s],0
/workstealing{locality#5/total}/depthpool/distributedSteals,487,615.419621,[s],0
/workstealing{locality#6/total}/depthpool/distributedSteals,487,615.393491,[s],0
/workstealing{locality#7/total}/depthpool/distributedSteals,487,615.399625,[s],1
/workstealing{locality#0/total}/depthpool/distributedSteals,488,616.577527,[s],0
/workstealing{locality#1/total}/depthpool/distributedSteals,488,616.597390,[s],0
/workstealing{locality#2/total}/depthpool/distributedSteals,488,616.589421,[s],0
/workstealing{locality#3/total}/depthpool/distributedSteals,488,616.601385,[s],2
/workstealing{locality#4/total}/depthpool/distributedSteals,488,616.589425,[s],0
/workstealing{locality#5/total}/depthpool/distributedSteals,488,616.591610,[s],0
/workstealing{locality#6/total}/depthpool/distributedSteals,488,616.577591,[s],0
/workstealing{locality#7/total}/depthpool/distributedSteals,488,616.575796,[s],1
/workstealing{locality#0/total}/depthpool/distributedSteals,489,617.753414,[s],0
/workstealing{locality#1/total}/depthpool/distributedSteals,489,617.809402,[s],0
/workstealing{locality#2/total}/depthpool/distributedSteals,489,617.825419,[s],0
/workstealing{locality#3/total}/depthpool/distributedSteals,489,617.821386,[s],2
/workstealing{locality#4/total}/depthpool/distributedSteals,489,617.825413,[s],0
/workstealing{locality#5/total}/depthpool/distributedSteals,489,617.867640,[s],0
/workstealing{locality#6/total}/depthpool/distributedSteals,489,617.897419,[s],0
/workstealing{locality#7/total}/depthpool/distributedSteals,489,617.895623,[s],1
/workstealing{locality#0/total}/depthpool/distributedSteals,490,618.949550,[s],0
/workstealing{locality#1/total}/depthpool/distributedSteals,490,619.021386,[s],0
/workstealing{locality#2/total}/depthpool/distributedSteals,490,619.013451,[s],0
/workstealing{locality#3/total}/depthpool/distributedSteals,490,619.037384,[s],2
/workstealing{locality#4/total}/depthpool/distributedSteals,490,619.029413,[s],0
/workstealing{locality#5/total}/depthpool/distributedSteals,490,619.015626,[s],0
/workstealing{locality#6/total}/depthpool/distributedSteals,490,619.025431,[s],0
/workstealing{locality#7/total}/depthpool/distributedSteals,490,619.031622,[s],1
/workstealing{locality#0/total}/depthpool/distributedSteals,491,620.113416,[s],0
/workstealing{locality#1/total}/depthpool/distributedSteals,491,620.153386,[s],0
/workstealing{locality#2/total}/depthpool/distributedSteals,491,620.141439,[s],0
/workstealing{locality#3/total}/depthpool/distributedSteals,491,620.161382,[s],2
/workstealing{locality#4/total}/depthpool/distributedSteals,491,620.169417,[s],0
/workstealing{locality#5/total}/depthpool/distributedSteals,491,620.155622,[s],0
/workstealing{locality#6/total}/depthpool/distributedSteals,491,620.161418,[s],0
/workstealing{locality#7/total}/depthpool/distributedSteals,491,620.163621,[s],1
/workstealing{locality#0/total}/depthpool/distributedSteals,492,621.357527,[s],0
/workstealing{locality#1/total}/depthpool/distributedSteals,492,621.369389,[s],0
/workstealing{locality#2/total}/depthpool/distributedSteals,492,621.365419,[s],0
/workstealing{locality#3/total}/depthpool/distributedSteals,492,621.357532,[s],2
/workstealing{locality#4/total}/depthpool/distributedSteals,492,621.389412,[s],0
/workstealing{locality#5/total}/depthpool/distributedSteals,492,621.383622,[s],0
/workstealing{locality#6/total}/depthpool/distributedSteals,492,621.373417,[s],0
/workstealing{locality#7/total}/depthpool/distributedSteals,492,621.359621,[s],1
/workstealing{locality#0/total}/depthpool/distributedSteals,493,622.557512,[s],0
/workstealing{locality#1/total}/depthpool/distributedSteals,493,622.577390,[s],0
/workstealing{locality#2/total}/depthpool/distributedSteals,493,622.561420,[s],0
/workstealing{locality#3/total}/depthpool/distributedSteals,493,622.577382,[s],2
/workstealing{locality#4/total}/depthpool/distributedSteals,493,622.565414,[s],0
/workstealing{locality#5/total}/depthpool/distributedSteals,493,622.555704,[s],0
/workstealing{locality#6/total}/depthpool/distributedSteals,493,622.557506,[s],0
/workstealing{locality#7/total}/depthpool/distributedSteals,493,622.587610,[s],1
/workstealing{locality#0/total}/depthpool/distributedSteals,494,623.645443,[s],0
/workstealing{locality#1/total}/depthpool/distributedSteals,494,623.673384,[s],0
/workstealing{locality#2/total}/depthpool/distributedSteals,494,623.665420,[s],0
/workstealing{locality#3/total}/depthpool/distributedSteals,494,623.669383,[s],2
/workstealing{locality#4/total}/depthpool/distributedSteals,494,623.673413,[s],0
/workstealing{locality#5/total}/depthpool/distributedSteals,494,623.655625,[s],0
/workstealing{locality#6/total}/depthpool/distributedSteals,494,623.669416,[s],0
/workstealing{locality#7/total}/depthpool/distributedSteals,494,623.655623,[s],1
/workstealing{locality#0/total}/depthpool/distributedSteals,495,624.877521,[s],0
/workstealing{locality#1/total}/depthpool/distributedSteals,495,625.041400,[s],0
/workstealing{locality#2/total}/depthpool/distributedSteals,495,625.065422,[s],0
/workstealing{locality#3/total}/depthpool/distributedSteals,495,625.065386,[s],2
/workstealing{locality#4/total}/depthpool/distributedSteals,495,625.045401,[s],0
/workstealing{locality#5/total}/depthpool/distributedSteals,495,625.059628,[s],0
/workstealing{locality#6/total}/depthpool/distributedSteals,495,625.053431,[s],0
/workstealing{locality#7/total}/depthpool/distributedSteals,495,625.067631,[s],1
/workstealing{locality#0/total}/depthpool/distributedSteals,496,626.277416,[s],0
/workstealing{locality#1/total}/depthpool/distributedSteals,496,626.365440,[s],0
/workstealing{locality#2/total}/depthpool/distributedSteals,496,626.337437,[s],0
/workstealing{locality#3/total}/depthpool/distributedSteals,496,626.357381,[s],2
/workstealing{locality#4/total}/depthpool/distributedSteals,496,626.349411,[s],0
/workstealing{locality#5/total}/depthpool/distributedSteals,496,626.347627,[s],0
/workstealing{locality#6/total}/depthpool/distributedSteals,496,626.361417,[s],0
/workstealing{locality#7/total}/depthpool/distributedSteals,496,626.335678,[s],1
/workstealing{locality#0/total}/depthpool/distributedSteals,497,627.537440,[s],0
/workstealing{locality#1/total}/depthpool/distributedSteals,497,627.693396,[s],0
/workstealing{locality#2/total}/depthpool/distributedSteals,497,627.705418,[s],0
/workstealing{locality#3/total}/depthpool/distributedSteals,497,627.701386,[s],2
/workstealing{locality#4/total}/depthpool/distributedSteals,497,627.697414,[s],0
/workstealing{locality#5/total}/depthpool/distributedSteals,497,627.679629,[s],0
/workstealing{locality#6/total}/depthpool/distributedSteals,497,627.693417,[s],0
/workstealing{locality#7/total}/depthpool/distributedSteals,497,627.683626,[s],1
/workstealing{locality#0/total}/depthpool/distributedSteals,498,628.889418,[s],0
/workstealing{locality#1/total}/depthpool/distributedSteals,498,629.025382,[s],0
/workstealing{locality#2/total}/depthpool/distributedSteals,498,629.061419,[s],0
/workstealing{locality#3/total}/depthpool/distributedSteals,498,629.077383,[s],2
/workstealing{locality#4/total}/depthpool/distributedSteals,498,629.057441,[s],0
/workstealing{locality#5/total}/depthpool/distributedSteals,498,629.075622,[s],0
/workstealing{locality#6/total}/depthpool/distributedSteals,498,629.081406,[s],0
/workstealing{locality#7/total}/depthpool/distributedSteals,498,629.083623,[s],1
/workstealing{locality#0/total}/depthpool/distributedSteals,499,630.261536,[s],0
/workstealing{locality#1/total}/depthpool/distributedSteals,499,630.309382,[s],0
/workstealing{locality#2/total}/depthpool/distributedSteals,499,630.297416,[s],0
/workstealing{locality#3/total}/depthpool/distributedSteals,499,630.309390,[s],2
/workstealing{locality#4/total}/depthpool/distributedSteals,499,630.313402,[s],0
/workstealing{locality#5/total}/depthpool/distributedSteals,499,630.291663,[s],0
/workstealing{locality#6/total}/depthpool/distributedSteals,499,630.293462,[s],0
/workstealing{locality#7/total}/depthpool/distributedSteals,499,630.295629,[s],1
/workstealing{locality#0/total}/depthpool/distributedSteals,500,631.725415,[s],0
/workstealing{locality#1/total}/depthpool/distributedSteals,500,631.753397,[s],0
/workstealing{locality#2/total}/depthpool/distributedSteals,500,631.765420,[s],0
/workstealing{locality#3/total}/depthpool/distributedSteals,500,631.769383,[s],2
/workstealing{locality#4/total}/depthpool/distributedSteals,500,631.773418,[s],0
/workstealing{locality#5/total}/depthpool/distributedSteals,500,631.751661,[s],0
/workstealing{locality#6/total}/depthpool/distributedSteals,500,631.753466,[s],0
/workstealing{locality#7/total}/depthpool/distributedSteals,500,631.775621,[s],1
/workstealing{locality#0/total}/depthpool/distributedSteals,501,632.961444,[s],0
/workstealing{locality#1/total}/depthpool/distributedSteals,501,633.025404,[s],0
/workstealing{locality#2/total}/depthpool/distributedSteals,501,633.033423,[s],0
/workstealing{locality#3/total}/depthpool/distributedSteals,501,633.025413,[s],2
/workstealing{locality#4/total}/depthpool/distributedSteals,501,633.057402,[s],0
/workstealing{locality#5/total}/depthpool/distributedSteals,501,633.031624,[s],0
/workstealing{locality#6/total}/depthpool/distributedSteals,501,633.045415,[s],0
/workstealing{locality#7/total}/depthpool/distributedSteals,501,633.051618,[s],1
/workstealing{locality#0/total}/depthpool/distributedSteals,502,634.197519,[s],0
/workstealing{locality#1/total}/depthpool/distributedSteals,502,634.209384,[s],0
/workstealing{locality#2/total}/depthpool/distributedSteals,502,634.201422,[s],0
/workstealing{locality#3/total}/depthpool/distributedSteals,502,634.197515,[s],2
/workstealing{locality#4/total}/depthpool/distributedSteals,502,634.201413,[s],0
/workstealing{locality#5/total}/depthpool/distributedSteals,502,634.203611,[s],0
/workstealing{locality#6/total}/depthpool/distributedSteals,502,634.221423,[s],0
/workstealing{locality#7/total}/depthpool/distributedSteals,502,634.195791,[s],1
/workstealing{locality#0/total}/depthpool/distributedSteals,503,635.549525,[s],0
/workstealing{locality#1/total}/depthpool/distributedSteals,503,635.557390,[s],0
/workstealing{locality#2/total}/depthpool/distributedSteals,503,635.569423,[s],0
/workstealing{locality#3/total}/depthpool/distributedSteals,503,635.553383,[s],2
/workstealing{locality#4/total}/depthpool/distributedSteals,503,635.561412,[s],0
/workstealing{locality#5/total}/depthpool/distributedSteals,503,635.563630,[s],0
/workstealing{locality#6/total}/depthpool/distributedSteals,503,635.565423,[s],0
/workstealing{locality#7/total}/depthpool/distributedSteals,503,635.555624,[s],1
/workstealing{locality#0/total}/depthpool/distributedSteals,504,636.649416,[s],0
/workstealing{locality#1/total}/depthpool/distributedSteals,504,636.829390,[s],0
/workstealing{locality#2/total}/depthpool/distributedSteals,504,636.829428,[s],0
/workstealing{locality#3/total}/depthpool/distributedSteals,504,636.805414,[s],2
/workstealing{locality#4/total}/depthpool/distributedSteals,504,636.809415,[s],0
/workstealing{locality#5/total}/depthpool/distributedSteals,504,636.827620,[s],0
/workstealing{locality#6/total}/depthpool/distributedSteals,504,636.805477,[s],0
/workstealing{locality#7/total}/depthpool/distributedSteals,504,636.803691,[s],1
/workstealing{locality#0/total}/depthpool/distributedSteals,505,638.041534,[s],0
/workstealing{locality#1/total}/depthpool/distributedSteals,505,638.109390,[s],0
/workstealing{locality#2/total}/depthpool/distributedSteals,505,638.129428,[s],0
/workstealing{locality#3/total}/depthpool/distributedSteals,505,638.133386,[s],2
/workstealing{locality#4/total}/depthpool/distributedSteals,505,638.105451,[s],0
/workstealing{locality#5/total}/depthpool/distributedSteals,505,638.115623,[s],0
/workstealing{locality#6/total}/depthpool/distributedSteals,505,638.121423,[s],0
/workstealing{locality#7/total}/depthpool/distributedSteals,505,638.127621,[s],1
/workstealing{locality#0/total}/depthpool/distributedSteals,506,639.273533,[s],0
/workstealing{locality#1/total}/depthpool/distributedSteals,506,639.293372,[s],0
/workstealing{locality#2/total}/depthpool/distributedSteals,506,639.281407,[s],0
/workstealing{locality#3/total}/depthpool/distributedSteals,506,639.281387,[s],2
/workstealing{locality#4/total}/depthpool/distributedSteals,506,639.293400,[s],0
/workstealing{locality#5/total}/depthpool/distributedSteals,506,639.271795,[s],0
/workstealing{locality#6/total}/depthpool/distributedSteals,506,639.297406,[s],0
/workstealing{locality#7/total}/depthpool/distributedSteals,506,639.299621,[s],1
/workstealing{locality#0/total}/depthpool/distributedSteals,507,640.473525,[s],0
/workstealing{locality#1/total}/depthpool/distributedSteals,507,640.501388,[s],0
/workstealing{locality#2/total}/depthpool/distributedSteals,507,640.493407,[s],0
/workstealing{locality#3/total}/depthpool/distributedSteals,507,640.489383,[s],2
/workstealing{locality#4/total}/depthpool/distributedSteals,507,640.493420,[s],0
/workstealing{locality#5/total}/depthpool/distributedSteals,507,640.483627,[s],0
/workstealing{locality#6/total}/depthpool/distributedSteals,507,640.473575,[s],0
/workstealing{locality#7/total}/depthpool/distributedSteals,507,640.483622,[s],1
/workstealing{locality#0/total}/depthpool/distributedSteals,508,641.653523,[s],0
/workstealing{locality#1/total}/depthpool/distributedSteals,508,641.653514,[s],0
/workstealing{locality#2/total}/depthpool/distributedSteals,508,641.673425,[s],0
/workstealing{locality#3/total}/depthpool/distributedSteals,508,641.669388,[s],2
/workstealing{locality#4/total}/depthpool/distributedSteals,508,641.673416,[s],0
/workstealing{locality#5/total}/depthpool/distributedSteals,508,641.659610,[s],0
/workstealing{locality#6/total}/depthpool/distributedSteals,508,641.665428,[s],0
/workstealing{locality#7/total}/depthpool/distributedSteals,508,641.651803,[s],1
/workstealing{locality#0/total}/depthpool/distributedSteals,509,642.873543,[s],0
/workstealing{locality#1/total}/depthpool/distributedSteals,509,643.049386,[s],0
/workstealing{locality#2/total}/depthpool/distributedSteals,509,643.037457,[s],0
/workstealing{locality#3/total}/depthpool/distributedSteals,509,643.041383,[s],2
/workstealing{locality#4/total}/depthpool/distributedSteals,509,643.053413,[s],0
/workstealing{locality#5/total}/depthpool/distributedSteals,509,643.035691,[s],0
/workstealing{locality#6/total}/depthpool/distributedSteals,509,643.049418,[s],0
/workstealing{locality#7/total}/depthpool/distributedSteals,509,643.039617,[s],1
/workstealing{locality#0/total}/depthpool/distributedSteals,510,644.245416,[s],0
/workstealing{locality#1/total}/depthpool/distributedSteals,510,644.273395,[s],0
/workstealing{locality#2/total}/depthpool/distributedSteals,510,644.297421,[s],0
/workstealing{locality#3/total}/depthpool/distributedSteals,510,644.289382,[s],2
/workstealing{locality#4/total}/depthpool/distributedSteals,510,644.281414,[s],0
/workstealing{locality#5/total}/depthpool/distributedSteals,510,644.299623,[s],0
/workstealing{locality#6/total}/depthpool/distributedSteals,510,644.285430,[s],0
/workstealing{locality#7/total}/depthpool/distributedSteals,510,644.287631,[s],1
/workstealing{locality#0/total}/depthpool/distributedSteals,511,645.401418,[s],0
/workstealing{locality#1/total}/depthpool/distributedSteals,511,645.513382,[s],0
/workstealing{locality#2/total}/depthpool/distributedSteals,511,645.493429,[s],0
/workstealing{locality#3/total}/depthpool/distributedSteals,511,645.509382,[s],2
/workstealing{locality#4/total}/depthpool/distributedSteals,511,645.513409,[s],0
/workstealing{locality#5/total}/depthpool/distributedSteals,511,645.491622,[s],0
/workstealing{locality#6/total}/depthpool/distributedSteals,511,645.489483,[s],0
/workstealing{locality#7/total}/depthpool/distributedSteals,511,645.487685,[s],1
/workstealing{locality#0/total}/depthpool/distributedSteals,512,646.733526,[s],0
/workstealing{locality#1/total}/depthpool/distributedSteals,512,646.808188,[s],0
/workstealing{locality#2/total}/depthpool/distributedSteals,512,646.805422,[s],0
/workstealing{locality#3/total}/depthpool/distributedSteals,512,646.821381,[s],2
/workstealing{locality#4/total}/depthpool/distributedSteals,512,646.801410,[s],0
/workstealing{locality#5/total}/depthpool/distributedSteals,512,646.799620,[s],0
/workstealing{locality#6/total}/depthpool/distributedSteals,512,646.817416,[s],0
/workstealing{locality#7/total}/depthpool/distributedSteals,512,646.803622,[s],1
/workstealing{locality#0/total}/depthpool/distributedSteals,513,647.989415,[s],0
/workstealing{locality#1/total}/depthpool/distributedSteals,513,648.049397,[s],0
/workstealing{locality#2/total}/depthpool/distributedSteals,513,648.057420,[s],0
/workstealing{locality#3/total}/depthpool/distributedSteals,513,648.073383,[s],2
/workstealing{locality#4/total}/depthpool/distributedSteals,513,648.061422,[s],0
/workstealing{locality#5/total}/depthpool/distributedSteals,513,648.047683,[s],0
/workstealing{locality#6/total}/depthpool/distributedSteals,513,648.073445,[s],0
/workstealing{locality#7/total}/depthpool/distributedSteals,513,648.051624,[s],1
/workstealing{locality#0/total}/depthpool/distributedSteals,514,649.297520,[s],0
/workstealing{locality#1/total}/depthpool/distributedSteals,514,649.305386,[s],0
/workstealing{locality#2/total}/depthpool/distributedSteals,514,649.305419,[s],0
/workstealing{locality#3/total}/depthpool/distributedSteals,514,649.305382,[s],2
/workstealing{locality#4/total}/depthpool/distributedSteals,514,649.297547,[s],0
/workstealing{locality#5/total}/depthpool/distributedSteals,514,649.295765,[s],0
/workstealing{locality#6/total}/depthpool/distributedSteals,514,649.309417,[s],0
/workstealing{locality#7/total}/depthpool/distributedSteals,514,649.295788,[s],1
/workstealing{locality#0/total}/depthpool/distributedSteals,515,650.445582,[s],0
/workstealing{locality#1/total}/depthpool/distributedSteals,515,650.465383,[s],0
/workstealing{locality#2/total}/depthpool/distributedSteals,515,650.469407,[s],0
/workstealing{locality#3/total}/depthpool/distributedSteals,515,650.465382,[s],2
/workstealing{locality#4/total}/depthpool/distributedSteals,515,650.457414,[s],0
/workstealing{locality#5/total}/depthpool/distributedSteals,515,650.443777,[s],0
/workstealing{locality#6/total}/depthpool/distributedSteals,515,650.445576,[s],0
/workstealing{locality#7/total}/depthpool/distributedSteals,515,650.443801,[s],1
/workstealing{locality#0/total}/depthpool/distributedSteals,516,651.789529,[s],0
/workstealing{locality#1/total}/depthpool/distributedSteals,516,651.793389,[s],0
/workstealing{locality#2/total}/depthpool/distributedSteals,516,651.797426,[s],0
/workstealing{locality#3/total}/depthpool/distributedSteals,516,651.789533,[s],2
/workstealing{locality#4/total}/depthpool/distributedSteals,516,651.789567,[s],0
/workstealing{locality#5/total}/depthpool/distributedSteals,516,651.787778,[s],0
/workstealing{locality#6/total}/depthpool/distributedSteals,516,651.809408,[s],0
/workstealing{locality#7/total}/depthpool/distributedSteals,516,651.811611,[s],1
/workstealing{locality#0/total}/depthpool/distributedSteals,517,652.985512,[s],0
/workstealing{locality#1/total}/depthpool/distributedSteals,517,653.101388,[s],0
/workstealing{locality#2/total}/depthpool/distributedSteals,517,653.077464,[s],0
/workstealing{locality#3/total}/depthpool/distributedSteals,517,653.089389,[s],2
/workstealing{locality#4/total}/depthpool/distributedSteals,517,653.085411,[s],0
/workstealing{locality#5/total}/depthpool/distributedSteals,517,653.083623,[s],0
/workstealing{locality#6/total}/depthpool/distributedSteals,517,653.077501,[s],0
/workstealing{locality#7/total}/depthpool/distributedSteals,517,653.079623,[s],1
/workstealing{locality#0/total}/depthpool/distributedSteals,518,654.297414,[s],0
/workstealing{locality#1/total}/depthpool/distributedSteals,518,654.401383,[s],0
/workstealing{locality#2/total}/depthpool/distributedSteals,518,654.401420,[s],0
/workstealing{locality#3/total}/depthpool/distributedSteals,518,654.393383,[s],2
/workstealing{locality#4/total}/depthpool/distributedSteals,518,654.409409,[s],0
/workstealing{locality#5/total}/depthpool/distributedSteals,518,654.411623,[s],0
/workstealing{locality#6/total}/depthpool/distributedSteals,518,654.409423,[s],0
/workstealing{locality#7/total}/depthpool/distributedSteals,518,654.399631,[s],1
/workstealing{locality#0/total}/depthpool/distributedSteals,519,655.525545,[s],0
/workstealing{locality#1/total}/depthpool/distributedSteals,519,655.542183,[s],0
/workstealing{locality#2/total}/depthpool/distributedSteals,519,655.537428,[s],0
/workstealing{locality#3/total}/depthpool/distributedSteals,519,655.525559,[s],2
/workstealing{locality#4/total}/depthpool/distributedSteals,519,655.541419,[s],0
/workstealing{locality#5/total}/depthpool/distributedSteals,519,655.531620,[s],0
/workstealing{locality#6/total}/depthpool/distributedSteals,519,655.525615,[s],0
/workstealing{locality#7/total}/depthpool/distributedSteals,519,655.523829,[s],1
/workstealing{locality#0/total}/depthpool/distributedSteals,520,656.625524,[s],0
/workstealing{locality#1/total}/depthpool/distributedSteals,520,656.913375,[s],0
/workstealing{locality#2/total}/depthpool/distributedSteals,520,656.913421,[s],0
/workstealing{locality#3/total}/depthpool/distributedSteals,520,656.889426,[s],2
/workstealing{locality#4/total}/depthpool/distributedSteals,520,656.917413,[s],0
/workstealing{locality#5/total}/depthpool/distributedSteals,520,656.891626,[s],0
/workstealing{locality#6/total}/depthpool/distributedSteals,520,656.909417,[s],0
/workstealing{locality#7/total}/depthpool/distributedSteals,520,656.903632,[s],1
/workstealing{locality#0/total}/depthpool/distributedSteals,521,658.041521,[s],0
/workstealing{locality#1/total}/depthpool/distributedSteals,521,658.125385,[s],0
/workstealing{locality#2/total}/depthpool/distributedSteals,521,658.109407,[s],0
/workstealing{locality#3/total}/depthpool/distributedSteals,521,658.129385,[s],2
/workstealing{locality#4/total}/depthpool/distributedSteals,521,658.121416,[s],0
/workstealing{locality#5/total}/depthpool/distributedSteals,521,658.103696,[s],0
/workstealing{locality#6/total}/depthpool/distributedSteals,521,658.129420,[s],0
/workstealing{locality#7/total}/depthpool/distributedSteals,521,658.127629,[s],1
/workstealing{locality#0/total}/depthpool/distributedSteals,522,659.321535,[s],0
/workstealing{locality#1/total}/depthpool/distributedSteals,522,659.329385,[s],0
/workstealing{locality#2/total}/depthpool/distributedSteals,522,659.321566,[s],0
/workstealing{locality#3/total}/depthpool/distributedSteals,522,659.333382,[s],2
/workstealing{locality#4/total}/depthpool/distributedSteals,522,659.345415,[s],0
/workstealing{locality#5/total}/depthpool/distributedSteals,522,659.319791,[s],0
/workstealing{locality#6/total}/depthpool/distributedSteals,522,659.333417,[s],0
/workstealing{locality#7/total}/depthpool/distributedSteals,522,659.347622,[s],1
/workstealing{locality#0/total}/depthpool/distributedSteals,523,660.377414,[s],0
/workstealing{locality#1/total}/depthpool/distributedSteals,523,660.517384,[s],0
/workstealing{locality#2/total}/depthpool/distributedSteals,523,660.505446,[s],0
/workstealing{locality#3/total}/depthpool/distributedSteals,523,660.513383,[s],2
/workstealing{locality#4/total}/depthpool/distributedSteals,523,660.525417,[s],0
/workstealing{locality#5/total}/depthpool/distributedSteals,523,660.523610,[s],0
/workstealing{locality#6/total}/depthpool/distributedSteals,523,660.513417,[s],0
/workstealing{locality#7/total}/depthpool/distributedSteals,523,660.511630,[s],1
/workstealing{locality#0/total}/depthpool/distributedSteals,524,661.669604,[s],0
/workstealing{locality#1/total}/depthpool/distributedSteals,524,661.685384,[s],0
/workstealing{locality#2/total}/depthpool/distributedSteals,524,661.669565,[s],0
/workstealing{locality#3/total}/depthpool/distributedSteals,524,661.673390,[s],2
/workstealing{locality#4/total}/depthpool/distributedSteals,524,661.685417,[s],0
/workstealing{locality#5/total}/depthpool/distributedSteals,524,661.679625,[s],0
/workstealing{locality#6/total}/depthpool/distributedSteals,524,661.677403,[s],0
/workstealing{locality#7/total}/depthpool/distributedSteals,524,661.695621,[s],1
/workstealing{locality#0/total}/depthpool/distributedSteals,525,662.841416,[s],0
/workstealing{locality#1/total}/depthpool/distributedSteals,525,662.877406,[s],0
/workstealing{locality#2/total}/depthpool/distributedSteals,525,662.889423,[s],0
/workstealing{locality#3/total}/depthpool/distributedSteals,525,662.869385,[s],2
/workstealing{locality#4/total}/depthpool/distributedSteals,525,662.865465,[s],0
/workstealing{locality#5/total}/depthpool/distributedSteals,525,662.871621,[s],0
/workstealing{locality#6/total}/depthpool/distributedSteals,525,662.889513,[s],0
/workstealing{locality#7/total}/depthpool/distributedSteals,525,662.863698,[s],1
/workstealing{locality#0/total}/depthpool/distributedSteals,526,664.089536,[s],0
/workstealing{locality#1/total}/depthpool/distributedSteals,526,664.205383,[s],0
/workstealing{locality#2/total}/depthpool/distributedSteals,526,664.209415,[s],0
/workstealing{locality#3/total}/depthpool/distributedSteals,526,664.201385,[s],2
/workstealing{locality#4/total}/depthpool/distributedSteals,526,664.201410,[s],0
/workstealing{locality#5/total}/depthpool/distributedSteals,526,664.183672,[s],0
/workstealing{locality#6/total}/depthpool/distributedSteals,526,664.197407,[s],0
/workstealing{locality#7/total}/depthpool/distributedSteals,526,664.191624,[s],1
/workstealing{locality#0/total}/depthpool/distributedSteals,527,665.457535,[s],0
/workstealing{locality#1/total}/depthpool/distributedSteals,527,665.557386,[s],0
/workstealing{locality#2/total}/depthpool/distributedSteals,527,665.553455,[s],0
/workstealing{locality#3/total}/depthpool/distributedSteals,527,665.565385,[s],2
/workstealing{locality#4/total}/depthpool/distributedSteals,527,665.557413,[s],0
/workstealing{locality#5/total}/depthpool/distributedSteals,527,665.571623,[s],0
/workstealing{locality#6/total}/depthpool/distributedSteals,527,665.553478,[s],0
/workstealing{locality#7/total}/depthpool/distributedSteals,527,665.555612,[s],1
/workstealing{locality#0/total}/depthpool/distributedSteals,528,666.761525,[s],0
/workstealing{locality#1/total}/depthpool/distributedSteals,528,666.825411,[s],0
/workstealing{locality#2/total}/depthpool/distributedSteals,528,666.833420,[s],0
/workstealing{locality#3/total}/depthpool/distributedSteals,528,666.849400,[s],2
/workstealing{locality#4/total}/depthpool/distributedSteals,528,666.825456,[s],0
/workstealing{locality#5/total}/depthpool/distributedSteals,528,666.831623,[s],0
/workstealing{locality#6/total}/depthpool/distributedSteals,528,666.840208,[s],0
/workstealing{locality#7/total}/depthpool/distributedSteals,528,666.823691,[s],1
/workstealing{locality#0/total}/depthpool/distributedSteals,529,667.913438,[s],0
/workstealing{locality#1/total}/depthpool/distributedSteals,529,668.073385,[s],0
/workstealing{locality#2/total}/depthpool/distributedSteals,529,668.069419,[s],0
/workstealing{locality#3/total}/depthpool/distributedSteals,529,668.045427,[s],2
/workstealing{locality#4/total}/depthpool/distributedSteals,529,668.057411,[s],0
/workstealing{locality#5/total}/depthpool/distributedSteals,529,668.071611,[s],0
/workstealing{locality#6/total}/depthpool/distributedSteals,529,668.049406,[s],0
/workstealing{locality#7/total}/depthpool/distributedSteals,529,668.071622,[s],1
/workstealing{locality#0/total}/depthpool/distributedSteals,530,669.269446,[s],0
/workstealing{locality#1/total}/depthpool/distributedSteals,530,669.325391,[s],0
/workstealing{locality#2/total}/depthpool/distributedSteals,530,669.305423,[s],0
/workstealing{locality#3/total}/depthpool/distributedSteals,530,669.321389,[s],2
/workstealing{locality#4/total}/depthpool/distributedSteals,530,669.309412,[s],0
/workstealing{locality#5/total}/depthpool/distributedSteals,530,669.327609,[s],0
/workstealing{locality#6/total}/depthpool/distributedSteals,530,669.317405,[s],0
/workstealing{locality#7/total}/depthpool/distributedSteals,530,669.299706,[s],1
/workstealing{locality#0/total}/depthpool/distributedSteals,531,670.529538,[s],0
/workstealing{locality#1/total}/depthpool/distributedSteals,531,670.605391,[s],0
/workstealing{locality#2/total}/depthpool/distributedSteals,531,670.621424,[s],0
/workstealing{locality#3/total}/depthpool/distributedSteals,531,670.593410,[s],2
/workstealing{locality#4/total}/depthpool/distributedSteals,531,670.617409,[s],0
/workstealing{locality#5/total}/depthpool/distributedSteals,531,670.603619,[s],0
/workstealing{locality#6/total}/depthpool/distributedSteals,531,670.617417,[s],0
/workstealing{locality#7/total}/depthpool/distributedSteals,531,670.595628,[s],1
/workstealing{locality#0/total}/depthpool/distributedSteals,532,671.753531,[s],0
/workstealing{locality#1/total}/depthpool/distributedSteals,532,671.785395,[s],0
/workstealing{locality#2/total}/depthpool/distributedSteals,532,671.809420,[s],0
/workstealing{locality#3/total}/depthpool/distributedSteals,532,671.789389,[s],2
/workstealing{locality#4/total}/depthpool/distributedSteals,532,671.785462,[s],0
/workstealing{locality#5/total}/depthpool/distributedSteals,532,671.787623,[s],0
/workstealing{locality#6/total}/depthpool/distributedSteals,532,671.809420,[s],0
/workstealing{locality#7/total}/depthpool/distributedSteals,532,671.803624,[s],1
/workstealing{locality#0/total}/depthpool/distributedSteals,533,672.893606,[s],0
/workstealing{locality#1/total}/depthpool/distributedSteals,533,672.901386,[s],0
/workstealing{locality#2/total}/depthpool/distributedSteals,533,672.921419,[s],0
/workstealing{locality#3/total}/depthpool/distributedSteals,533,672.921387,[s],2
/workstealing{locality#4/total}/depthpool/distributedSteals,533,672.921400,[s],0
/workstealing{locality#5/total}/depthpool/distributedSteals,533,672.911622,[s],0
/workstealing{locality#6/total}/depthpool/distributedSteals,533,672.909416,[s],0
/workstealing{locality#7/total}/depthpool/distributedSteals,533,672.891815,[s],1
/workstealing{locality#0/total}/depthpool/distributedSteals,534,674.149578,[s],0
/workstealing{locality#1/total}/depthpool/distributedSteals,534,674.177382,[s],0
/workstealing{locality#2/total}/depthpool/distributedSteals,534,674.165409,[s],0
/workstealing{locality#3/total}/depthpool/distributedSteals,534,674.177374,[s],2
/workstealing{locality#4/total}/depthpool/distributedSteals,534,674.149561,[s],0
/workstealing{locality#5/total}/depthpool/distributedSteals,534,674.155627,[s],0
/workstealing{locality#6/total}/depthpool/distributedSteals,534,674.157417,[s],0
/workstealing{locality#7/total}/depthpool/distributedSteals,534,674.147789,[s],1
/workstealing{locality#0/total}/depthpool/distributedSteals,535,675.297416,[s],0
/workstealing{locality#1/total}/depthpool/distributedSteals,535,675.365388,[s],0
/workstealing{locality#2/total}/depthpool/distributedSteals,535,675.361421,[s],0
/workstealing{locality#3/total}/depthpool/distributedSteals,535,675.381381,[s],2
/workstealing{locality#4/total}/depthpool/distributedSteals,535,675.385413,[s],0
/workstealing{locality#5/total}/depthpool/distributedSteals,535,675.383629,[s],0
/workstealing{locality#6/total}/depthpool/distributedSteals,535,675.373420,[s],0
/workstealing{locality#7/total}/depthpool/distributedSteals,535,675.355693,[s],1
/workstealing{locality#0/total}/depthpool/distributedSteals,536,676.521526,[s],0
/workstealing{locality#1/total}/depthpool/distributedSteals,536,676.529390,[s],0
/workstealing{locality#2/total}/depthpool/distributedSteals,536,676.545420,[s],0
/workstealing{locality#3/total}/depthpool/distributedSteals,536,676.537383,[s],2
/workstealing{locality#4/total}/depthpool/distributedSteals,536,676.545418,[s],0
/workstealing{locality#5/total}/depthpool/distributedSteals,536,676.523698,[s],0
/workstealing{locality#6/total}/depthpool/distributedSteals,536,676.545423,[s],0
/workstealing{locality#7/total}/depthpool/distributedSteals,536,676.547622,[s],1
/workstealing{locality#0/total}/depthpool/distributedSteals,537,677.645522,[s],0
/workstealing{locality#1/total}/depthpool/distributedSteals,537,677.649379,[s],0
/workstealing{locality#2/total}/depthpool/distributedSteals,537,677.673422,[s],0
/workstealing{locality#3/total}/depthpool/distributedSteals,537,677.653383,[s],2
/workstealing{locality#4/total}/depthpool/distributedSteals,537,677.657414,[s],0
/workstealing{locality#5/total}/depthpool/distributedSteals,537,677.647620,[s],0
/workstealing{locality#6/total}/depthpool/distributedSteals,537,677.653421,[s],0
/workstealing{locality#7/total}/depthpool/distributedSteals,537,677.659621,[s],1
/workstealing{locality#0/total}/depthpool/distributedSteals,538,678.869523,[s],0
/workstealing{locality#1/total}/depthpool/distributedSteals,538,678.933374,[s],0
/workstealing{locality#2/total}/depthpool/distributedSteals,538,678.921409,[s],0
/workstealing{locality#3/total}/depthpool/distributedSteals,538,678.917387,[s],2
/workstealing{locality#4/total}/depthpool/distributedSteals,538,678.905463,[s],0
/workstealing{locality#5/total}/depthpool/distributedSteals,538,678.927624,[s],0
/workstealing{locality#6/total}/depthpool/distributedSteals,538,678.925418,[s],0
/workstealing{locality#7/total}/depthpool/distributedSteals,538,678.903691,[s],1
/workstealing{locality#0/total}/depthpool/distributedSteals,539,680.133524,[s],0
/workstealing{locality#1/total}/depthpool/distributedSteals,539,680.157386,[s],0
/workstealing{locality#2/total}/depthpool/distributedSteals,539,680.161408,[s],0
/workstealing{locality#3/total}/depthpool/distributedSteals,539,680.137392,[s],2
/workstealing{locality#4/total}/depthpool/distributedSteals,539,680.141402,[s],0
/workstealing{locality#5/total}/depthpool/distributedSteals,539,680.159622,[s],0
/workstealing{locality#6/total}/depthpool/distributedSteals,539,680.157422,[s],0
/workstealing{locality#7/total}/depthpool/distributedSteals,539,680.147626,[s],1
/workstealing{locality#0/total}/depthpool/distributedSteals,540,681.313443,[s],0
/workstealing{locality#1/total}/depthpool/distributedSteals,540,681.373385,[s],0
/workstealing{locality#2/total}/depthpool/distributedSteals,540,681.357418,[s],0
/workstealing{locality#3/total}/depthpool/distributedSteals,540,681.345421,[s],2
/workstealing{locality#4/total}/depthpool/distributedSteals,540,681.369401,[s],0
/workstealing{locality#5/total}/depthpool/distributedSteals,540,681.347631,[s],0
/workstealing{locality#6/total}/depthpool/distributedSteals,540,681.369416,[s],0
/workstealing{locality#7/total}/depthpool/distributedSteals,540,681.343700,[s],1
/workstealing{locality#0/total}/depthpool/distributedSteals,541,682.425417,[s],0
/workstealing{locality#1/total}/depthpool/distributedSteals,541,682.641383,[s],0
/workstealing{locality#2/total}/depthpool/distributedSteals,541,682.641424,[s],0
/workstealing{locality#3/total}/depthpool/distributedSteals,541,682.641388,[s],2
/workstealing{locality#4/total}/depthpool/distributedSteals,541,682.633426,[s],0
/workstealing{locality#5/total}/depthpool/distributedSteals,541,682.623670,[s],0
/workstealing{locality#6/total}/depthpool/distributedSteals,541,682.637424,[s],0
/workstealing{locality#7/total}/depthpool/distributedSteals,541,682.623695,[s],1
/workstealing{locality#0/total}/depthpool/distributedSteals,542,684.025534,[s],0
/workstealing{locality#1/total}/depthpool/distributedSteals,542,684.073392,[s],0
/workstealing{locality#2/total}/depthpool/distributedSteals,542,684.077426,[s],0
/workstealing{locality#3/total}/depthpool/distributedSteals,542,684.057417,[s],2
/workstealing{locality#4/total}/depthpool/distributedSteals,542,684.065419,[s],0
/workstealing{locality#5/total}/depthpool/distributedSteals,542,684.059621,[s],0
/workstealing{locality#6/total}/depthpool/distributedSteals,542,684.085420,[s],0
/workstealing{locality#7/total}/depthpool/distributedSteals,542,684.079627,[s],1
/workstealing{locality#0/total}/depthpool/distributedSteals,543,685.253441,[s],0
/workstealing{locality#1/total}/depthpool/distributedSteals,543,685.265375,[s],0
/workstealing{locality#2/total}/depthpool/distributedSteals,543,685.253472,[s],0
/workstealing{locality#3/total}/depthpool/distributedSteals,543,685.253461,[s],2
/workstealing{locality#4/total}/depthpool/distributedSteals,543,685.281413,[s],0
/workstealing{locality#5/total}/depthpool/distributedSteals,543,685.271629,[s],0
/workstealing{locality#6/total}/depthpool/distributedSteals,543,685.253524,[s],0
/workstealing{locality#7/total}/depthpool/distributedSteals,543,685.271624,[s],1
/workstealing{locality#0/total}/depthpool/distributedSteals,544,686.361534,[s],0
/workstealing{locality#1/total}/depthpool/distributedSteals,544,686.461395,[s],0
/workstealing{locality#2/total}/depthpool/distributedSteals,544,686.469419,[s],0
/workstealing{locality#3/total}/depthpool/distributedSteals,544,686.477383,[s],2
/workstealing{locality#4/total}/depthpool/distributedSteals,544,686.477411,[s],0
/workstealing{locality#5/total}/depthpool/distributedSteals,544,686.463623,[s],0
/workstealing{locality#6/total}/depthpool/distributedSteals,544,686.481423,[s],0
/workstealing{locality#7/total}/depthpool/distributedSteals,544,686.459679,[s],1
/workstealing{locality#0/total}/depthpool/distributedSteals,545,687.685527,[s],0
/workstealing{locality#1/total}/depthpool/distributedSteals,545,687.705384,[s],0
/workstealing{locality#2/total}/depthpool/distributedSteals,545,687.697431,[s],0
/workstealing{locality#3/total}/depthpool/distributedSteals,545,687.700581,[s],2
/workstealing{locality#4/total}/depthpool/distributedSteals,545,687.705401,[s],0
/workstealing{locality#5/total}/depthpool/distributedSteals,545,687.683781,[s],0
/workstealing{locality#6/total}/depthpool/distributedSteals,545,687.685575,[s],0
/workstealing{locality#7/total}/depthpool/distributedSteals,545,687.711622,[s],1
/workstealing{locality#0/total}/depthpool/distributedSteals,546,688.937524,[s],0
/workstealing{locality#1/total}/depthpool/distributedSteals,546,688.973390,[s],0
/workstealing{locality#2/total}/depthpool/distributedSteals,546,688.937559,[s],0
/workstealing{locality#3/total}/depthpool/distributedSteals,546,688.941386,[s],2
/workstealing{locality#4/total}/depthpool/distributedSteals,546,688.941413,[s],0
/workstealing{locality#5/total}/depthpool/distributedSteals,546,688.935812,[s],0
/workstealing{locality#6/total}/depthpool/distributedSteals,546,688.965421,[s],0
/workstealing{locality#7/total}/depthpool/distributedSteals,546,688.967627,[s],1
/workstealing{locality#0/total}/depthpool/distributedSteals,547,690.117415,[s],0
/workstealing{locality#1/total}/depthpool/distributedSteals,547,690.189389,[s],0
/workstealing{locality#2/total}/depthpool/distributedSteals,547,690.205421,[s],0
/workstealing{locality#3/total}/depthpool/distributedSteals,547,690.193389,[s],2
/workstealing{locality#4/total}/depthpool/distributedSteals,547,690.197401,[s],0
/workstealing{locality#5/total}/depthpool/distributedSteals,547,690.191628,[s],0
/workstealing{locality#6/total}/depthpool/distributedSteals,547,690.201421,[s],0
/workstealing{locality#7/total}/depthpool/distributedSteals,547,690.187632,[s],1
/workstealing{locality#0/total}/depthpool/distributedSteals,548,691.461519,[s],0
/workstealing{locality#1/total}/depthpool/distributedSteals,548,691.641385,[s],0
/workstealing{locality#2/total}/depthpool/distributedSteals,548,691.637419,[s],0
/workstealing{locality#3/total}/depthpool/distributedSteals,548,691.633385,[s],2
/workstealing{locality#4/total}/depthpool/distributedSteals,548,691.653415,[s],0
/workstealing{locality#5/total}/depthpool/distributedSteals,548,691.639612,[s],0
/workstealing{locality#6/total}/depthpool/distributedSteals,548,691.649419,[s],0
/workstealing{locality#7/total}/depthpool/distributedSteals,548,691.635610,[s],1
/workstealing{locality#0/total}/depthpool/distributedSteals,549,692.737416,[s],0
/workstealing{locality#1/total}/depthpool/distributedSteals,549,692.889391,[s],0
/workstealing{locality#2/total}/depthpool/distributedSteals,549,692.861444,[s],0
/workstealing{locality#3/total}/depthpool/distributedSteals,549,692.881382,[s],2
/workstealing{locality#4/total}/depthpool/distributedSteals,549,692.881403,[s],0
/workstealing{locality#5/total}/depthpool/distributedSteals,549,692.859667,[s],0
/workstealing{locality#6/total}/depthpool/distributedSteals,549,692.877417,[s],0
/workstealing{locality#7/total}/depthpool/distributedSteals,549,692.871622,[s],1
/workstealing{locality#0/total}/depthpool/distributedSteals,550,694.305527,[s],0
/workstealing{locality#1/total}/depthpool/distributedSteals,550,694.309386,[s],0
/workstealing{locality#2/total}/depthpool/distributedSteals,550,694.333421,[s],0
/workstealing{locality#3/total}/depthpool/distributedSteals,550,694.305522,[s],2
/workstealing{locality#4/total}/depthpool/distributedSteals,550,694.309415,[s],0
/workstealing{locality#5/total}/depthpool/distributedSteals,550,694.331625,[s],0
/workstealing{locality#6/total}/depthpool/distributedSteals,550,694.329418,[s],0
/workstealing{locality#7/total}/depthpool/distributedSteals,550,694.319626,[s],1
/workstealing{locality#0/total}/depthpool/distributedSteals,551,695.513415,[s],0
/workstealing{locality#1/total}/depthpool/distributedSteals,551,695.593389,[s],0
/workstealing{locality#2/total}/depthpool/distributedSteals,551,695.601429,[s],0
/workstealing{locality#3/total}/depthpool/distributedSteals,551,695.589388,[s],2
/workstealing{locality#4/total}/depthpool/distributedSteals,551,695.581413,[s],0
/workstealing{locality#5/total}/depthpool/distributedSteals,551,695.591622,[s],0
/workstealing{locality#6/total}/depthpool/distributedSteals,551,695.585419,[s],0
/workstealing{locality#7/total}/depthpool/distributedSteals,551,695.575682,[s],1
/workstealing{locality#0/total}/depthpool/distributedSteals,552,696.825537,[s],0
/workstealing{locality#1/total}/depthpool/distributedSteals,552,696.845385,[s],0
/workstealing{locality#2/total}/depthpool/distributedSteals,552,696.845421,[s],0
/workstealing{locality#3/total}/depthpool/distributedSteals,552,696.845392,[s],2
/workstealing{locality#4/total}/depthpool/distributedSteals,552,696.853417,[s],0
/workstealing{locality#5/total}/depthpool/distributedSteals,552,696.843623,[s],0
/workstealing{locality#6/total}/depthpool/distributedSteals,552,696.845417,[s],0
/workstealing{locality#7/total}/depthpool/distributedSteals,552,696.831680,[s],1
/workstealing{locality#0/total}/depthpool/distributedSteals,553,697.985587,[s],0
/workstealing{locality#1/total}/depthpool/distributedSteals,553,698.005385,[s],0
/workstealing{locality#2/total}/depthpool/distributedSteals,553,698.013419,[s],0
/workstealing{locality#3/total}/depthpool/distributedSteals,553,697.989388,[s],2
/workstealing{locality#4/total}/depthpool/distributedSteals,553,697.985561,[s],0
/workstealing{locality#5/total}/depthpool/distributedSteals,553,697.995626,[s],0
/workstealing{locality#6/total}/depthpool/distributedSteals,553,697.993419,[s],0
/workstealing{locality#7/total}/depthpool/distributedSteals,553,697.983796,[s],1
/workstealing{locality#0/total}/depthpool/distributedSteals,554,699.117533,[s],0
/workstealing{locality#1/total}/depthpool/distributedSteals,554,699.125387,[s],0
/workstealing{locality#2/total}/depthpool/distributedSteals,554,699.161427,[s],0
/workstealing{locality#3/total}/depthpool/distributedSteals,554,699.121389,[s],2
/workstealing{locality#4/total}/depthpool/distributedSteals,554,699.117614,[s],0
/workstealing{locality#5/total}/depthpool/distributedSteals,554,699.139629,[s],0
/workstealing{locality#6/total}/depthpool/distributedSteals,554,699.117637,[s],0
/workstealing{locality#7/total}/depthpool/distributedSteals,554,699.135626,[s],1
/workstealing{locality#0/total}/depthpool/distributedSteals,555,700.221527,[s],0
/workstealing{locality#1/total}/depthpool/distributedSteals,555,700.317405,[s],0
/workstealing{locality#2/total}/depthpool/distributedSteals,555,700.337409,[s],0
/workstealing{locality#3/total}/depthpool/distributedSteals,555,700.321393,[s],2
/workstealing{locality#4/total}/depthpool/distributedSteals,555,700.333401,[s],0
/workstealing{locality#5/total}/depthpool/distributedSteals,555,700.339623,[s],0
/workstealing{locality#6/total}/depthpool/distributedSteals,555,700.345405,[s],0
/workstealing{locality#7/total}/depthpool/distributedSteals,555,700.339614,[s],1
/workstealing{locality#0/total}/depthpool/distributedSteals,556,701.557507,[s],0
/workstealing{locality#1/total}/depthpool/distributedSteals,556,701.601389,[s],0
/workstealing{locality#2/total}/depthpool/distributedSteals,556,701.617408,[s],0
/workstealing{locality#3/total}/depthpool/distributedSteals,556,701.605388,[s],2
/workstealing{locality#4/total}/depthpool/distributedSteals,556,701.617417,[s],0
/workstealing{locality#5/total}/depthpool/distributedSteals,556,701.591629,[s],0
/workstealing{locality#6/total}/depthpool/distributedSteals,556,701.601428,[s],0
/workstealing{locality#7/total}/depthpool/distributedSteals,556,701.599621,[s],1
/workstealing{locality#0/total}/depthpool/distributedSteals,557,702.749416,[s],0
/workstealing{locality#1/total}/depthpool/distributedSteals,557,702.801390,[s],0
/workstealing{locality#2/total}/depthpool/distributedSteals,557,702.789422,[s],0
/workstealing{locality#3/total}/depthpool/distributedSteals,557,702.797385,[s],2
/workstealing{locality#4/total}/depthpool/distributedSteals,557,702.805415,[s],0
/workstealing{locality#5/total}/depthpool/distributedSteals,557,702.783630,[s],0
/workstealing{locality#6/total}/depthpool/distributedSteals,557,702.785420,[s],0
/workstealing{locality#7/total}/depthpool/distributedSteals,557,702.779622,[s],1
/workstealing{locality#0/total}/depthpool/distributedSteals,558,704.005538,[s],0
/workstealing{locality#1/total}/depthpool/distributedSteals,558,704.057390,[s],0
/workstealing{locality#2/total}/depthpool/distributedSteals,558,704.037443,[s],0
/workstealing{locality#3/total}/depthpool/distributedSteals,558,704.049383,[s],2
/workstealing{locality#4/total}/depthpool/distributedSteals,558,704.053413,[s],0
/workstealing{locality#5/total}/depthpool/distributedSteals,558,704.059626,[s],0
/workstealing{locality#6/total}/depthpool/distributedSteals,558,704.057418,[s],0
/workstealing{locality#7/total}/depthpool/distributedSteals,558,704.055609,[s],1
/workstealing{locality#0/total}/depthpool/distributedSteals,559,705.173553,[s],0
/workstealing{locality#1/total}/depthpool/distributedSteals,559,705.313389,[s],0
/workstealing{locality#2/total}/depthpool/distributedSteals,559,705.301445,[s],0
/workstealing{locality#3/total}/depthpool/distributedSteals,559,705.329385,[s],2
/workstealing{locality#4/total}/depthpool/distributedSteals,559,705.305416,[s],0
/workstealing{locality#5/total}/depthpool/distributedSteals,559,705.303621,[s],0
/workstealing{locality#6/total}/depthpool/distributedSteals,559,705.301471,[s],0
/workstealing{locality#7/total}/depthpool/distributedSteals,559,705.303623,[s],1
/workstealing{locality#0/total}/depthpool/distributedSteals,560,706.633534,[s],0
/workstealing{locality#1/total}/depthpool/distributedSteals,560,706.777396,[s],0
/workstealing{locality#2/total}/depthpool/distributedSteals,560,706.781424,[s],0
/workstealing{locality#3/total}/depthpool/distributedSteals,560,706.789381,[s],2
/workstealing{locality#4/total}/depthpool/distributedSteals,560,706.797409,[s],0
/workstealing{locality#5/total}/depthpool/distributedSteals,560,706.795610,[s],0
/workstealing{locality#6/total}/depthpool/distributedSteals,560,706.785421,[s],0
/workstealing{locality#7/total}/depthpool/distributedSteals,560,706.767697,[s],1
/workstealing{locality#0/total}/depthpool/distributedSteals,561,707.941416,[s],0
/workstealing{locality#1/total}/depthpool/distributedSteals,561,708.041386,[s],0
/workstealing{locality#2/total}/depthpool/distributedSteals,561,708.033441,[s],0
/workstealing{locality#3/total}/depthpool/distributedSteals,561,708.045384,[s],2
/workstealing{locality#4/total}/depthpool/distributedSteals,561,708.033444,[s],0
/workstealing{locality#5/total}/depthpool/distributedSteals,561,708.035610,[s],0
/workstealing{locality#6/total}/depthpool/distributedSteals,561,708.041420,[s],0
/workstealing{locality#7/total}/depthpool/distributedSteals,561,708.031674,[s],1
/workstealing{locality#0/total}/depthpool/distributedSteals,562,709.365540,[s],0
/workstealing{locality#1/total}/depthpool/distributedSteals,562,709.385390,[s],0
/workstealing{locality#2/total}/depthpool/distributedSteals,562,709.377423,[s],0
/workstealing{locality#3/total}/depthpool/distributedSteals,562,709.385383,[s],2
/workstealing{locality#4/total}/depthpool/distributedSteals,562,709.377413,[s],0
/workstealing{locality#5/total}/depthpool/distributedSteals,562,709.363785,[s],0
/workstealing{locality#6/total}/depthpool/distributedSteals,562,709.377419,[s],0
/workstealing{locality#7/total}/depthpool/distributedSteals,562,709.383629,[s],1
/workstealing{locality#0/total}/depthpool/distributedSteals,563,710.617415,[s],0
/workstealing{locality#1/total}/depthpool/distributedSteals,563,710.657388,[s],0
/workstealing{locality#2/total}/depthpool/distributedSteals,563,710.649439,[s],0
/workstealing{locality#3/total}/depthpool/distributedSteals,563,710.665383,[s],2
/workstealing{locality#4/total}/depthpool/distributedSteals,563,710.661413,[s],0
/workstealing{locality#5/total}/depthpool/distributedSteals,563,710.675623,[s],0
/workstealing{locality#6/total}/depthpool/distributedSteals,563,710.669415,[s],0
/workstealing{locality#7/total}/depthpool/distributedSteals,563,710.659621,[s],1
/workstealing{locality#0/total}/depthpool/distributedSteals,564,711.869515,[s],0
/workstealing{locality#1/total}/depthpool/distributedSteals,564,711.969384,[s],0
/workstealing{locality#2/total}/depthpool/distributedSteals,564,711.957420,[s],0
/workstealing{locality#3/total}/depthpool/distributedSteals,564,711.957384,[s],2
/workstealing{locality#4/total}/depthpool/distributedSteals,564,711.933447,[s],0
/workstealing{locality#5/total}/depthpool/distributedSteals,564,711.939621,[s],0
/workstealing{locality#6/total}/depthpool/distributedSteals,564,711.941418,[s],0
/workstealing{locality#7/total}/depthpool/distributedSteals,564,711.943627,[s],1
/workstealing{locality#0/total}/depthpool/distributedSteals,565,713.129532,[s],0
/workstealing{locality#1/total}/depthpool/distributedSteals,565,713.173391,[s],0
/workstealing{locality#2/total}/depthpool/distributedSteals,565,713.165426,[s],0
/workstealing{locality#3/total}/depthpool/distributedSteals,565,713.181384,[s],2
/workstealing{locality#4/total}/depthpool/distributedSteals,565,713.181409,[s],0
/workstealing{locality#5/total}/depthpool/distributedSteals,565,713.155624,[s],0
/workstealing{locality#6/total}/depthpool/distributedSteals,565,713.157440,[s],0
/workstealing{locality#7/total}/depthpool/distributedSteals,565,713.187622,[s],1
/workstealing{locality#0/total}/depthpool/distributedSteals,566,714.309524,[s],0
/workstealing{locality#1/total}/depthpool/distributedSteals,566,714.545388,[s],0
/workstealing{locality#2/total}/depthpool/distributedSteals,566,714.537423,[s],0
/workstealing{locality#3/total}/depthpool/distributedSteals,566,714.529432,[s],2
/workstealing{locality#4/total}/depthpool/distributedSteals,566,714.545419,[s],0
/workstealing{locality#5/total}/depthpool/distributedSteals,566,714.531610,[s],0
/workstealing{locality#6/total}/depthpool/distributedSteals,566,714.553416,[s],0
/workstealing{locality#7/total}/depthpool/distributedSteals,566,714.527702,[s],1
/workstealing{locality#0/total}/depthpool/distributedSteals,567,715.685524,[s],0
/workstealing{locality#1/total}/depthpool/distributedSteals,567,715.693372,[s],0
/workstealing{locality#2/total}/depthpool/distributedSteals,567,715.697422,[s],0
/workstealing{locality#3/total}/depthpool/distributedSteals,567,715.685525,[s],2
/workstealing{locality#4/total}/depthpool/distributedSteals,567,715.717399,[s],0
/workstealing{locality#5/total}/depthpool/distributedSteals,567,715.711625,[s],0
/workstealing{locality#6/total}/depthpool/distributedSteals,567,715.705416,[s],0
/workstealing{locality#7/total}/depthpool/distributedSteals,567,715.687626,[s],1
/workstealing{locality#0/total}/depthpool/distributedSteals,568,716.873438,[s],0
/workstealing{locality#1/total}/depthpool/distributedSteals,568,716.901374,[s],0
/workstealing{locality#2/total}/depthpool/distributedSteals,568,716.893408,[s],0
/workstealing{locality#3/total}/depthpool/distributedSteals,568,716.901389,[s],2
/workstealing{locality#4/total}/depthpool/distributedSteals,568,716.877412,[s],0
/workstealing{locality#5/total}/depthpool/distributedSteals,568,716.899623,[s],0
/workstealing{locality#6/total}/depthpool/distributedSteals,568,716.901423,[s],0
/workstealing{locality#7/total}/depthpool/distributedSteals,568,716.871713,[s],1
/workstealing{locality#0/total}/depthpool/distributedSteals,569,717.989536,[s],0
/workstealing{locality#1/total}/depthpool/distributedSteals,569,717.993385,[s],0
/workstealing{locality#2/total}/depthpool/distributedSteals,569,718.007585,[s],0
/workstealing{locality#3/total}/depthpool/distributedSteals,569,718.001383,[s],2
/workstealing{locality#4/total}/depthpool/distributedSteals,569,718.017413,[s],0
/workstealing{locality#5/total}/depthpool/distributedSteals,569,717.999621,[s],0
/workstealing{locality#6/total}/depthpool/distributedSteals,569,717.997421,[s],0
/workstealing{locality#7/total}/depthpool/distributedSteals,569,718.007622,[s],1
/workstealing{locality#0/total}/depthpool/distributedSteals,570,719.141525,[s],0
/workstealing{locality#1/total}/depthpool/distributedSteals,570,719.165383,[s],0
/workstealing{locality#2/total}/depthpool/distributedSteals,570,719.161419,[s],0
/workstealing{locality#3/total}/depthpool/distributedSteals,570,719.165371,[s],2
/workstealing{locality#4/total}/depthpool/distributedSteals,570,719.169419,[s],0
/workstealing{locality#5/total}/depthpool/distributedSteals,570,719.159613,[s],0
/workstealing{locality#6/total}/depthpool/distributedSteals,570,719.157419,[s],0
/workstealing{locality#7/total}/depthpool/distributedSteals,570,719.159623,[s],1
/workstealing{locality#0/total}/depthpool/distributedSteals,571,720.233444,[s],0
/workstealing{locality#1/total}/depthpool/distributedSteals,571,720.285386,[s],0
/workstealing{locality#2/total}/depthpool/distributedSteals,571,720.269422,[s],0
/workstealing{locality#3/total}/depthpool/distributedSteals,571,720.289391,[s],2
/workstealing{locality#4/total}/depthpool/distributedSteals,571,720.289412,[s],0
/workstealing{locality#5/total}/depthpool/distributedSteals,571,720.287631,[s],0
/workstealing{locality#6/total}/depthpool/distributedSteals,571,720.265474,[s],0
/workstealing{locality#7/total}/depthpool/distributedSteals,571,720.263700,[s],1
/workstealing{locality#0/total}/depthpool/distributedSteals,572,721.409441,[s],0
/workstealing{locality#1/total}/depthpool/distributedSteals,572,721.409427,[s],0
/workstealing{locality#2/total}/depthpool/distributedSteals,572,721.433411,[s],0
/workstealing{locality#3/total}/depthpool/distributedSteals,572,721.437388,[s],2
/workstealing{locality#4/total}/depthpool/distributedSteals,572,721.413414,[s],0
/workstealing{locality#5/total}/depthpool/distributedSteals,572,721.415609,[s],0
/workstealing{locality#6/total}/depthpool/distributedSteals,572,721.429427,[s],0
/workstealing{locality#7/total}/depthpool/distributedSteals,572,721.427633,[s],1
/workstealing{locality#0/total}/depthpool/distributedSteals,573,722.713415,[s],0
/workstealing{locality#1/total}/depthpool/distributedSteals,573,722.745385,[s],0
/workstealing{locality#2/total}/depthpool/distributedSteals,573,722.745411,[s],0
/workstealing{locality#3/total}/depthpool/distributedSteals,573,722.749383,[s],2
/workstealing{locality#4/total}/depthpool/distributedSteals,573,722.749412,[s],0
/workstealing{locality#5/total}/depthpool/distributedSteals,573,722.739674,[s],0
/workstealing{locality#6/total}/depthpool/distributedSteals,573,722.741473,[s],0
/workstealing{locality#7/total}/depthpool/distributedSteals,573,722.763623,[s],1
/workstealing{locality#0/total}/depthpool/distributedSteals,574,723.917526,[s],0
/workstealing{locality#1/total}/depthpool/distributedSteals,574,723.957384,[s],0
/workstealing{locality#2/total}/depthpool/distributedSteals,574,723.965424,[s],0
/workstealing{locality#3/total}/depthpool/distributedSteals,574,723.957393,[s],2
/workstealing{locality#4/total}/depthpool/distributedSteals,574,723.965412,[s],0
/workstealing{locality#5/total}/depthpool/distributedSteals,574,723.959621,[s],0
/workstealing{locality#6/total}/depthpool/distributedSteals,574,723.961418,[s],0
/workstealing{locality#7/total}/depthpool/distributedSteals,574,723.979609,[s],1
/workstealing{locality#0/total}/depthpool/distributedSteals,575,725.157524,[s],0
/workstealing{locality#1/total}/depthpool/distributedSteals,575,725.165386,[s],0
/workstealing{locality#2/total}/depthpool/distributedSteals,575,725.165424,[s],0
/workstealing{locality#3/total}/depthpool/distributedSteals,575,725.185392,[s],2
/workstealing{locality#4/total}/depthpool/distributedSteals,575,725.157552,[s],0
/workstealing{locality#5/total}/depthpool/distributedSteals,575,725.183621,[s],0
/workstealing{locality#6/total}/depthpool/distributedSteals,575,725.185499,[s],0
/workstealing{locality#7/total}/depthpool/distributedSteals,575,725.159612,[s],1
/workstealing{locality#0/total}/depthpool/distributedSteals,576,726.345414,[s],0
/workstealing{locality#1/total}/depthpool/distributedSteals,576,726.393389,[s],0
/workstealing{locality#2/total}/depthpool/distributedSteals,576,726.381424,[s],0
/workstealing{locality#3/total}/depthpool/distributedSteals,576,726.373419,[s],2
/workstealing{locality#4/total}/depthpool/distributedSteals,576,726.385481,[s],0
/workstealing{locality#5/total}/depthpool/distributedSteals,576,726.395627,[s],0
/workstealing{locality#6/total}/depthpool/distributedSteals,576,726.377419,[s],0
/workstealing{locality#7/total}/depthpool/distributedSteals,576,726.383630,[s],1
/workstealing{locality#0/total}/depthpool/distributedSteals,577,727.469526,[s],0
/workstealing{locality#1/total}/depthpool/distributedSteals,577,727.637373,[s],0
/workstealing{locality#2/total}/depthpool/distributedSteals,577,727.645421,[s],0
/workstealing{locality#3/total}/depthpool/distributedSteals,577,727.641371,[s],2
/workstealing{locality#4/total}/depthpool/distributedSteals,577,727.645411,[s],0
/workstealing{locality#5/total}/depthpool/distributedSteals,577,727.639620,[s],0
/workstealing{locality#6/total}/depthpool/distributedSteals,577,727.637416,[s],0
/workstealing{locality#7/total}/depthpool/distributedSteals,577,727.659625,[s],1
/workstealing{locality#0/total}/depthpool/distributedSteals,578,728.841620,[s],0
/workstealing{locality#1/total}/depthpool/distributedSteals,578,728.845383,[s],0
/workstealing{locality#2/total}/depthpool/distributedSteals,578,728.853423,[s],0
/workstealing{locality#3/total}/depthpool/distributedSteals,578,728.857384,[s],2
/workstealing{locality#4/total}/depthpool/distributedSteals,578,728.841582,[s],0
/workstealing{locality#5/total}/depthpool/distributedSteals,578,728.851626,[s],0
/workstealing{locality#6/total}/depthpool/distributedSteals,578,728.845417,[s],0
/workstealing{locality#7/total}/depthpool/distributedSteals,578,728.843623,[s],1
/workstealing{locality#0/total}/depthpool/distributedSteals,579,730.061416,[s],0
/workstealing{locality#1/total}/depthpool/distributedSteals,579,730.149402,[s],0
/workstealing{locality#2/total}/depthpool/distributedSteals,579,730.177421,[s],0
/workstealing{locality#3/total}/depthpool/distributedSteals,579,730.149431,[s],2
/workstealing{locality#4/total}/depthpool/distributedSteals,579,730.153417,[s],0
/workstealing{locality#5/total}/depthpool/distributedSteals,579,730.159623,[s],0
/workstealing{locality#6/total}/depthpool/distributedSteals,579,730.161421,[s],0
/workstealing{locality#7/total}/depthpool/distributedSteals,579,730.167612,[s],1
/workstealing{locality#0/total}/depthpool/distributedSteals,580,731.297415,[s],0
/workstealing{locality#1/total}/depthpool/distributedSteals,580,731.517383,[s],0
/workstealing{locality#2/total}/depthpool/distributedSteals,580,731.509421,[s],0
/workstealing{locality#3/total}/depthpool/distributedSteals,580,731.497385,[s],2
/workstealing{locality#4/total}/depthpool/distributedSteals,580,731.501411,[s],0
/workstealing{locality#5/total}/depthpool/distributedSteals,580,731.503628,[s],0
/workstealing{locality#6/total}/depthpool/distributedSteals,580,731.505418,[s],0
/workstealing{locality#7/total}/depthpool/distributedSteals,580,731.491610,[s],1
/workstealing{locality#0/total}/depthpool/distributedSteals,581,732.661416,[s],0
/workstealing{locality#1/total}/depthpool/distributedSteals,581,732.957383,[s],0
/workstealing{locality#2/total}/depthpool/distributedSteals,581,732.961421,[s],0
/workstealing{locality#3/total}/depthpool/distributedSteals,581,732.945382,[s],2
/workstealing{locality#4/total}/depthpool/distributedSteals,581,732.949410,[s],0
/workstealing{locality#5/total}/depthpool/distributedSteals,581,732.951623,[s],0
/workstealing{locality#6/total}/depthpool/distributedSteals,581,732.933485,[s],0
/workstealing{locality#7/total}/depthpool/distributedSteals,581,732.931695,[s],1
/workstealing{locality#0/total}/depthpool/distributedSteals,582,734.081439,[s],0
/workstealing{locality#1/total}/depthpool/distributedSteals,582,734.101387,[s],0
/workstealing{locality#2/total}/depthpool/distributedSteals,582,734.109422,[s],0
/workstealing{locality#3/total}/depthpool/distributedSteals,582,734.085387,[s],2
/workstealing{locality#4/total}/depthpool/distributedSteals,582,734.103457,[s],0
/workstealing{locality#5/total}/depthpool/distributedSteals,582,734.103621,[s],0
/workstealing{locality#6/total}/depthpool/distributedSteals,582,734.081488,[s],0
/workstealing{locality#7/total}/depthpool/distributedSteals,582,734.107627,[s],1
/workstealing{locality#0/total}/depthpool/distributedSteals,583,735.189441,[s],0
/workstealing{locality#1/total}/depthpool/distributedSteals,583,735.221398,[s],0
/workstealing{locality#2/total}/depthpool/distributedSteals,583,735.233423,[s],0
/workstealing{locality#3/total}/depthpool/distributedSteals,583,735.225390,[s],2
/workstealing{locality#4/total}/depthpool/distributedSteals,583,735.221472,[s],0
/workstealing{locality#5/total}/depthpool/distributedSteals,583,735.227627,[s],0
/workstealing{locality#6/total}/depthpool/distributedSteals,583,735.229420,[s],0
/workstealing{locality#7/total}/depthpool/distributedSteals,583,735.227625,[s],1
/workstealing{locality#0/total}/depthpool/distributedSteals,584,736.301531,[s],0
/workstealing{locality#1/total}/depthpool/distributedSteals,584,736.325390,[s],0
/workstealing{locality#2/total}/depthpool/distributedSteals,584,736.321417,[s],0
/workstealing{locality#3/total}/depthpool/distributedSteals,584,736.329381,[s],2
/workstealing{locality#4/total}/depthpool/distributedSteals,584,736.301607,[s],0
/workstealing{locality#5/total}/depthpool/distributedSteals,584,736.327624,[s],0
/workstealing{locality#6/total}/depthpool/distributedSteals,584,736.317420,[s],0
/workstealing{locality#7/total}/depthpool/distributedSteals,584,736.311623,[s],1
/workstealing{locality#0/total}/depthpool/distributedSteals,585,737.645509,[s],0
/workstealing{locality#1/total}/depthpool/distributedSteals,585,737.645439,[s],0
/workstealing{locality#2/total}/depthpool/distributedSteals,585,737.669419,[s],0
/workstealing{locality#3/total}/depthpool/distributedSteals,585,737.673386,[s],2
/workstealing{locality#4/total}/depthpool/distributedSteals,585,737.665414,[s],0
/workstealing{locality#5/total}/depthpool/distributedSteals,585,737.663621,[s],0
/workstealing{locality#6/total}/depthpool/distributedSteals,585,737.673418,[s],0
/workstealing{locality#7/total}/depthpool/distributedSteals,585,737.667609,[s],1
/workstealing{locality#0/total}/depthpool/distributedSteals,586,738.805532,[s],0
/workstealing{locality#1/total}/depthpool/distributedSteals,586,738.849388,[s],0
/workstealing{locality#2/total}/depthpool/distributedSteals,586,738.861419,[s],0
/workstealing{locality#3/total}/depthpool/distributedSteals,586,738.853391,[s],2
/workstealing{locality#4/total}/depthpool/distributedSteals,586,738.865413,[s],0
/workstealing{locality#5/total}/depthpool/distributedSteals,586,738.843622,[s],0
/workstealing{locality#6/total}/depthpool/distributedSteals,586,738.849419,[s],0
/workstealing{locality#7/total}/depthpool/distributedSteals,586,738.851623,[s],1
/workstealing{locality#0/total}/depthpool/distributedSteals,587,740.101416,[s],0
/workstealing{locality#1/total}/depthpool/distributedSteals,587,740.145384,[s],0
/workstealing{locality#2/total}/depthpool/distributedSteals,587,740.133443,[s],0
/workstealing{locality#3/total}/depthpool/distributedSteals,587,740.149385,[s],2
/workstealing{locality#4/total}/depthpool/distributedSteals,587,740.157418,[s],0
/workstealing{locality#5/total}/depthpool/distributedSteals,587,740.155622,[s],0
/workstealing{locality#6/total}/depthpool/distributedSteals,587,740.153422,[s],0
/workstealing{locality#7/total}/depthpool/distributedSteals,587,740.159625,[s],1
/workstealing{locality#0/total}/depthpool/distributedSteals,588,741.317535,[s],0
/workstealing{locality#1/total}/depthpool/distributedSteals,588,741.341373,[s],0
/workstealing{locality#2/total}/depthpool/distributedSteals,588,741.337425,[s],0
/workstealing{locality#3/total}/depthpool/distributedSteals,588,741.333385,[s],2
/workstealing{locality#4/total}/depthpool/distributedSteals,588,741.321404,[s],0
/workstealing{locality#5/total}/depthpool/distributedSteals,588,741.335610,[s],0
/workstealing{locality#6/total}/depthpool/distributedSteals,588,741.325418,[s],0
/workstealing{locality#7/total}/depthpool/distributedSteals,588,741.315813,[s],1
/workstealing{locality#0/total}/depthpool/distributedSteals,589,742.457525,[s],0
/workstealing{locality#1/total}/depthpool/distributedSteals,589,742.517388,[s],0
/workstealing{locality#2/total}/depthpool/distributedSteals,589,742.501420,[s],0
/workstealing{locality#3/total}/depthpool/distributedSteals,589,742.525382,[s],2
/workstealing{locality#4/total}/depthpool/distributedSteals,589,742.497453,[s],0
/workstealing{locality#5/total}/depthpool/distributedSteals,589,742.515624,[s],0
/workstealing{locality#6/total}/depthpool/distributedSteals,589,742.509416,[s],0
/workstealing{locality#7/total}/depthpool/distributedSteals,589,742.511624,[s],1
/workstealing{locality#0/total}/depthpool/distributedSteals,590,743.905418,[s],0
/workstealing{locality#1/total}/depthpool/distributedSteals,590,744.069399,[s],0
/workstealing{locality#2/total}/depthpool/distributedSteals,590,744.085408,[s],0
/workstealing{locality#3/total}/depthpool/distributedSteals,590,744.077384,[s],2
/workstealing{locality#4/total}/depthpool/distributedSteals,590,744.077418,[s],0
/workstealing{locality#5/total}/depthpool/distributedSteals,590,744.063624,[s],0
/workstealing{locality#6/total}/depthpool/distributedSteals,590,744.057487,[s],0
/workstealing{locality#7/total}/depthpool/distributedSteals,590,744.067623,[s],1
/workstealing{locality#0/total}/depthpool/distributedSteals,591,745.281445,[s],0
/workstealing{locality#1/total}/depthpool/distributedSteals,591,745.425402,[s],0
/workstealing{locality#2/total}/depthpool/distributedSteals,591,745.445422,[s],0
/workstealing{locality#3/total}/depthpool/distributedSteals,591,745.441383,[s],2
/workstealing{locality#4/total}/depthpool/distributedSteals,591,745.433413,[s],0
/workstealing{locality#5/total}/depthpool/distributedSteals,591,745.447671,[s],0
/workstealing{locality#6/total}/depthpool/distributedSteals,591,745.449417,[s],0
/workstealing{locality#7/total}/depthpool/distributedSteals,591,745.431622,[s],1
/workstealing{locality#0/total}/depthpool/distributedSteals,592,746.569537,[s],0
/workstealing{locality#1/total}/depthpool/distributedSteals,592,746.629388,[s],0
/workstealing{locality#2/total}/depthpool/distributedSteals,592,746.605419,[s],0
/workstealing{locality#3/total}/depthpool/distributedSteals,592,746.609386,[s],2
/workstealing{locality#4/total}/depthpool/distributedSteals,592,746.609412,[s],0
/workstealing{locality#5/total}/depthpool/distributedSteals,592,746.615622,[s],0
/workstealing{locality#6/total}/depthpool/distributedSteals,592,746.601476,[s],0
/workstealing{locality#7/total}/depthpool/distributedSteals,592,746.619625,[s],1
/workstealing{locality#0/total}/depthpool/distributedSteals,593,747.793520,[s],0
/workstealing{locality#1/total}/depthpool/distributedSteals,593,747.809386,[s],0
/workstealing{locality#2/total}/depthpool/distributedSteals,593,747.805422,[s],0
/workstealing{locality#3/total}/depthpool/distributedSteals,593,747.813390,[s],2
/workstealing{locality#4/total}/depthpool/distributedSteals,593,747.809413,[s],0
/workstealing{locality#5/total}/depthpool/distributedSteals,593,747.795622,[s],0
/workstealing{locality#6/total}/depthpool/distributedSteals,593,747.801410,[s],0
/workstealing{locality#7/total}/depthpool/distributedSteals,593,747.791784,[s],1
/workstealing{locality#0/total}/depthpool/distributedSteals,594,748.897414,[s],0
/workstealing{locality#1/total}/depthpool/distributedSteals,594,748.953390,[s],0
/workstealing{locality#2/total}/depthpool/distributedSteals,594,748.949422,[s],0
/workstealing{locality#3/total}/depthpool/distributedSteals,594,748.945383,[s],2
/workstealing{locality#4/total}/depthpool/distributedSteals,594,748.941413,[s],0
/workstealing{locality#5/total}/depthpool/distributedSteals,594,748.931623,[s],0
/workstealing{locality#6/total}/depthpool/distributedSteals,594,748.925468,[s],0
/workstealing{locality#7/total}/depthpool/distributedSteals,594,748.923680,[s],1
/workstealing{locality#0/total}/depthpool/distributedSteals,595,750.101525,[s],0
/workstealing{locality#1/total}/depthpool/distributedSteals,595,750.217386,[s],0
/workstealing{locality#2/total}/depthpool/distributedSteals,595,750.209426,[s],0
/workstealing{locality#3/total}/depthpool/distributedSteals,595,750.237384,[s],2
/workstealing{locality#4/total}/depthpool/distributedSteals,595,750.221411,[s],0
/workstealing{locality#5/total}/depthpool/distributedSteals,595,750.219622,[s],0
/workstealing{locality#6/total}/depthpool/distributedSteals,595,750.225422,[s],0
/workstealing{locality#7/total}/depthpool/distributedSteals,595,750.211620,[s],1
/workstealing{locality#0/total}/depthpool/distributedSteals,596,751.393521,[s],0
/workstealing{locality#1/total}/depthpool/distributedSteals,596,751.461387,[s],0
/workstealing{locality#2/total}/depthpool/distributedSteals,596,751.457458,[s],0
/workstealing{locality#3/total}/depthpool/distributedSteals,596,751.481388,[s],2
/workstealing{locality#4/total}/depthpool/distributedSteals,596,751.485413,[s],0
/workstealing{locality#5/total}/depthpool/distributedSteals,596,751.455684,[s],0
/workstealing{locality#6/total}/depthpool/distributedSteals,596,751.469418,[s],0
/workstealing{locality#7/total}/depthpool/distributedSteals,596,751.479611,[s],1
/workstealing{locality#0/total}/depthpool/distributedSteals,597,752.569543,[s],0
/workstealing{locality#1/total}/depthpool/distributedSteals,597,752.593390,[s],0
/workstealing{locality#2/total}/depthpool/distributedSteals,597,752.589419,[s],0
/workstealing{locality#3/total}/depthpool/distributedSteals,597,752.581387,[s],2
/workstealing{locality#4/total}/depthpool/distributedSteals,597,752.589411,[s],0
/workstealing{locality#5/total}/depthpool/distributedSteals,597,752.587611,[s],0
/workstealing{locality#6/total}/depthpool/distributedSteals,597,752.593416,[s],0
/workstealing{locality#7/total}/depthpool/distributedSteals,597,752.571622,[s],1
/workstealing{locality#0/total}/depthpool/distributedSteals,598,753.745439,[s],0
/workstealing{locality#1/total}/depthpool/distributedSteals,598,753.801385,[s],0
/workstealing{locality#2/total}/depthpool/distributedSteals,598,753.785420,[s],0
/workstealing{locality#3/total}/depthpool/distributedSteals,598,753.777415,[s],2
/workstealing{locality#4/total}/depthpool/distributedSteals,598,753.777445,[s],0
/workstealing{locality#5/total}/depthpool/distributedSteals,598,753.799627,[s],0
/workstealing{locality#6/total}/depthpool/distributedSteals,598,753.781420,[s],0
/workstealing{locality#7/total}/depthpool/distributedSteals,598,753.791622,[s],1
/workstealing{locality#0/total}/depthpool/distributedSteals,599,755.301530,[s],0
/workstealing{locality#1/total}/depthpool/distributedSteals,599,755.321396,[s],0
/workstealing{locality#2/total}/depthpool/distributedSteals,599,755.301561,[s],0
/workstealing{locality#3/total}/depthpool/distributedSteals,599,755.305385,[s],2
/workstealing{locality#4/total}/depthpool/distributedSteals,599,755.317418,[s],0
/workstealing{locality#5/total}/depthpool/distributedSteals,599,755.299783,[s],0
/workstealing{locality#6/total}/depthpool/distributedSteals,599,755.325420,[s],0
/workstealing{locality#7/total}/depthpool/distributedSteals,599,755.299820,[s],1
/workstealing{locality#0/total}/depthpool/distributedSteals,600,756.533516,[s],0
/workstealing{locality#1/total}/depthpool/distributedSteals,600,756.577386,[s],0
/workstealing{locality#2/total}/depthpool/distributedSteals,600,756.565439,[s],0
/workstealing{locality#3/total}/depthpool/distributedSteals,600,756.581390,[s],2
/workstealing{locality#4/total}/depthpool/distributedSteals,600,756.585416,[s],0
/workstealing{locality#5/total}/depthpool/distributedSteals,600,756.591623,[s],0
/workstealing{locality#6/total}/depthpool/distributedSteals,600,756.577420,[s],0
/workstealing{locality#7/total}/depthpool/distributedSteals,600,756.579660,[s],1
/workstealing{locality#0/total}/depthpool/distributedSteals,601,757.717529,[s],0
/workstealing{locality#1/total}/depthpool/distributedSteals,601,757.849404,[s],0
/workstealing{locality#2/total}/depthpool/distributedSteals,601,757.861422,[s],0
/workstealing{locality#3/total}/depthpool/distributedSteals,601,757.853381,[s],2
/workstealing{locality#4/total}/depthpool/distributedSteals,601,757.865415,[s],0
/workstealing{locality#5/total}/depthpool/distributedSteals,601,757.865315,[s],0
/workstealing{locality#6/total}/depthpool/distributedSteals,601,757.861420,[s],0
/workstealing{locality#7/total}/depthpool/distributedSteals,601,757.847732,[s],1
/workstealing{locality#0/total}/depthpool/distributedSteals,602,758.985535,[s],0
/workstealing{locality#1/total}/depthpool/distributedSteals,602,759.013375,[s],0
/workstealing{locality#2/total}/depthpool/distributedSteals,602,759.001417,[s],0
/workstealing{locality#3/total}/depthpool/distributedSteals,602,759.013382,[s],2
/workstealing{locality#4/total}/depthpool/distributedSteals,602,758.996204,[s],0
/workstealing{locality#5/total}/depthpool/distributedSteals,602,758.987629,[s],0
/workstealing{locality#6/total}/depthpool/distributedSteals,602,758.997420,[s],0
/workstealing{locality#7/total}/depthpool/distributedSteals,602,758.995612,[s],1
/workstealing{locality#0/total}/depthpool/distributedSteals,603,760.141525,[s],0
/workstealing{locality#1/total}/depthpool/distributedSteals,603,760.161371,[s],0
/workstealing{locality#2/total}/depthpool/distributedSteals,603,760.169426,[s],0
/workstealing{locality#3/total}/depthpool/distributedSteals,603,760.169383,[s],2
/workstealing{locality#4/total}/depthpool/distributedSteals,603,760.141563,[s],0
/workstealing{locality#5/total}/depthpool/distributedSteals,603,760.151624,[s],0
/workstealing{locality#6/total}/depthpool/distributedSteals,603,760.145404,[s],0
/workstealing{locality#7/total}/depthpool/distributedSteals,603,760.159621,[s],1
/workstealing{locality#0/total}/depthpool/distributedSteals,604,761.337416,[s],0
/workstealing{locality#1/total}/depthpool/distributedSteals,604,761.513382,[s],0
/workstealing{locality#2/total}/depthpool/distributedSteals,604,761.525421,[s],0
/workstealing{locality#3/total}/depthpool/distributedSteals,604,761.529382,[s],2
/workstealing{locality#4/total}/depthpool/distributedSteals,604,761.537414,[s],0
/workstealing{locality#5/total}/depthpool/distributedSteals,604,761.527628,[s],0
/workstealing{locality#6/total}/depthpool/distributedSteals,604,761.513419,[s],0
/workstealing{locality#7/total}/depthpool/distributedSteals,604,761.519621,[s],1
/workstealing{locality#0/total}/depthpool/distributedSteals,605,762.737517,[s],0
/workstealing{locality#1/total}/depthpool/distributedSteals,605,762.741386,[s],0
/workstealing{locality#2/total}/depthpool/distributedSteals,605,762.737573,[s],0
/workstealing{locality#3/total}/depthpool/distributedSteals,605,762.741383,[s],2
/workstealing{locality#4/total}/depthpool/distributedSteals,605,762.785414,[s],0
/workstealing{locality#5/total}/depthpool/distributedSteals,605,762.751630,[s],0
/workstealing{locality#6/total}/depthpool/distributedSteals,605,762.749420,[s],0
/workstealing{locality#7/total}/depthpool/distributedSteals,605,762.735874,[s],1
/workstealing{locality#0/total}/depthpool/distributedSteals,606,763.937597,[s],0
/workstealing{locality#1/total}/depthpool/distributedSteals,606,763.965384,[s],0
/workstealing{locality#2/total}/depthpool/distributedSteals,606,763.941407,[s],0
/workstealing{locality#3/total}/depthpool/distributedSteals,606,763.965387,[s],2
/workstealing{locality#4/total}/depthpool/distributedSteals,606,763.937634,[s],0
/workstealing{locality#5/total}/depthpool/distributedSteals,606,763.951622,[s],0
/workstealing{locality#6/total}/depthpool/distributedSteals,606,763.949417,[s],0
/workstealing{locality#7/total}/depthpool/distributedSteals,606,763.935860,[s],1
/workstealing{locality#0/total}/depthpool/distributedSteals,607,765.117531,[s],0
/workstealing{locality#1/total}/depthpool/distributedSteals,607,765.213394,[s],0
/workstealing{locality#2/total}/depthpool/distributedSteals,607,765.229419,[s],0
/workstealing{locality#3/total}/depthpool/distributedSteals,607,765.217390,[s],2
/workstealing{locality#4/total}/depthpool/distributedSteals,607,765.217411,[s],0
/workstealing{locality#5/total}/depthpool/distributedSteals,607,765.235624,[s],0
/workstealing{locality#6/total}/depthpool/distributedSteals,607,765.233405,[s],0
/workstealing{locality#7/total}/depthpool/distributedSteals,607,765.227609,[s],1
/workstealing{locality#0/total}/depthpool/distributedSteals,608,766.397517,[s],0
/workstealing{locality#1/total}/depthpool/distributedSteals,608,766.493402,[s],0
/workstealing{locality#2/total}/depthpool/distributedSteals,608,766.517409,[s],0
/workstealing{locality#3/total}/depthpool/distributedSteals,608,766.513387,[s],2
/workstealing{locality#4/total}/depthpool/distributedSteals,608,766.497403,[s],0
/workstealing{locality#5/total}/depthpool/distributedSteals,608,766.515624,[s],0
/workstealing{locality#6/total}/depthpool/distributedSteals,608,766.497416,[s],0
/workstealing{locality#7/total}/depthpool/distributedSteals,608,766.491713,[s],1
/workstealing{locality#0/total}/depthpool/distributedSteals,609,767.693449,[s],0
/workstealing{locality#1/total}/depthpool/distributedSteals,609,767.997388,[s],0
/workstealing{locality#2/total}/depthpool/distributedSteals,609,767.997420,[s],0
/workstealing{locality#3/total}/depthpool/distributedSteals,609,767.981430,[s],2
/workstealing{locality#4/total}/depthpool/distributedSteals,609,768.009413,[s],0
/workstealing{locality#5/total}/depthpool/distributedSteals,609,767.987630,[s],0
/workstealing{locality#6/total}/depthpool/distributedSteals,609,768.009416,[s],0
/workstealing{locality#7/total}/depthpool/distributedSteals,609,767.983620,[s],1
/workstealing{locality#0/total}/depthpool/distributedSteals,610,769.241441,[s],0
/workstealing{locality#1/total}/depthpool/distributedSteals,610,769.245386,[s],0
/workstealing{locality#2/total}/depthpool/distributedSteals,610,769.253424,[s],0
/workstealing{locality#3/total}/depthpool/distributedSteals,610,769.249384,[s],2
/workstealing{locality#4/total}/depthpool/distributedSteals,610,769.261417,[s],0
/workstealing{locality#5/total}/depthpool/distributedSteals,610,769.251624,[s],0
/workstealing{locality#6/total}/depthpool/distributedSteals,610,769.257419,[s],0
/workstealing{locality#7/total}/depthpool/distributedSteals,610,769.239716,[s],1
/workstealing{locality#0/total}/depthpool/distributedSteals,611,770.673518,[s],0
/workstealing{locality#1/total}/depthpool/distributedSteals,611,770.681384,[s],0
/workstealing{locality#2/total}/depthpool/distributedSteals,611,770.681423,[s],0
/workstealing{locality#3/total}/depthpool/distributedSteals,611,770.689371,[s],2
/workstealing{locality#4/total}/depthpool/distributedSteals,611,770.673552,[s],0
/workstealing{locality#5/total}/depthpool/distributedSteals,611,770.691622,[s],0
/workstealing{locality#6/total}/depthpool/distributedSteals,611,770.701418,[s],0
/workstealing{locality#7/total}/depthpool/distributedSteals,611,770.691631,[s],1
/workstealing{locality#0/total}/depthpool/distributedSteals,612,771.849520,[s],0
/workstealing{locality#1/total}/depthpool/distributedSteals,612,772.029390,[s],0
/workstealing{locality#2/total}/depthpool/distributedSteals,612,772.013418,[s],0
/workstealing{locality#3/total}/depthpool/distributedSteals,612,772.013382,[s],2
/workstealing{locality#4/total}/depthpool/distributedSteals,612,772.029415,[s],0
/workstealing{locality#5/total}/depthpool/distributedSteals,612,772.019624,[s],0
/workstealing{locality#6/total}/depthpool/distributedSteals,612,772.021419,[s],0
/workstealing{locality#7/total}/depthpool/distributedSteals,612,772.031624,[s],1
/workstealing{locality#0/total}/depthpool/distributedSteals,613,773.221544,[s],0
/workstealing{locality#1/total}/depthpool/distributedSteals,613,773.345374,[s],0
/workstealing{locality#2/total}/depthpool/distributedSteals,613,773.321448,[s],0
/workstealing{locality#3/total}/depthpool/distributedSteals,613,773.329371,[s],2
/workstealing{locality#4/total}/depthpool/distributedSteals,613,773.333412,[s],0
/workstealing{locality#5/total}/depthpool/distributedSteals,613,773.319674,[s],0
/workstealing{locality#6/total}/depthpool/distributedSteals,613,773.321477,[s],0
/workstealing{locality#7/total}/depthpool/distributedSteals,613,773.335626,[s],1
/workstealing{locality#0/total}/depthpool/distributedSteals,614,774.433530,[s],0
/workstealing{locality#1/total}/depthpool/distributedSteals,614,774.638284,[s],0
/workstealing{locality#2/total}/depthpool/distributedSteals,614,774.629423,[s],0
/workstealing{locality#3/total}/depthpool/distributedSteals,614,774.645386,[s],2
/workstealing{locality#4/total}/depthpool/distributedSteals,614,774.645402,[s],0
/workstealing{locality#5/total}/depthpool/distributedSteals,614,774.623680,[s],0
/workstealing{locality#6/total}/depthpool/distributedSteals,614,774.645417,[s],0
/workstealing{locality#7/total}/depthpool/distributedSteals,614,774.631623,[s],1
/workstealing{locality#0/total}/depthpool/distributedSteals,615,776.061526,[s],0
/workstealing{locality#1/total}/depthpool/distributedSteals,615,776.177390,[s],0
/workstealing{locality#2/total}/depthpool/distributedSteals,615,776.157443,[s],0
/workstealing{locality#3/total}/depthpool/distributedSteals,615,776.161385,[s],2
/workstealing{locality#4/total}/depthpool/distributedSteals,615,776.177413,[s],0
/workstealing{locality#5/total}/depthpool/distributedSteals,615,776.183629,[s],0
/workstealing{locality#6/total}/depthpool/distributedSteals,615,776.157476,[s],0
/workstealing{locality#7/total}/depthpool/distributedSteals,615,776.171622,[s],1
/workstealing{locality#0/total}/depthpool/distributedSteals,616,777.349417,[s],0
/workstealing{locality#1/total}/depthpool/distributedSteals,616,777.449410,[s],0
/workstealing{locality#2/total}/depthpool/distributedSteals,616,777.445456,[s],0
/workstealing{locality#3/total}/depthpool/distributedSteals,616,777.469382,[s],2
/workstealing{locality#4/total}/depthpool/distributedSteals,616,777.445459,[s],0
/workstealing{locality#5/total}/depthpool/distributedSteals,616,777.447612,[s],0
/workstealing{locality#6/total}/depthpool/distributedSteals,616,777.449416,[s],0
/workstealing{locality#7/total}/depthpool/distributedSteals,616,777.452334,[s],1
/workstealing{locality#0/total}/depthpool/distributedSteals,617,778.665415,[s],0
/workstealing{locality#1/total}/depthpool/distributedSteals,617,778.753383,[s],0
/workstealing{locality#2/total}/depthpool/distributedSteals,617,778.729424,[s],0
/workstealing{locality#3/total}/depthpool/distributedSteals,617,778.749374,[s],2
/workstealing{locality#4/total}/depthpool/distributedSteals,617,778.749416,[s],0
/workstealing{locality#5/total}/depthpool/distributedSteals,617,778.723664,[s],0
/workstealing{locality#6/total}/depthpool/distributedSteals,617,778.741422,[s],0
/workstealing{locality#7/total}/depthpool/distributedSteals,617,778.731624,[s],1
/workstealing{locality#0/total}/depthpool/distributedSteals,618,780.021415,[s],0
/workstealing{locality#1/total}/depthpool/distributedSteals,618,780.173386,[s],0
/workstealing{locality#2/total}/depthpool/distributedSteals,618,780.177421,[s],0
/workstealing{locality#3/total}/depthpool/distributedSteals,618,780.173389,[s],2
/workstealing{locality#4/total}/depthpool/distributedSteals,618,780.169411,[s],0
/workstealing{locality#5/total}/depthpool/distributedSteals,618,780.167623,[s],0
/workstealing{locality#6/total}/depthpool/distributedSteals,618,780.161408,[s],0
/workstealing{locality#7/total}/depthpool/distributedSteals,618,780.163609,[s],1
/workstealing{locality#0/total}/depthpool/distributedSteals,619,781.237416,[s],0
/workstealing{locality#1/total}/depthpool/distributedSteals,619,781.357386,[s],0
/workstealing{locality#2/total}/depthpool/distributedSteals,619,781.333408,[s],0
/workstealing{locality#3/total}/depthpool/distributedSteals,619,781.357383,[s],2
/workstealing{locality#4/total}/depthpool/distributedSteals,619,781.341411,[s],0
/workstealing{locality#5/total}/depthpool/distributedSteals,619,781.335622,[s],0
/workstealing{locality#6/total}/depthpool/distributedSteals,619,781.341418,[s],0
/workstealing{locality#7/total}/depthpool/distributedSteals,619,781.331614,[s],1
/workstealing{locality#0/total}/depthpool/distributedSteals,620,782.485530,[s],0
/workstealing{locality#1/total}/depthpool/distributedSteals,620,782.505383,[s],0
/workstealing{locality#2/total}/depthpool/distributedSteals,620,782.505422,[s],0
/workstealing{locality#3/total}/depthpool/distributedSteals,620,782.497388,[s],2
/workstealing{locality#4/total}/depthpool/distributedSteals,620,782.497415,[s],0
/workstealing{locality#5/total}/depthpool/distributedSteals,620,782.507623,[s],0
/workstealing{locality#6/total}/depthpool/distributedSteals,620,782.513409,[s],0
/workstealing{locality#7/total}/depthpool/distributedSteals,620,782.499622,[s],1
/workstealing{locality#0/total}/depthpool/distributedSteals,621,783.709526,[s],0
/workstealing{locality#1/total}/depthpool/distributedSteals,621,783.729389,[s],0
/workstealing{locality#2/total}/depthpool/distributedSteals,621,783.709555,[s],0
/workstealing{locality#3/total}/depthpool/distributedSteals,621,783.745379,[s],2
/workstealing{locality#4/total}/depthpool/distributedSteals,621,783.709563,[s],0
/workstealing{locality#5/total}/depthpool/distributedSteals,621,783.739624,[s],0
/workstealing{locality#6/total}/depthpool/distributedSteals,621,783.713406,[s],0
/workstealing{locality#7/total}/depthpool/distributedSteals,621,783.715620,[s],1
/workstealing{locality#0/total}/depthpool/distributedSteals,622,784.937416,[s],0
/workstealing{locality#1/total}/depthpool/distributedSteals,622,784.993384,[s],0
/workstealing{locality#2/total}/depthpool/distributedSteals,622,784.965434,[s],0
/workstealing{locality#3/total}/depthpool/distributedSteals,622,784.969381,[s],2
/workstealing{locality#4/total}/depthpool/distributedSteals,622,784.965443,[s],0
/workstealing{locality#5/total}/depthpool/distributedSteals,622,784.983624,[s],0
/workstealing{locality#6/total}/depthpool/distributedSteals,622,784.969416,[s],0
/workstealing{locality#7/total}/depthpool/distributedSteals,622,784.963679,[s],1
/workstealing{locality#0/total}/depthpool/distributedSteals,623,786.089531,[s],0
/workstealing{locality#1/total}/depthpool/distributedSteals,623,786.157385,[s],0
/workstealing{locality#2/total}/depthpool/distributedSteals,623,786.169406,[s],0
/workstealing{locality#3/total}/depthpool/distributedSteals,623,786.173383,[s],2
/workstealing{locality#4/total}/depthpool/distributedSteals,623,786.153473,[s],0
/workstealing{locality#5/total}/depthpool/distributedSteals,623,786.171621,[s],0
/workstealing{locality#6/total}/depthpool/distributedSteals,623,786.161414,[s],0
/workstealing{locality#7/total}/depthpool/distributedSteals,623,786.171620,[s],1
/workstealing{locality#0/total}/depthpool/distributedSteals,624,787.253531,[s],0
/workstealing{locality#1/total}/depthpool/distributedSteals,624,787.253523,[s],0
/workstealing{locality#2/total}/depthpool/distributedSteals,624,787.281419,[s],0
/workstealing{locality#3/total}/depthpool/distributedSteals,624,787.261424,[s],2
/workstealing{locality#4/total}/depthpool/distributedSteals,624,787.277424,[s],0
/workstealing{locality#5/total}/depthpool/distributedSteals,624,787.255625,[s],0
/workstealing{locality#6/total}/depthpool/distributedSteals,624,787.281408,[s],0
/workstealing{locality#7/total}/depthpool/distributedSteals,624,787.251808,[s],1
/workstealing{locality#0/total}/depthpool/distributedSteals,625,788.393536,[s],0
/workstealing{locality#1/total}/depthpool/distributedSteals,625,788.405387,[s],0
/workstealing{locality#2/total}/depthpool/distributedSteals,625,788.413419,[s],0
/workstealing{locality#3/total}/depthpool/distributedSteals,625,788.397382,[s],2
/workstealing{locality#4/total}/depthpool/distributedSteals,625,788.405417,[s],0
/workstealing{locality#5/total}/depthpool/distributedSteals,625,788.403625,[s],0
/workstealing{locality#6/total}/depthpool/distributedSteals,625,788.409422,[s],0
/workstealing{locality#7/total}/depthpool/distributedSteals,625,788.391801,[s],1
Minimum Vertex Cover Size = 156
cpu = 783038 ms

=== Task Distribution Statistics (Locality 0 of 8) ===
Local Steals: 0
Distributed Steals: 0
Failed Local Steals: 0
Failed Distributed Steals: 0
*** WARNING: This locality did NO stealing attempts - likely idle! ***
=============================================================

*** If only locality 0 has stats above, work distribution FAILED ***
/workstealing{locality#0/total}/depthpool/distributedSteals,626,789.765494,[s],0
/workstealing{locality#1/total}/depthpool/distributedSteals,626,789.773383,[s],0
/workstealing{locality#2/total}/depthpool/distributedSteals,626,789.797423,[s],0
/workstealing{locality#3/total}/depthpool/distributedSteals,626,789.805382,[s],2
/workstealing{locality#4/total}/depthpool/distributedSteals,626,789.773421,[s],0
/workstealing{locality#5/total}/depthpool/distributedSteals,626,789.791622,[s],0
/workstealing{locality#6/total}/depthpool/distributedSteals,626,789.785416,[s],0
/workstealing{locality#7/total}/depthpool/distributedSteals,626,789.763772,[s],1