2705213M@fatanode-09:/cluster/YewParVCTest$ mpirun -np 8 ./build/apps/bnb/vertexcover/vertexcover-16 --skeleton budget   --backtrack-budget 10000000 -f test/vc-experiments/gen200_p0.9_44.clq   --hpx:threads=32   --hpx:print-counter /workstealing/depthpool/distributedSteals   --hpx:print-counter-interval=1000
/workstealing{locality#0/total}/depthpool/distributedSteals,1,6.991552,[s],0
/workstealing{locality#1/total}/depthpool/distributedSteals,1,7.166450,[s],0
/workstealing{locality#2/total}/depthpool/distributedSteals,1,7.160264,[s],0
/workstealing{locality#3/total}/depthpool/distributedSteals,1,7.172226,[s],0
/workstealing{locality#4/total}/depthpool/distributedSteals,1,7.156247,[s],0
/workstealing{locality#5/total}/depthpool/distributedSteals,1,7.176231,[s],0
/workstealing{locality#6/total}/depthpool/distributedSteals,1,7.152259,[s],0
/workstealing{locality#7/total}/depthpool/distributedSteals,1,7.190451,[s],0
=== Configuration ===
Skeleton: budget
Graph size: 200 vertices
Num localities: 8
HPX threads per locality: 32
Backtrack budget: 10000000
====================
/workstealing{locality#0/total}/depthpool/distributedSteals,2,8.196770,[s],0
/workstealing{locality#1/total}/depthpool/distributedSteals,2,8.198575,[s],0
/workstealing{locality#2/total}/depthpool/distributedSteals,2,8.224589,[s],0
/workstealing{locality#3/total}/depthpool/distributedSteals,2,8.224312,[s],0
/workstealing{locality#4/total}/depthpool/distributedSteals,2,8.196757,[s],0
/workstealing{locality#5/total}/depthpool/distributedSteals,2,8.196784,[s],0
/workstealing{locality#6/total}/depthpool/distributedSteals,2,8.228393,[s],0
/workstealing{locality#7/total}/depthpool/distributedSteals,2,8.195136,[s],0
/workstealing{locality#0/total}/depthpool/distributedSteals,3,9.240279,[s],0
/workstealing{locality#1/total}/depthpool/distributedSteals,3,9.278460,[s],0
/workstealing{locality#2/total}/depthpool/distributedSteals,3,9.276263,[s],0
/workstealing{locality#3/total}/depthpool/distributedSteals,3,9.268274,[s],0
/workstealing{locality#4/total}/depthpool/distributedSteals,3,9.268299,[s],0
/workstealing{locality#5/total}/depthpool/distributedSteals,3,9.286564,[s],0
/workstealing{locality#6/total}/depthpool/distributedSteals,3,9.288265,[s],0
/workstealing{locality#7/total}/depthpool/distributedSteals,3,9.286435,[s],0
/workstealing{locality#0/total}/depthpool/distributedSteals,4,10.308239,[s],0
/workstealing{locality#1/total}/depthpool/distributedSteals,4,10.362451,[s],0
/workstealing{locality#2/total}/depthpool/distributedSteals,4,10.356228,[s],0
/workstealing{locality#3/total}/depthpool/distributedSteals,4,10.352226,[s],0
/workstealing{locality#4/total}/depthpool/distributedSteals,4,10.348247,[s],0
/workstealing{locality#5/total}/depthpool/distributedSteals,4,10.356225,[s],0
/workstealing{locality#6/total}/depthpool/distributedSteals,4,10.352251,[s],0
/workstealing{locality#7/total}/depthpool/distributedSteals,4,10.346428,[s],0
/workstealing{locality#0/total}/depthpool/distributedSteals,5,11.528362,[s],0
/workstealing{locality#1/total}/depthpool/distributedSteals,5,11.538497,[s],0
/workstealing{locality#2/total}/depthpool/distributedSteals,5,11.528300,[s],0
/workstealing{locality#3/total}/depthpool/distributedSteals,5,11.552225,[s],0
/workstealing{locality#4/total}/depthpool/distributedSteals,5,11.544239,[s],0
/workstealing{locality#5/total}/depthpool/distributedSteals,5,11.556230,[s],0
/workstealing{locality#6/total}/depthpool/distributedSteals,5,11.540251,[s],0
/workstealing{locality#7/total}/depthpool/distributedSteals,5,11.534441,[s],0
/workstealing{locality#0/total}/depthpool/distributedSteals,6,12.700238,[s],0
/workstealing{locality#1/total}/depthpool/distributedSteals,6,12.730447,[s],0
/workstealing{locality#2/total}/depthpool/distributedSteals,6,12.732244,[s],0
/workstealing{locality#3/total}/depthpool/distributedSteals,6,12.740222,[s],0
/workstealing{locality#4/total}/depthpool/distributedSteals,6,12.724276,[s],0
/workstealing{locality#5/total}/depthpool/distributedSteals,6,12.728225,[s],0
/workstealing{locality#6/total}/depthpool/distributedSteals,6,12.732245,[s],0
/workstealing{locality#7/total}/depthpool/distributedSteals,6,12.738441,[s],0
/workstealing{locality#0/total}/depthpool/distributedSteals,7,13.872374,[s],0
/workstealing{locality#1/total}/depthpool/distributedSteals,7,13.882440,[s],0
/workstealing{locality#2/total}/depthpool/distributedSteals,7,13.880243,[s],0
/workstealing{locality#3/total}/depthpool/distributedSteals,7,13.884222,[s],0
/workstealing{locality#4/total}/depthpool/distributedSteals,7,13.876279,[s],0
/workstealing{locality#5/total}/depthpool/distributedSteals,7,13.880228,[s],0
/workstealing{locality#6/total}/depthpool/distributedSteals,7,13.896250,[s],1
/workstealing{locality#7/total}/depthpool/distributedSteals,7,13.898445,[s],0
/workstealing{locality#0/total}/depthpool/distributedSteals,8,15.072238,[s],0
/workstealing{locality#1/total}/depthpool/distributedSteals,8,15.114447,[s],0
/workstealing{locality#2/total}/depthpool/distributedSteals,8,15.108243,[s],0
/workstealing{locality#3/total}/depthpool/distributedSteals,8,15.104223,[s],0
/workstealing{locality#4/total}/depthpool/distributedSteals,8,15.100279,[s],0
/workstealing{locality#5/total}/depthpool/distributedSteals,8,15.128228,[s],0
/workstealing{locality#6/total}/depthpool/distributedSteals,8,15.116253,[s],1
/workstealing{locality#7/total}/depthpool/distributedSteals,8,15.102447,[s],0
/workstealing{locality#0/total}/depthpool/distributedSteals,9,16.204237,[s],0
/workstealing{locality#1/total}/depthpool/distributedSteals,9,16.282427,[s],0
/workstealing{locality#2/total}/depthpool/distributedSteals,9,16.256266,[s],0
/workstealing{locality#3/total}/depthpool/distributedSteals,9,16.264238,[s],0
/workstealing{locality#4/total}/depthpool/distributedSteals,9,16.260222,[s],0
/workstealing{locality#5/total}/depthpool/distributedSteals,9,16.280223,[s],0
/workstealing{locality#6/total}/depthpool/distributedSteals,9,16.276255,[s],1
/workstealing{locality#7/total}/depthpool/distributedSteals,9,16.262464,[s],0
/workstealing{locality#0/total}/depthpool/distributedSteals,10,17.328357,[s],0
/workstealing{locality#1/total}/depthpool/distributedSteals,10,17.354446,[s],0
/workstealing{locality#2/total}/depthpool/distributedSteals,10,17.328409,[s],0
/workstealing{locality#3/total}/depthpool/distributedSteals,10,17.356223,[s],0
/workstealing{locality#4/total}/depthpool/distributedSteals,10,17.328432,[s],0
/workstealing{locality#5/total}/depthpool/distributedSteals,10,17.348231,[s],0
/workstealing{locality#6/total}/depthpool/distributedSteals,10,17.344262,[s],1
/workstealing{locality#7/total}/depthpool/distributedSteals,10,17.326672,[s],0
/workstealing{locality#0/total}/depthpool/distributedSteals,11,18.356392,[s],0
/workstealing{locality#1/total}/depthpool/distributedSteals,11,18.550470,[s],0
/workstealing{locality#2/total}/depthpool/distributedSteals,11,18.568233,[s],0
/workstealing{locality#3/total}/depthpool/distributedSteals,11,18.552317,[s],0
/workstealing{locality#4/total}/depthpool/distributedSteals,11,18.552325,[s],0
/workstealing{locality#5/total}/depthpool/distributedSteals,11,18.552302,[s],0
/workstealing{locality#6/total}/depthpool/distributedSteals,11,18.564248,[s],1
/workstealing{locality#7/total}/depthpool/distributedSteals,11,18.578428,[s],0
/workstealing{locality#0/total}/depthpool/distributedSteals,12,19.828366,[s],0
/workstealing{locality#1/total}/depthpool/distributedSteals,12,19.878454,[s],0
/workstealing{locality#2/total}/depthpool/distributedSteals,12,19.876238,[s],0
/workstealing{locality#3/total}/depthpool/distributedSteals,12,19.880226,[s],0
/workstealing{locality#4/total}/depthpool/distributedSteals,12,19.868243,[s],0
/workstealing{locality#5/total}/depthpool/distributedSteals,12,19.876227,[s],0
/workstealing{locality#6/total}/depthpool/distributedSteals,12,19.876244,[s],1
/workstealing{locality#7/total}/depthpool/distributedSteals,12,19.878444,[s],0
/workstealing{locality#0/total}/depthpool/distributedSteals,13,21.100338,[s],0
/workstealing{locality#1/total}/depthpool/distributedSteals,13,21.218443,[s],0
/workstealing{locality#2/total}/depthpool/distributedSteals,13,21.196267,[s],0
/workstealing{locality#3/total}/depthpool/distributedSteals,13,21.200209,[s],0
/workstealing{locality#4/total}/depthpool/distributedSteals,13,21.204250,[s],0
/workstealing{locality#5/total}/depthpool/distributedSteals,13,21.224223,[s],0
/workstealing{locality#6/total}/depthpool/distributedSteals,13,21.224251,[s],1
/workstealing{locality#7/total}/depthpool/distributedSteals,13,21.218442,[s],0
/workstealing{locality#0/total}/depthpool/distributedSteals,14,22.397234,[s],0
/workstealing{locality#1/total}/depthpool/distributedSteals,14,22.414431,[s],0
/workstealing{locality#2/total}/depthpool/distributedSteals,14,22.424239,[s],0
/workstealing{locality#3/total}/depthpool/distributedSteals,14,22.397265,[s],0
/workstealing{locality#4/total}/depthpool/distributedSteals,14,22.420236,[s],0
/workstealing{locality#5/total}/depthpool/distributedSteals,14,22.404226,[s],0
/workstealing{locality#6/total}/depthpool/distributedSteals,14,22.424243,[s],1
/workstealing{locality#7/total}/depthpool/distributedSteals,14,22.422438,[s],0
/workstealing{locality#0/total}/depthpool/distributedSteals,15,23.548369,[s],0
/workstealing{locality#1/total}/depthpool/distributedSteals,15,23.546593,[s],0
/workstealing{locality#2/total}/depthpool/distributedSteals,15,23.552243,[s],0
/workstealing{locality#3/total}/depthpool/distributedSteals,15,23.548406,[s],0
/workstealing{locality#4/total}/depthpool/distributedSteals,15,23.568239,[s],0
/workstealing{locality#5/total}/depthpool/distributedSteals,15,23.568220,[s],0
/workstealing{locality#6/total}/depthpool/distributedSteals,15,23.580245,[s],1
/workstealing{locality#7/total}/depthpool/distributedSteals,15,23.569901,[s],0
/workstealing{locality#0/total}/depthpool/distributedSteals,16,24.864373,[s],0
/workstealing{locality#1/total}/depthpool/distributedSteals,16,25.022459,[s],0
/workstealing{locality#2/total}/depthpool/distributedSteals,16,25.032244,[s],0
/workstealing{locality#3/total}/depthpool/distributedSteals,16,25.040223,[s],0
/workstealing{locality#4/total}/depthpool/distributedSteals,16,25.024294,[s],0
/workstealing{locality#5/total}/depthpool/distributedSteals,16,25.040222,[s],0
/workstealing{locality#6/total}/depthpool/distributedSteals,16,25.032258,[s],1
/workstealing{locality#7/total}/depthpool/distributedSteals,16,25.050443,[s],0
/workstealing{locality#0/total}/depthpool/distributedSteals,17,26.136389,[s],0
/workstealing{locality#1/total}/depthpool/distributedSteals,17,26.278441,[s],0
/workstealing{locality#2/total}/depthpool/distributedSteals,17,26.272247,[s],0
/workstealing{locality#3/total}/depthpool/distributedSteals,17,26.284224,[s],0
/workstealing{locality#4/total}/depthpool/distributedSteals,17,26.268284,[s],0
/workstealing{locality#5/total}/depthpool/distributedSteals,17,26.272224,[s],0
/workstealing{locality#6/total}/depthpool/distributedSteals,17,26.288246,[s],1
/workstealing{locality#7/total}/depthpool/distributedSteals,17,26.294440,[s],0
/workstealing{locality#0/total}/depthpool/distributedSteals,18,27.440238,[s],0
/workstealing{locality#1/total}/depthpool/distributedSteals,18,27.522455,[s],0
/workstealing{locality#2/total}/depthpool/distributedSteals,18,27.524283,[s],0
/workstealing{locality#3/total}/depthpool/distributedSteals,18,27.528222,[s],0
/workstealing{locality#4/total}/depthpool/distributedSteals,18,27.532240,[s],0
/workstealing{locality#5/total}/depthpool/distributedSteals,18,27.540223,[s],0
/workstealing{locality#6/total}/depthpool/distributedSteals,18,27.528244,[s],1
/workstealing{locality#7/total}/depthpool/distributedSteals,18,27.522516,[s],0
/workstealing{locality#0/total}/depthpool/distributedSteals,19,28.700367,[s],0
/workstealing{locality#1/total}/depthpool/distributedSteals,19,28.873798,[s],0
/workstealing{locality#2/total}/depthpool/distributedSteals,19,28.860310,[s],0
/workstealing{locality#3/total}/depthpool/distributedSteals,19,28.872227,[s],0
/workstealing{locality#4/total}/depthpool/distributedSteals,19,28.884236,[s],0
/workstealing{locality#5/total}/depthpool/distributedSteals,19,28.860280,[s],0
/workstealing{locality#6/total}/depthpool/distributedSteals,19,28.872458,[s],1
/workstealing{locality#7/total}/depthpool/distributedSteals,19,28.878453,[s],0
/workstealing{locality#0/total}/depthpool/distributedSteals,20,30.052238,[s],0
/workstealing{locality#1/total}/depthpool/distributedSteals,20,30.186440,[s],0
/workstealing{locality#2/total}/depthpool/distributedSteals,20,30.184255,[s],0
/workstealing{locality#3/total}/depthpool/distributedSteals,20,30.176225,[s],0
/workstealing{locality#4/total}/depthpool/distributedSteals,20,30.192238,[s],0
/workstealing{locality#5/total}/depthpool/distributedSteals,20,30.200226,[s],0
/workstealing{locality#6/total}/depthpool/distributedSteals,20,30.184247,[s],1
/workstealing{locality#7/total}/depthpool/distributedSteals,20,30.182441,[s],0
/workstealing{locality#0/total}/depthpool/distributedSteals,21,31.616370,[s],0
/workstealing{locality#1/total}/depthpool/distributedSteals,21,31.634443,[s],0
/workstealing{locality#2/total}/depthpool/distributedSteals,21,31.616409,[s],0
/workstealing{locality#3/total}/depthpool/distributedSteals,21,31.644209,[s],0
/workstealing{locality#4/total}/depthpool/distributedSteals,21,31.616415,[s],0
/workstealing{locality#5/total}/depthpool/distributedSteals,21,31.644221,[s],0
/workstealing{locality#6/total}/depthpool/distributedSteals,21,31.632243,[s],1
/workstealing{locality#7/total}/depthpool/distributedSteals,21,31.642452,[s],0
/workstealing{locality#0/total}/depthpool/distributedSteals,22,32.848363,[s],0
/workstealing{locality#1/total}/depthpool/distributedSteals,22,32.930456,[s],0
/workstealing{locality#2/total}/depthpool/distributedSteals,22,32.932237,[s],0
/workstealing{locality#3/total}/depthpool/distributedSteals,22,32.936225,[s],0
/workstealing{locality#4/total}/depthpool/distributedSteals,22,32.928243,[s],0
/workstealing{locality#5/total}/depthpool/distributedSteals,22,32.920236,[s],0
/workstealing{locality#6/total}/depthpool/distributedSteals,22,32.916242,[s],1
/workstealing{locality#7/total}/depthpool/distributedSteals,22,32.914443,[s],0
/workstealing{locality#0/total}/depthpool/distributedSteals,23,34.024364,[s],0
/workstealing{locality#1/total}/depthpool/distributedSteals,23,34.182439,[s],0
/workstealing{locality#2/total}/depthpool/distributedSteals,23,34.172256,[s],0
/workstealing{locality#3/total}/depthpool/distributedSteals,23,34.160264,[s],0
/workstealing{locality#4/total}/depthpool/distributedSteals,23,34.168244,[s],0
/workstealing{locality#5/total}/depthpool/distributedSteals,23,34.168225,[s],0
/workstealing{locality#6/total}/depthpool/distributedSteals,23,34.164278,[s],1
/workstealing{locality#7/total}/depthpool/distributedSteals,23,34.170442,[s],0
/workstealing{locality#0/total}/depthpool/distributedSteals,24,35.320289,[s],0
/workstealing{locality#1/total}/depthpool/distributedSteals,24,35.378440,[s],0
/workstealing{locality#2/total}/depthpool/distributedSteals,24,35.360273,[s],0
/workstealing{locality#3/total}/depthpool/distributedSteals,24,35.372208,[s],0
/workstealing{locality#4/total}/depthpool/distributedSteals,24,35.372333,[s],0
/workstealing{locality#5/total}/depthpool/distributedSteals,24,35.368223,[s],0
/workstealing{locality#6/total}/depthpool/distributedSteals,24,35.364315,[s],1
/workstealing{locality#7/total}/depthpool/distributedSteals,24,35.350497,[s],0
/workstealing{locality#0/total}/depthpool/distributedSteals,25,36.480448,[s],0
/workstealing{locality#1/total}/depthpool/distributedSteals,25,36.490463,[s],0
/workstealing{locality#2/total}/depthpool/distributedSteals,25,36.484244,[s],0
/workstealing{locality#3/total}/depthpool/distributedSteals,25,36.492221,[s],0
/workstealing{locality#4/total}/depthpool/distributedSteals,25,36.484225,[s],0
/workstealing{locality#5/total}/depthpool/distributedSteals,25,36.496225,[s],0
/workstealing{locality#6/total}/depthpool/distributedSteals,25,36.496247,[s],1
/workstealing{locality#7/total}/depthpool/distributedSteals,25,36.494427,[s],0
/workstealing{locality#0/total}/depthpool/distributedSteals,26,37.616364,[s],0
/workstealing{locality#1/total}/depthpool/distributedSteals,26,37.750471,[s],0
/workstealing{locality#2/total}/depthpool/distributedSteals,26,37.740241,[s],0
/workstealing{locality#3/total}/depthpool/distributedSteals,26,37.748242,[s],0
/workstealing{locality#4/total}/depthpool/distributedSteals,26,37.748242,[s],0
/workstealing{locality#5/total}/depthpool/distributedSteals,26,37.740229,[s],0
/workstealing{locality#6/total}/depthpool/distributedSteals,26,37.724305,[s],1
/workstealing{locality#7/total}/depthpool/distributedSteals,26,37.730444,[s],0
/workstealing{locality#0/total}/depthpool/distributedSteals,27,39.020348,[s],0
/workstealing{locality#1/total}/depthpool/distributedSteals,27,39.102429,[s],0
/workstealing{locality#2/total}/depthpool/distributedSteals,27,39.084276,[s],0
/workstealing{locality#3/total}/depthpool/distributedSteals,27,39.108224,[s],0
/workstealing{locality#4/total}/depthpool/distributedSteals,27,39.092259,[s],0
/workstealing{locality#5/total}/depthpool/distributedSteals,27,39.092221,[s],0
/workstealing{locality#6/total}/depthpool/distributedSteals,27,39.116231,[s],1
/workstealing{locality#7/total}/depthpool/distributedSteals,27,39.098430,[s],0
/workstealing{locality#0/total}/depthpool/distributedSteals,28,40.184442,[s],0
/workstealing{locality#1/total}/depthpool/distributedSteals,28,40.200900,[s],0
/workstealing{locality#2/total}/depthpool/distributedSteals,28,40.204245,[s],0
/workstealing{locality#3/total}/depthpool/distributedSteals,28,40.200224,[s],0
/workstealing{locality#4/total}/depthpool/distributedSteals,28,40.184444,[s],0
/workstealing{locality#5/total}/depthpool/distributedSteals,28,40.192227,[s],0
/workstealing{locality#6/total}/depthpool/distributedSteals,28,40.188248,[s],1
/workstealing{locality#7/total}/depthpool/distributedSteals,28,40.206445,[s],0
/workstealing{locality#0/total}/depthpool/distributedSteals,29,41.400350,[s],0
/workstealing{locality#1/total}/depthpool/distributedSteals,29,41.526326,[s],0
/workstealing{locality#2/total}/depthpool/distributedSteals,29,41.524661,[s],0
/workstealing{locality#3/total}/depthpool/distributedSteals,29,41.548233,[s],0
/workstealing{locality#4/total}/depthpool/distributedSteals,29,41.556230,[s],0
/workstealing{locality#5/total}/depthpool/distributedSteals,29,41.548227,[s],0
/workstealing{locality#6/total}/depthpool/distributedSteals,29,41.552247,[s],1
/workstealing{locality#7/total}/depthpool/distributedSteals,29,41.522936,[s],0
/workstealing{locality#0/total}/depthpool/distributedSteals,30,42.664366,[s],0
/workstealing{locality#1/total}/depthpool/distributedSteals,30,42.678431,[s],0
/workstealing{locality#2/total}/depthpool/distributedSteals,30,42.664393,[s],0
/workstealing{locality#3/total}/depthpool/distributedSteals,30,42.664395,[s],0
/workstealing{locality#4/total}/depthpool/distributedSteals,30,42.672249,[s],0
/workstealing{locality#5/total}/depthpool/distributedSteals,30,42.668210,[s],0
/workstealing{locality#6/total}/depthpool/distributedSteals,30,42.676246,[s],1
/workstealing{locality#7/total}/depthpool/distributedSteals,30,42.674444,[s],0
/workstealing{locality#0/total}/depthpool/distributedSteals,31,43.964348,[s],0
/workstealing{locality#1/total}/depthpool/distributedSteals,31,43.990445,[s],0
/workstealing{locality#2/total}/depthpool/distributedSteals,31,43.964387,[s],0
/workstealing{locality#3/total}/depthpool/distributedSteals,31,43.980221,[s],0
/workstealing{locality#4/total}/depthpool/distributedSteals,31,43.980241,[s],0
/workstealing{locality#5/total}/depthpool/distributedSteals,31,43.964387,[s],0
/workstealing{locality#6/total}/depthpool/distributedSteals,31,43.976231,[s],1
/workstealing{locality#7/total}/depthpool/distributedSteals,31,43.978458,[s],0
/workstealing{locality#0/total}/depthpool/distributedSteals,32,45.176434,[s],0
/workstealing{locality#1/total}/depthpool/distributedSteals,32,45.210430,[s],0
/workstealing{locality#2/total}/depthpool/distributedSteals,32,45.228241,[s],0
/workstealing{locality#3/total}/depthpool/distributedSteals,32,45.220239,[s],0
/workstealing{locality#4/total}/depthpool/distributedSteals,32,45.212238,[s],0
/workstealing{locality#5/total}/depthpool/distributedSteals,32,45.232222,[s],0
/workstealing{locality#6/total}/depthpool/distributedSteals,32,45.220247,[s],1
/workstealing{locality#7/total}/depthpool/distributedSteals,32,45.206569,[s],0
/workstealing{locality#0/total}/depthpool/distributedSteals,33,46.472270,[s],0
/workstealing{locality#1/total}/depthpool/distributedSteals,33,46.502459,[s],0
/workstealing{locality#2/total}/depthpool/distributedSteals,33,46.508228,[s],0
/workstealing{locality#3/total}/depthpool/distributedSteals,33,46.512222,[s],0
/workstealing{locality#4/total}/depthpool/distributedSteals,33,46.532242,[s],0
/workstealing{locality#5/total}/depthpool/distributedSteals,33,46.520210,[s],0
/workstealing{locality#6/total}/depthpool/distributedSteals,33,46.512231,[s],1
/workstealing{locality#7/total}/depthpool/distributedSteals,33,46.502523,[s],0
/workstealing{locality#0/total}/depthpool/distributedSteals,34,47.664356,[s],0
/workstealing{locality#1/total}/depthpool/distributedSteals,34,47.806451,[s],0
/workstealing{locality#2/total}/depthpool/distributedSteals,34,47.800270,[s],0
/workstealing{locality#3/total}/depthpool/distributedSteals,34,47.824231,[s],0
/workstealing{locality#4/total}/depthpool/distributedSteals,34,47.804235,[s],0
/workstealing{locality#5/total}/depthpool/distributedSteals,34,47.800262,[s],0
/workstealing{locality#6/total}/depthpool/distributedSteals,34,47.800296,[s],1
/workstealing{locality#7/total}/depthpool/distributedSteals,34,47.802452,[s],0
/workstealing{locality#0/total}/depthpool/distributedSteals,35,49.036239,[s],0
/workstealing{locality#1/total}/depthpool/distributedSteals,35,49.086448,[s],0
/workstealing{locality#2/total}/depthpool/distributedSteals,35,49.108246,[s],0
/workstealing{locality#3/total}/depthpool/distributedSteals,35,49.104220,[s],0
/workstealing{locality#4/total}/depthpool/distributedSteals,35,49.116235,[s],0
/workstealing{locality#5/total}/depthpool/distributedSteals,35,49.096222,[s],0
/workstealing{locality#6/total}/depthpool/distributedSteals,35,49.112232,[s],1
/workstealing{locality#7/total}/depthpool/distributedSteals,35,49.110445,[s],0
/workstealing{locality#0/total}/depthpool/distributedSteals,36,50.256354,[s],0
/workstealing{locality#1/total}/depthpool/distributedSteals,36,50.278449,[s],0
/workstealing{locality#2/total}/depthpool/distributedSteals,36,50.280244,[s],0
/workstealing{locality#3/total}/depthpool/distributedSteals,36,50.280208,[s],0
/workstealing{locality#4/total}/depthpool/distributedSteals,36,50.268247,[s],0
/workstealing{locality#5/total}/depthpool/distributedSteals,36,50.260224,[s],0
/workstealing{locality#6/total}/depthpool/distributedSteals,36,50.256454,[s],1
/workstealing{locality#7/total}/depthpool/distributedSteals,36,50.254653,[s],0
/workstealing{locality#0/total}/depthpool/distributedSteals,37,51.508362,[s],0
/workstealing{locality#1/total}/depthpool/distributedSteals,37,51.694446,[s],0
/workstealing{locality#2/total}/depthpool/distributedSteals,37,51.680259,[s],0
/workstealing{locality#3/total}/depthpool/distributedSteals,37,51.692229,[s],0
/workstealing{locality#4/total}/depthpool/distributedSteals,37,51.700224,[s],0
/workstealing{locality#5/total}/depthpool/distributedSteals,37,51.680224,[s],0
/workstealing{locality#6/total}/depthpool/distributedSteals,37,51.688259,[s],1
/workstealing{locality#7/total}/depthpool/distributedSteals,37,51.678443,[s],0
/workstealing{locality#0/total}/depthpool/distributedSteals,38,52.828241,[s],0
/workstealing{locality#1/total}/depthpool/distributedSteals,38,53.110441,[s],0
/workstealing{locality#2/total}/depthpool/distributedSteals,38,53.104246,[s],0
/workstealing{locality#3/total}/depthpool/distributedSteals,38,53.100279,[s],0
/workstealing{locality#4/total}/depthpool/distributedSteals,38,53.104236,[s],0
/workstealing{locality#5/total}/depthpool/distributedSteals,38,53.128220,[s],0
/workstealing{locality#6/total}/depthpool/distributedSteals,38,53.116243,[s],1
/workstealing{locality#7/total}/depthpool/distributedSteals,38,53.110452,[s],0
/workstealing{locality#0/total}/depthpool/distributedSteals,39,54.252367,[s],0
/workstealing{locality#1/total}/depthpool/distributedSteals,39,54.390448,[s],0
/workstealing{locality#2/total}/depthpool/distributedSteals,39,54.388286,[s],0
/workstealing{locality#3/total}/depthpool/distributedSteals,39,54.392221,[s],0
/workstealing{locality#4/total}/depthpool/distributedSteals,39,54.408246,[s],0
/workstealing{locality#5/total}/depthpool/distributedSteals,39,54.408227,[s],0
/workstealing{locality#6/total}/depthpool/distributedSteals,39,54.420233,[s],1
/workstealing{locality#7/total}/depthpool/distributedSteals,39,54.402449,[s],0
/workstealing{locality#0/total}/depthpool/distributedSteals,40,55.504393,[s],0
/workstealing{locality#1/total}/depthpool/distributedSteals,40,55.530447,[s],0
/workstealing{locality#2/total}/depthpool/distributedSteals,40,55.508256,[s],0
/workstealing{locality#3/total}/depthpool/distributedSteals,40,55.508227,[s],0
/workstealing{locality#4/total}/depthpool/distributedSteals,40,55.528245,[s],0
/workstealing{locality#5/total}/depthpool/distributedSteals,40,55.512213,[s],0
/workstealing{locality#6/total}/depthpool/distributedSteals,40,55.504474,[s],1
/workstealing{locality#7/total}/depthpool/distributedSteals,40,55.502682,[s],0
/workstealing{locality#0/total}/depthpool/distributedSteals,41,56.768364,[s],0
/workstealing{locality#1/total}/depthpool/distributedSteals,41,56.922454,[s],0
/workstealing{locality#2/total}/depthpool/distributedSteals,41,56.944241,[s],0
/workstealing{locality#3/total}/depthpool/distributedSteals,41,56.928209,[s],0
/workstealing{locality#4/total}/depthpool/distributedSteals,41,56.952226,[s],0
/workstealing{locality#5/total}/depthpool/distributedSteals,41,56.948214,[s],0
/workstealing{locality#6/total}/depthpool/distributedSteals,41,56.924309,[s],1
/workstealing{locality#7/total}/depthpool/distributedSteals,41,56.922523,[s],0
/workstealing{locality#0/total}/depthpool/distributedSteals,42,58.056286,[s],0
/workstealing{locality#1/total}/depthpool/distributedSteals,42,58.258443,[s],0
/workstealing{locality#2/total}/depthpool/distributedSteals,42,58.260246,[s],0
/workstealing{locality#3/total}/depthpool/distributedSteals,42,58.276233,[s],0
/workstealing{locality#4/total}/depthpool/distributedSteals,42,58.264240,[s],0
/workstealing{locality#5/total}/depthpool/distributedSteals,42,58.280222,[s],0
/workstealing{locality#6/total}/depthpool/distributedSteals,42,58.268247,[s],1
/workstealing{locality#7/total}/depthpool/distributedSteals,42,58.262443,[s],0
/workstealing{locality#0/total}/depthpool/distributedSteals,43,59.388373,[s],0
/workstealing{locality#1/total}/depthpool/distributedSteals,43,59.506443,[s],0
/workstealing{locality#2/total}/depthpool/distributedSteals,43,59.496232,[s],0
/workstealing{locality#3/total}/depthpool/distributedSteals,43,59.500223,[s],0
/workstealing{locality#4/total}/depthpool/distributedSteals,43,59.496238,[s],0
/workstealing{locality#5/total}/depthpool/distributedSteals,43,59.496211,[s],0
/workstealing{locality#6/total}/depthpool/distributedSteals,43,59.488322,[s],1
/workstealing{locality#7/total}/depthpool/distributedSteals,43,59.514439,[s],0
/workstealing{locality#0/total}/depthpool/distributedSteals,44,60.836343,[s],0
/workstealing{locality#1/total}/depthpool/distributedSteals,44,60.922443,[s],0
/workstealing{locality#2/total}/depthpool/distributedSteals,44,60.920244,[s],0
/workstealing{locality#3/total}/depthpool/distributedSteals,44,60.924238,[s],0
/workstealing{locality#4/total}/depthpool/distributedSteals,44,60.908240,[s],0
/workstealing{locality#5/total}/depthpool/distributedSteals,44,60.924226,[s],0
/workstealing{locality#6/total}/depthpool/distributedSteals,44,60.928245,[s],1
/workstealing{locality#7/total}/depthpool/distributedSteals,44,60.922440,[s],0
/workstealing{locality#0/total}/depthpool/distributedSteals,45,62.148272,[s],0
/workstealing{locality#1/total}/depthpool/distributedSteals,45,62.530477,[s],0
/workstealing{locality#2/total}/depthpool/distributedSteals,45,62.532271,[s],0
/workstealing{locality#3/total}/depthpool/distributedSteals,45,62.536220,[s],0
/workstealing{locality#4/total}/depthpool/distributedSteals,45,62.532281,[s],0
/workstealing{locality#5/total}/depthpool/distributedSteals,45,62.544228,[s],0
/workstealing{locality#6/total}/depthpool/distributedSteals,45,62.548245,[s],1
/workstealing{locality#7/total}/depthpool/distributedSteals,45,62.554442,[s],0
/workstealing{locality#0/total}/depthpool/distributedSteals,46,63.748411,[s],0
/workstealing{locality#1/total}/depthpool/distributedSteals,46,63.826447,[s],0
/workstealing{locality#2/total}/depthpool/distributedSteals,46,63.812278,[s],0
/workstealing{locality#3/total}/depthpool/distributedSteals,46,63.844230,[s],0
/workstealing{locality#4/total}/depthpool/distributedSteals,46,63.812306,[s],0
/workstealing{locality#5/total}/depthpool/distributedSteals,46,63.828223,[s],0
/workstealing{locality#6/total}/depthpool/distributedSteals,46,63.844251,[s],1
/workstealing{locality#7/total}/depthpool/distributedSteals,46,63.834441,[s],0
/workstealing{locality#0/total}/depthpool/distributedSteals,47,65.036376,[s],0
/workstealing{locality#1/total}/depthpool/distributedSteals,47,65.034605,[s],0
/workstealing{locality#2/total}/depthpool/distributedSteals,47,65.036416,[s],0
/workstealing{locality#3/total}/depthpool/distributedSteals,47,65.036402,[s],0
/workstealing{locality#4/total}/depthpool/distributedSteals,47,65.040225,[s],0
/workstealing{locality#5/total}/depthpool/distributedSteals,47,65.036411,[s],0
/workstealing{locality#6/total}/depthpool/distributedSteals,47,65.048248,[s],1
/workstealing{locality#7/total}/depthpool/distributedSteals,47,65.034658,[s],0
/workstealing{locality#0/total}/depthpool/distributedSteals,48,66.148237,[s],0
/workstealing{locality#1/total}/depthpool/distributedSteals,48,66.270457,[s],0
/workstealing{locality#2/total}/depthpool/distributedSteals,48,66.276246,[s],0
/workstealing{locality#3/total}/depthpool/distributedSteals,48,66.272254,[s],0
/workstealing{locality#4/total}/depthpool/distributedSteals,48,66.276253,[s],0
/workstealing{locality#5/total}/depthpool/distributedSteals,48,66.272267,[s],0
/workstealing{locality#6/total}/depthpool/distributedSteals,48,66.284250,[s],1
/workstealing{locality#7/total}/depthpool/distributedSteals,48,66.282451,[s],0
/workstealing{locality#0/total}/depthpool/distributedSteals,49,67.416351,[s],0
/workstealing{locality#1/total}/depthpool/distributedSteals,49,67.526445,[s],0
/workstealing{locality#2/total}/depthpool/distributedSteals,49,67.504266,[s],0
/workstealing{locality#3/total}/depthpool/distributedSteals,49,67.512229,[s],0
/workstealing{locality#4/total}/depthpool/distributedSteals,49,67.520244,[s],0
/workstealing{locality#5/total}/depthpool/distributedSteals,49,67.512210,[s],0
/workstealing{locality#6/total}/depthpool/distributedSteals,49,67.504336,[s],1
/workstealing{locality#7/total}/depthpool/distributedSteals,49,67.518444,[s],0
/workstealing{locality#0/total}/depthpool/distributedSteals,50,68.588354,[s],0
/workstealing{locality#1/total}/depthpool/distributedSteals,50,68.698442,[s],0
/workstealing{locality#2/total}/depthpool/distributedSteals,50,68.688243,[s],0
/workstealing{locality#3/total}/depthpool/distributedSteals,50,68.680277,[s],0
/workstealing{locality#4/total}/depthpool/distributedSteals,50,68.696260,[s],0
/workstealing{locality#5/total}/depthpool/distributedSteals,50,68.692226,[s],0
/workstealing{locality#6/total}/depthpool/distributedSteals,50,68.680355,[s],1
/workstealing{locality#7/total}/depthpool/distributedSteals,50,68.686443,[s],0
/workstealing{locality#0/total}/depthpool/distributedSteals,51,69.812440,[s],0
/workstealing{locality#1/total}/depthpool/distributedSteals,51,69.826445,[s],0
/workstealing{locality#2/total}/depthpool/distributedSteals,51,69.820242,[s],0
/workstealing{locality#3/total}/depthpool/distributedSteals,51,69.816237,[s],0
/workstealing{locality#4/total}/depthpool/distributedSteals,51,69.812409,[s],0
/workstealing{locality#5/total}/depthpool/distributedSteals,51,69.832235,[s],0
/workstealing{locality#6/total}/depthpool/distributedSteals,51,69.812449,[s],1
/workstealing{locality#7/total}/depthpool/distributedSteals,51,69.814444,[s],0
/workstealing{locality#0/total}/depthpool/distributedSteals,52,70.988350,[s],0
/workstealing{locality#1/total}/depthpool/distributedSteals,52,71.050453,[s],0
/workstealing{locality#2/total}/depthpool/distributedSteals,52,71.072241,[s],0
/workstealing{locality#3/total}/depthpool/distributedSteals,52,71.064221,[s],0
/workstealing{locality#4/total}/depthpool/distributedSteals,52,71.076236,[s],0
/workstealing{locality#5/total}/depthpool/distributedSteals,52,71.052280,[s],0
/workstealing{locality#6/total}/depthpool/distributedSteals,52,71.060242,[s],1
/workstealing{locality#7/total}/depthpool/distributedSteals,52,71.062441,[s],0
/workstealing{locality#0/total}/depthpool/distributedSteals,53,72.196405,[s],0
/workstealing{locality#1/total}/depthpool/distributedSteals,53,72.298449,[s],0
/workstealing{locality#2/total}/depthpool/distributedSteals,53,72.320228,[s],0
/workstealing{locality#3/total}/depthpool/distributedSteals,53,72.316210,[s],0
/workstealing{locality#4/total}/depthpool/distributedSteals,53,72.296235,[s],0
/workstealing{locality#5/total}/depthpool/distributedSteals,53,72.308225,[s],0
/workstealing{locality#6/total}/depthpool/distributedSteals,53,72.316232,[s],1
/workstealing{locality#7/total}/depthpool/distributedSteals,53,72.310440,[s],0
/workstealing{locality#0/total}/depthpool/distributedSteals,54,73.448422,[s],0
/workstealing{locality#1/total}/depthpool/distributedSteals,54,73.506434,[s],0
/workstealing{locality#2/total}/depthpool/distributedSteals,54,73.500239,[s],0
/workstealing{locality#3/total}/depthpool/distributedSteals,54,73.504224,[s],0
/workstealing{locality#4/total}/depthpool/distributedSteals,54,73.500227,[s],0
/workstealing{locality#5/total}/depthpool/distributedSteals,54,73.496222,[s],0
/workstealing{locality#6/total}/depthpool/distributedSteals,54,73.488241,[s],1
/workstealing{locality#7/total}/depthpool/distributedSteals,54,73.498442,[s],0
/workstealing{locality#0/total}/depthpool/distributedSteals,55,74.660374,[s],0
/workstealing{locality#1/total}/depthpool/distributedSteals,55,74.842428,[s],0
/workstealing{locality#2/total}/depthpool/distributedSteals,55,74.836240,[s],0
/workstealing{locality#3/total}/depthpool/distributedSteals,55,74.844230,[s],0
/workstealing{locality#4/total}/depthpool/distributedSteals,55,74.836247,[s],0
/workstealing{locality#5/total}/depthpool/distributedSteals,55,74.836227,[s],0
/workstealing{locality#6/total}/depthpool/distributedSteals,55,74.828341,[s],1
/workstealing{locality#7/total}/depthpool/distributedSteals,55,74.850442,[s],0
/workstealing{locality#0/total}/depthpool/distributedSteals,56,75.956372,[s],0
/workstealing{locality#1/total}/depthpool/distributedSteals,56,75.986453,[s],0
/workstealing{locality#2/total}/depthpool/distributedSteals,56,75.988286,[s],0
/workstealing{locality#3/total}/depthpool/distributedSteals,56,76.012225,[s],0
/workstealing{locality#4/total}/depthpool/distributedSteals,56,76.016234,[s],0
/workstealing{locality#5/total}/depthpool/distributedSteals,56,75.988270,[s],0
/workstealing{locality#6/total}/depthpool/distributedSteals,56,76.004293,[s],1
/workstealing{locality#7/total}/depthpool/distributedSteals,56,76.006449,[s],0
/workstealing{locality#0/total}/depthpool/distributedSteals,57,77.080355,[s],0
/workstealing{locality#1/total}/depthpool/distributedSteals,57,77.166443,[s],0
/workstealing{locality#2/total}/depthpool/distributedSteals,57,77.164253,[s],0
/workstealing{locality#3/total}/depthpool/distributedSteals,57,77.156252,[s],0
/workstealing{locality#4/total}/depthpool/distributedSteals,57,77.172236,[s],0
/workstealing{locality#5/total}/depthpool/distributedSteals,57,77.160227,[s],0
/workstealing{locality#6/total}/depthpool/distributedSteals,57,77.160252,[s],1
/workstealing{locality#7/total}/depthpool/distributedSteals,57,77.142521,[s],0
/workstealing{locality#0/total}/depthpool/distributedSteals,58,78.360447,[s],0
/workstealing{locality#1/total}/depthpool/distributedSteals,58,78.366442,[s],0
/workstealing{locality#2/total}/depthpool/distributedSteals,58,78.364248,[s],0
/workstealing{locality#3/total}/depthpool/distributedSteals,58,78.388227,[s],0
/workstealing{locality#4/total}/depthpool/distributedSteals,58,78.376241,[s],0
/workstealing{locality#5/total}/depthpool/distributedSteals,58,78.376209,[s],0
/workstealing{locality#6/total}/depthpool/distributedSteals,58,78.360534,[s],1
/workstealing{locality#7/total}/depthpool/distributedSteals,58,78.362442,[s],0
/workstealing{locality#0/total}/depthpool/distributedSteals,59,79.460362,[s],0
/workstealing{locality#1/total}/depthpool/distributedSteals,59,79.554429,[s],0
/workstealing{locality#2/total}/depthpool/distributedSteals,59,79.528231,[s],0
/workstealing{locality#3/total}/depthpool/distributedSteals,59,79.536220,[s],0
/workstealing{locality#4/total}/depthpool/distributedSteals,59,79.524280,[s],0
/workstealing{locality#5/total}/depthpool/distributedSteals,59,79.528221,[s],0
/workstealing{locality#6/total}/depthpool/distributedSteals,59,79.548236,[s],1
/workstealing{locality#7/total}/depthpool/distributedSteals,59,79.538447,[s],0
/workstealing{locality#0/total}/depthpool/distributedSteals,60,80.608349,[s],0
/workstealing{locality#1/total}/depthpool/distributedSteals,60,80.738453,[s],0
/workstealing{locality#2/total}/depthpool/distributedSteals,60,80.756244,[s],0
/workstealing{locality#3/total}/depthpool/distributedSteals,60,80.756223,[s],0
/workstealing{locality#4/total}/depthpool/distributedSteals,60,80.740280,[s],0
/workstealing{locality#5/total}/depthpool/distributedSteals,60,80.744223,[s],0
/workstealing{locality#6/total}/depthpool/distributedSteals,60,80.752231,[s],1
/workstealing{locality#7/total}/depthpool/distributedSteals,60,80.738497,[s],0
/workstealing{locality#0/total}/depthpool/distributedSteals,61,81.884366,[s],0
/workstealing{locality#1/total}/depthpool/distributedSteals,61,81.910440,[s],0
/workstealing{locality#2/total}/depthpool/distributedSteals,61,81.908248,[s],0
/workstealing{locality#3/total}/depthpool/distributedSteals,61,81.888210,[s],0
/workstealing{locality#4/total}/depthpool/distributedSteals,61,81.900237,[s],0
/workstealing{locality#5/total}/depthpool/distributedSteals,61,81.896226,[s],0
/workstealing{locality#6/total}/depthpool/distributedSteals,61,81.912244,[s],1
/workstealing{locality#7/total}/depthpool/distributedSteals,61,81.910446,[s],0
/workstealing{locality#0/total}/depthpool/distributedSteals,62,83.016368,[s],0
/workstealing{locality#1/total}/depthpool/distributedSteals,62,83.066444,[s],0
/workstealing{locality#2/total}/depthpool/distributedSteals,62,83.068244,[s],0
/workstealing{locality#3/total}/depthpool/distributedSteals,62,83.052222,[s],0
/workstealing{locality#4/total}/depthpool/distributedSteals,62,83.056237,[s],0
/workstealing{locality#5/total}/depthpool/distributedSteals,62,83.052209,[s],0
/workstealing{locality#6/total}/depthpool/distributedSteals,62,83.072250,[s],1
/workstealing{locality#7/total}/depthpool/distributedSteals,62,83.074429,[s],0
/workstealing{locality#0/total}/depthpool/distributedSteals,63,84.160352,[s],0
/workstealing{locality#1/total}/depthpool/distributedSteals,63,84.242445,[s],0
/workstealing{locality#2/total}/depthpool/distributedSteals,63,84.244257,[s],0
/workstealing{locality#3/total}/depthpool/distributedSteals,63,84.248220,[s],0
/workstealing{locality#4/total}/depthpool/distributedSteals,63,84.244235,[s],0
/workstealing{locality#5/total}/depthpool/distributedSteals,63,84.224276,[s],0
/workstealing{locality#6/total}/depthpool/distributedSteals,63,84.228247,[s],1
/workstealing{locality#7/total}/depthpool/distributedSteals,63,84.246452,[s],0
/workstealing{locality#0/total}/depthpool/distributedSteals,64,85.336355,[s],0
/workstealing{locality#1/total}/depthpool/distributedSteals,64,85.554445,[s],0
/workstealing{locality#2/total}/depthpool/distributedSteals,64,85.560247,[s],0
/workstealing{locality#3/total}/depthpool/distributedSteals,64,85.532251,[s],0
/workstealing{locality#4/total}/depthpool/distributedSteals,64,85.532283,[s],0
/workstealing{locality#5/total}/depthpool/distributedSteals,64,85.560222,[s],0
/workstealing{locality#6/total}/depthpool/distributedSteals,64,85.556248,[s],1
/workstealing{locality#7/total}/depthpool/distributedSteals,64,85.542448,[s],0
/workstealing{locality#0/total}/depthpool/distributedSteals,65,86.876372,[s],0
/workstealing{locality#1/total}/depthpool/distributedSteals,65,86.986446,[s],0
/workstealing{locality#2/total}/depthpool/distributedSteals,65,86.980276,[s],0
/workstealing{locality#3/total}/depthpool/distributedSteals,65,87.004228,[s],0
/workstealing{locality#4/total}/depthpool/distributedSteals,65,86.980278,[s],0
/workstealing{locality#5/total}/depthpool/distributedSteals,65,86.980301,[s],0
/workstealing{locality#6/total}/depthpool/distributedSteals,65,86.992244,[s],1
/workstealing{locality#7/total}/depthpool/distributedSteals,65,86.994445,[s],0
/workstealing{locality#0/total}/depthpool/distributedSteals,66,88.132345,[s],0
/workstealing{locality#1/total}/depthpool/distributedSteals,66,88.150448,[s],0
/workstealing{locality#2/total}/depthpool/distributedSteals,66,88.132381,[s],0
/workstealing{locality#3/total}/depthpool/distributedSteals,66,88.156220,[s],0
/workstealing{locality#4/total}/depthpool/distributedSteals,66,88.152251,[s],0
/workstealing{locality#5/total}/depthpool/distributedSteals,66,88.148225,[s],0
/workstealing{locality#6/total}/depthpool/distributedSteals,66,88.164230,[s],1
/workstealing{locality#7/total}/depthpool/distributedSteals,66,88.146449,[s],0
/workstealing{locality#0/total}/depthpool/distributedSteals,67,89.252377,[s],0
/workstealing{locality#1/total}/depthpool/distributedSteals,67,89.346452,[s],0
/workstealing{locality#2/total}/depthpool/distributedSteals,67,89.360247,[s],0
/workstealing{locality#3/total}/depthpool/distributedSteals,67,89.360210,[s],0
/workstealing{locality#4/total}/depthpool/distributedSteals,67,89.368246,[s],0
/workstealing{locality#5/total}/depthpool/distributedSteals,67,89.348267,[s],0
/workstealing{locality#6/total}/depthpool/distributedSteals,67,89.372244,[s],1
/workstealing{locality#7/total}/depthpool/distributedSteals,67,89.374441,[s],0
/workstealing{locality#0/total}/depthpool/distributedSteals,68,90.588240,[s],0
/workstealing{locality#1/total}/depthpool/distributedSteals,68,90.646451,[s],0
/workstealing{locality#2/total}/depthpool/distributedSteals,68,90.652244,[s],0
/workstealing{locality#3/total}/depthpool/distributedSteals,68,90.672222,[s],0
/workstealing{locality#4/total}/depthpool/distributedSteals,68,90.676240,[s],0
/workstealing{locality#5/total}/depthpool/distributedSteals,68,90.648268,[s],0
/workstealing{locality#6/total}/depthpool/distributedSteals,68,90.672240,[s],1
/workstealing{locality#7/total}/depthpool/distributedSteals,68,90.646498,[s],0
/workstealing{locality#0/total}/depthpool/distributedSteals,69,91.792275,[s],0
/workstealing{locality#1/total}/depthpool/distributedSteals,69,91.994444,[s],0
/workstealing{locality#2/total}/depthpool/distributedSteals,69,92.016253,[s],0
/workstealing{locality#3/total}/depthpool/distributedSteals,69,92.008230,[s],0
/workstealing{locality#4/total}/depthpool/distributedSteals,69,92.012237,[s],0
/workstealing{locality#5/total}/depthpool/distributedSteals,69,91.988284,[s],0
/workstealing{locality#6/total}/depthpool/distributedSteals,69,92.008242,[s],1
/workstealing{locality#7/total}/depthpool/distributedSteals,69,91.990428,[s],0
/workstealing{locality#0/total}/depthpool/distributedSteals,70,93.176236,[s],0
/workstealing{locality#1/total}/depthpool/distributedSteals,70,93.358444,[s],0
/workstealing{locality#2/total}/depthpool/distributedSteals,70,93.368242,[s],0
/workstealing{locality#3/total}/depthpool/distributedSteals,70,93.344225,[s],0
/workstealing{locality#4/total}/depthpool/distributedSteals,70,93.344237,[s],0
/workstealing{locality#5/total}/depthpool/distributedSteals,70,93.336272,[s],0
/workstealing{locality#6/total}/depthpool/distributedSteals,70,93.352243,[s],1
/workstealing{locality#7/total}/depthpool/distributedSteals,70,93.342450,[s],0
/workstealing{locality#0/total}/depthpool/distributedSteals,71,94.556371,[s],0
/workstealing{locality#1/total}/depthpool/distributedSteals,71,94.658449,[s],0
/workstealing{locality#2/total}/depthpool/distributedSteals,71,94.676241,[s],0
/workstealing{locality#3/total}/depthpool/distributedSteals,71,94.660223,[s],0
/workstealing{locality#4/total}/depthpool/distributedSteals,71,94.664241,[s],0
/workstealing{locality#5/total}/depthpool/distributedSteals,71,94.676223,[s],0
/workstealing{locality#6/total}/depthpool/distributedSteals,71,94.672249,[s],1
/workstealing{locality#7/total}/depthpool/distributedSteals,71,94.654511,[s],0
/workstealing{locality#0/total}/depthpool/distributedSteals,72,95.804361,[s],0
/workstealing{locality#1/total}/depthpool/distributedSteals,72,95.858440,[s],0
/workstealing{locality#2/total}/depthpool/distributedSteals,72,95.864243,[s],0
/workstealing{locality#3/total}/depthpool/distributedSteals,72,95.844219,[s],0
/workstealing{locality#4/total}/depthpool/distributedSteals,72,95.848244,[s],0
/workstealing{locality#5/total}/depthpool/distributedSteals,72,95.840223,[s],0
/workstealing{locality#6/total}/depthpool/distributedSteals,72,95.856243,[s],1
/workstealing{locality#7/total}/depthpool/distributedSteals,72,95.854429,[s],0
/workstealing{locality#0/total}/depthpool/distributedSteals,73,97.148433,[s],0
/workstealing{locality#1/total}/depthpool/distributedSteals,73,97.170429,[s],0
/workstealing{locality#2/total}/depthpool/distributedSteals,73,97.172242,[s],0
/workstealing{locality#3/total}/depthpool/distributedSteals,73,97.176235,[s],0
/workstealing{locality#4/total}/depthpool/distributedSteals,73,97.160290,[s],0
/workstealing{locality#5/total}/depthpool/distributedSteals,73,97.156222,[s],0
/workstealing{locality#6/total}/depthpool/distributedSteals,73,97.156234,[s],1
/workstealing{locality#7/total}/depthpool/distributedSteals,73,97.166441,[s],0
/workstealing{locality#0/total}/depthpool/distributedSteals,74,98.436354,[s],0
/workstealing{locality#1/total}/depthpool/distributedSteals,74,98.498455,[s],0
/workstealing{locality#2/total}/depthpool/distributedSteals,74,98.508241,[s],0
/workstealing{locality#3/total}/depthpool/distributedSteals,74,98.524220,[s],0
/workstealing{locality#4/total}/depthpool/distributedSteals,74,98.512236,[s],0
/workstealing{locality#5/total}/depthpool/distributedSteals,74,98.528223,[s],0
/workstealing{locality#6/total}/depthpool/distributedSteals,74,98.536232,[s],1
/workstealing{locality#7/total}/depthpool/distributedSteals,74,98.514440,[s],0
/workstealing{locality#0/total}/depthpool/distributedSteals,75,99.600237,[s],0
/workstealing{locality#1/total}/depthpool/distributedSteals,75,99.654472,[s],0
/workstealing{locality#2/total}/depthpool/distributedSteals,75,99.660230,[s],0
/workstealing{locality#3/total}/depthpool/distributedSteals,75,99.676227,[s],0
/workstealing{locality#4/total}/depthpool/distributedSteals,75,99.656272,[s],0
/workstealing{locality#5/total}/depthpool/distributedSteals,75,99.676223,[s],0
/workstealing{locality#6/total}/depthpool/distributedSteals,75,99.668244,[s],1
/workstealing{locality#7/total}/depthpool/distributedSteals,75,99.678443,[s],0
/workstealing{locality#0/total}/depthpool/distributedSteals,76,100.796238,[s],0
/workstealing{locality#1/total}/depthpool/distributedSteals,76,100.906441,[s],0
/workstealing{locality#2/total}/depthpool/distributedSteals,76,100.892246,[s],0
/workstealing{locality#3/total}/depthpool/distributedSteals,76,100.892209,[s],0
/workstealing{locality#4/total}/depthpool/distributedSteals,76,100.887405,[s],0
/workstealing{locality#5/total}/depthpool/distributedSteals,76,100.900209,[s],0
/workstealing{locality#6/total}/depthpool/distributedSteals,76,100.912251,[s],1
/workstealing{locality#7/total}/depthpool/distributedSteals,76,100.894442,[s],0
/workstealing{locality#0/total}/depthpool/distributedSteals,77,102.060274,[s],0
/workstealing{locality#1/total}/depthpool/distributedSteals,77,102.154448,[s],0
/workstealing{locality#2/total}/depthpool/distributedSteals,77,102.160240,[s],0
/workstealing{locality#3/total}/depthpool/distributedSteals,77,102.164219,[s],0
/workstealing{locality#4/total}/depthpool/distributedSteals,77,102.168244,[s],0
/workstealing{locality#5/total}/depthpool/distributedSteals,77,102.184225,[s],0
/workstealing{locality#6/total}/depthpool/distributedSteals,77,102.168240,[s],1
/workstealing{locality#7/total}/depthpool/distributedSteals,77,102.178469,[s],0
/workstealing{locality#0/total}/depthpool/distributedSteals,78,103.252237,[s],0
/workstealing{locality#1/total}/depthpool/distributedSteals,78,103.370438,[s],0
/workstealing{locality#2/total}/depthpool/distributedSteals,78,103.360242,[s],0
/workstealing{locality#3/total}/depthpool/distributedSteals,78,103.368222,[s],0
/workstealing{locality#4/total}/depthpool/distributedSteals,78,103.368223,[s],0
/workstealing{locality#5/total}/depthpool/distributedSteals,78,103.368220,[s],0
/workstealing{locality#6/total}/depthpool/distributedSteals,78,103.360254,[s],1
/workstealing{locality#7/total}/depthpool/distributedSteals,78,103.350446,[s],0
/workstealing{locality#0/total}/depthpool/distributedSteals,79,104.504424,[s],0
/workstealing{locality#1/total}/depthpool/distributedSteals,79,104.530445,[s],0
/workstealing{locality#2/total}/depthpool/distributedSteals,79,104.532243,[s],0
/workstealing{locality#3/total}/depthpool/distributedSteals,79,104.527025,[s],0
/workstealing{locality#4/total}/depthpool/distributedSteals,79,104.508236,[s],0
/workstealing{locality#5/total}/depthpool/distributedSteals,79,104.532221,[s],0
/workstealing{locality#6/total}/depthpool/distributedSteals,79,104.532232,[s],1
/workstealing{locality#7/total}/depthpool/distributedSteals,79,104.518449,[s],0
/workstealing{locality#0/total}/depthpool/distributedSteals,80,105.612417,[s],0
/workstealing{locality#1/total}/depthpool/distributedSteals,80,105.694430,[s],0
/workstealing{locality#2/total}/depthpool/distributedSteals,80,105.692239,[s],0
/workstealing{locality#3/total}/depthpool/distributedSteals,80,105.692227,[s],0
/workstealing{locality#4/total}/depthpool/distributedSteals,80,105.688236,[s],0
/workstealing{locality#5/total}/depthpool/distributedSteals,80,105.676226,[s],0
/workstealing{locality#6/total}/depthpool/distributedSteals,80,105.688243,[s],1
/workstealing{locality#7/total}/depthpool/distributedSteals,80,105.690441,[s],0
/workstealing{locality#0/total}/depthpool/distributedSteals,81,106.824352,[s],0
/workstealing{locality#1/total}/depthpool/distributedSteals,81,106.966430,[s],0
/workstealing{locality#2/total}/depthpool/distributedSteals,81,106.956229,[s],0
/workstealing{locality#3/total}/depthpool/distributedSteals,81,106.956230,[s],0
/workstealing{locality#4/total}/depthpool/distributedSteals,81,106.968236,[s],0
/workstealing{locality#5/total}/depthpool/distributedSteals,81,106.956210,[s],0
/workstealing{locality#6/total}/depthpool/distributedSteals,81,106.968247,[s],1
/workstealing{locality#7/total}/depthpool/distributedSteals,81,106.950535,[s],0
/workstealing{locality#0/total}/depthpool/distributedSteals,82,108.072359,[s],0
/workstealing{locality#1/total}/depthpool/distributedSteals,82,108.094441,[s],0
/workstealing{locality#2/total}/depthpool/distributedSteals,82,108.080243,[s],0
/workstealing{locality#3/total}/depthpool/distributedSteals,82,108.084223,[s],0
/workstealing{locality#4/total}/depthpool/distributedSteals,82,108.076236,[s],0
/workstealing{locality#5/total}/depthpool/distributedSteals,82,108.092221,[s],0
/workstealing{locality#6/total}/depthpool/distributedSteals,82,108.072427,[s],1
/workstealing{locality#7/total}/depthpool/distributedSteals,82,108.082440,[s],0
/workstealing{locality#0/total}/depthpool/distributedSteals,83,109.168372,[s],0
/workstealing{locality#1/total}/depthpool/distributedSteals,83,109.174444,[s],0
/workstealing{locality#2/total}/depthpool/distributedSteals,83,109.192249,[s],0
/workstealing{locality#3/total}/depthpool/distributedSteals,83,109.196212,[s],0
/workstealing{locality#4/total}/depthpool/distributedSteals,83,109.196235,[s],0
/workstealing{locality#5/total}/depthpool/distributedSteals,83,109.176221,[s],0
/workstealing{locality#6/total}/depthpool/distributedSteals,83,109.168445,[s],1
/workstealing{locality#7/total}/depthpool/distributedSteals,83,109.194439,[s],0
/workstealing{locality#0/total}/depthpool/distributedSteals,84,110.352357,[s],0
/workstealing{locality#1/total}/depthpool/distributedSteals,84,110.406445,[s],0
/workstealing{locality#2/total}/depthpool/distributedSteals,84,110.400243,[s],0
/workstealing{locality#3/total}/depthpool/distributedSteals,84,110.404222,[s],0
/workstealing{locality#4/total}/depthpool/distributedSteals,84,110.388225,[s],0
/workstealing{locality#5/total}/depthpool/distributedSteals,84,110.392230,[s],0
/workstealing{locality#6/total}/depthpool/distributedSteals,84,110.412245,[s],1
/workstealing{locality#7/total}/depthpool/distributedSteals,84,110.410429,[s],0
/workstealing{locality#0/total}/depthpool/distributedSteals,85,111.572345,[s],0
/workstealing{locality#1/total}/depthpool/distributedSteals,85,111.570497,[s],0
/workstealing{locality#2/total}/depthpool/distributedSteals,85,111.576244,[s],0
/workstealing{locality#3/total}/depthpool/distributedSteals,85,111.576219,[s],0
/workstealing{locality#4/total}/depthpool/distributedSteals,85,111.576237,[s],0
/workstealing{locality#5/total}/depthpool/distributedSteals,85,111.600222,[s],0
/workstealing{locality#6/total}/depthpool/distributedSteals,85,111.576246,[s],1
/workstealing{locality#7/total}/depthpool/distributedSteals,85,111.598446,[s],0
/workstealing{locality#0/total}/depthpool/distributedSteals,86,112.732376,[s],0
/workstealing{locality#1/total}/depthpool/distributedSteals,86,112.734444,[s],0
/workstealing{locality#2/total}/depthpool/distributedSteals,86,112.756250,[s],0
/workstealing{locality#3/total}/depthpool/distributedSteals,86,112.736210,[s],0
/workstealing{locality#4/total}/depthpool/distributedSteals,86,112.756237,[s],0
/workstealing{locality#5/total}/depthpool/distributedSteals,86,112.732435,[s],0
/workstealing{locality#6/total}/depthpool/distributedSteals,86,112.748244,[s],1
/workstealing{locality#7/total}/depthpool/distributedSteals,86,112.750443,[s],0
/workstealing{locality#0/total}/depthpool/distributedSteals,87,113.868268,[s],0
/workstealing{locality#1/total}/depthpool/distributedSteals,87,113.982452,[s],0
/workstealing{locality#2/total}/depthpool/distributedSteals,87,114.004244,[s],0
/workstealing{locality#3/total}/depthpool/distributedSteals,87,113.980262,[s],0
/workstealing{locality#4/total}/depthpool/distributedSteals,87,113.988238,[s],0
/workstealing{locality#5/total}/depthpool/distributedSteals,87,113.996221,[s],0
/workstealing{locality#6/total}/depthpool/distributedSteals,87,113.992247,[s],1
/workstealing{locality#7/total}/depthpool/distributedSteals,87,113.998447,[s],0
/workstealing{locality#0/total}/depthpool/distributedSteals,88,115.152236,[s],0
/workstealing{locality#1/total}/depthpool/distributedSteals,88,115.282451,[s],0
/workstealing{locality#2/total}/depthpool/distributedSteals,88,115.308241,[s],0
/workstealing{locality#3/total}/depthpool/distributedSteals,88,115.280306,[s],0
/workstealing{locality#4/total}/depthpool/distributedSteals,88,115.288243,[s],0
/workstealing{locality#5/total}/depthpool/distributedSteals,88,115.284224,[s],0
/workstealing{locality#6/total}/depthpool/distributedSteals,88,115.308242,[s],1
/workstealing{locality#7/total}/depthpool/distributedSteals,88,115.278544,[s],0
/workstealing{locality#0/total}/depthpool/distributedSteals,89,116.548363,[s],0
/workstealing{locality#1/total}/depthpool/distributedSteals,89,116.842446,[s],0
/workstealing{locality#2/total}/depthpool/distributedSteals,89,116.824228,[s],0
/workstealing{locality#3/total}/depthpool/distributedSteals,89,116.828222,[s],0
/workstealing{locality#4/total}/depthpool/distributedSteals,89,116.848240,[s],0
/workstealing{locality#5/total}/depthpool/distributedSteals,89,116.836224,[s],0
/workstealing{locality#6/total}/depthpool/distributedSteals,89,116.836247,[s],1
/workstealing{locality#7/total}/depthpool/distributedSteals,89,116.830445,[s],0
/workstealing{locality#0/total}/depthpool/distributedSteals,90,117.984369,[s],0
/workstealing{locality#1/total}/depthpool/distributedSteals,90,118.078455,[s],0
/workstealing{locality#2/total}/depthpool/distributedSteals,90,118.088260,[s],0
/workstealing{locality#3/total}/depthpool/distributedSteals,90,118.092236,[s],0
/workstealing{locality#4/total}/depthpool/distributedSteals,90,118.096238,[s],0
/workstealing{locality#5/total}/depthpool/distributedSteals,90,118.104221,[s],0
/workstealing{locality#6/total}/depthpool/distributedSteals,90,118.080303,[s],1
/workstealing{locality#7/total}/depthpool/distributedSteals,90,118.082440,[s],0
/workstealing{locality#0/total}/depthpool/distributedSteals,91,119.312354,[s],0
/workstealing{locality#1/total}/depthpool/distributedSteals,91,119.322428,[s],0
/workstealing{locality#2/total}/depthpool/distributedSteals,91,119.332239,[s],0
/workstealing{locality#3/total}/depthpool/distributedSteals,91,119.324209,[s],0
/workstealing{locality#4/total}/depthpool/distributedSteals,91,119.336238,[s],0
/workstealing{locality#5/total}/depthpool/distributedSteals,91,119.340225,[s],0
/workstealing{locality#6/total}/depthpool/distributedSteals,91,119.312442,[s],1
/workstealing{locality#7/total}/depthpool/distributedSteals,91,119.310649,[s],0
/workstealing{locality#0/total}/depthpool/distributedSteals,92,120.444265,[s],0
/workstealing{locality#1/total}/depthpool/distributedSteals,92,120.586443,[s],0
/workstealing{locality#2/total}/depthpool/distributedSteals,92,120.600243,[s],0
/workstealing{locality#3/total}/depthpool/distributedSteals,92,120.576276,[s],0
/workstealing{locality#4/total}/depthpool/distributedSteals,92,120.596240,[s],0
/workstealing{locality#5/total}/depthpool/distributedSteals,92,120.596220,[s],0
/workstealing{locality#6/total}/depthpool/distributedSteals,92,120.608233,[s],1
/workstealing{locality#7/total}/depthpool/distributedSteals,92,120.582443,[s],0
/workstealing{locality#0/total}/depthpool/distributedSteals,93,121.908238,[s],0
/workstealing{locality#1/total}/depthpool/distributedSteals,93,122.042440,[s],0
/workstealing{locality#2/total}/depthpool/distributedSteals,93,122.040248,[s],0
/workstealing{locality#3/total}/depthpool/distributedSteals,93,122.040221,[s],0
/workstealing{locality#4/total}/depthpool/distributedSteals,93,122.016280,[s],0
/workstealing{locality#5/total}/depthpool/distributedSteals,93,122.020240,[s],0
/workstealing{locality#6/total}/depthpool/distributedSteals,93,122.020234,[s],1
/workstealing{locality#7/total}/depthpool/distributedSteals,93,122.014545,[s],0
/workstealing{locality#0/total}/depthpool/distributedSteals,94,123.144354,[s],0
/workstealing{locality#1/total}/depthpool/distributedSteals,94,123.226457,[s],0
/workstealing{locality#2/total}/depthpool/distributedSteals,94,123.208273,[s],0
/workstealing{locality#3/total}/depthpool/distributedSteals,94,123.208264,[s],0
/workstealing{locality#4/total}/depthpool/distributedSteals,94,123.236236,[s],0
/workstealing{locality#5/total}/depthpool/distributedSteals,94,123.236237,[s],0
/workstealing{locality#6/total}/depthpool/distributedSteals,94,123.208324,[s],1
/workstealing{locality#7/total}/depthpool/distributedSteals,94,123.230447,[s],0
/workstealing{locality#0/total}/depthpool/distributedSteals,95,124.500241,[s],0
/workstealing{locality#1/total}/depthpool/distributedSteals,95,124.537254,[s],0
/workstealing{locality#2/total}/depthpool/distributedSteals,95,124.532241,[s],0
/workstealing{locality#3/total}/depthpool/distributedSteals,95,124.528223,[s],0
/workstealing{locality#4/total}/depthpool/distributedSteals,95,124.552240,[s],0
/workstealing{locality#5/total}/depthpool/distributedSteals,95,124.524266,[s],0
/workstealing{locality#6/total}/depthpool/distributedSteals,95,124.528238,[s],1
/workstealing{locality#7/total}/depthpool/distributedSteals,95,124.542440,[s],0
/workstealing{locality#0/total}/depthpool/distributedSteals,96,125.708363,[s],0
/workstealing{locality#1/total}/depthpool/distributedSteals,96,125.734439,[s],0
/workstealing{locality#2/total}/depthpool/distributedSteals,96,125.712247,[s],0
/workstealing{locality#3/total}/depthpool/distributedSteals,96,125.708377,[s],0
/workstealing{locality#4/total}/depthpool/distributedSteals,96,125.712237,[s],0
/workstealing{locality#5/total}/depthpool/distributedSteals,96,125.728220,[s],0
/workstealing{locality#6/total}/depthpool/distributedSteals,96,125.708439,[s],1
/workstealing{locality#7/total}/depthpool/distributedSteals,96,125.718440,[s],0
/workstealing{locality#0/total}/depthpool/distributedSteals,97,126.836366,[s],0
/workstealing{locality#1/total}/depthpool/distributedSteals,97,126.842470,[s],0
/workstealing{locality#2/total}/depthpool/distributedSteals,97,126.856242,[s],0
/workstealing{locality#3/total}/depthpool/distributedSteals,97,126.868208,[s],0
/workstealing{locality#4/total}/depthpool/distributedSteals,97,126.844236,[s],0
/workstealing{locality#5/total}/depthpool/distributedSteals,97,126.852209,[s],0
/workstealing{locality#6/total}/depthpool/distributedSteals,97,126.840244,[s],1
/workstealing{locality#7/total}/depthpool/distributedSteals,97,126.858443,[s],0
/workstealing{locality#0/total}/depthpool/distributedSteals,98,128.000360,[s],0
/workstealing{locality#1/total}/depthpool/distributedSteals,98,128.218444,[s],0
/workstealing{locality#2/total}/depthpool/distributedSteals,98,128.216243,[s],0
/workstealing{locality#3/total}/depthpool/distributedSteals,98,128.224222,[s],0
/workstealing{locality#4/total}/depthpool/distributedSteals,98,128.220246,[s],0
/workstealing{locality#5/total}/depthpool/distributedSteals,98,128.216232,[s],0
/workstealing{locality#6/total}/depthpool/distributedSteals,98,128.224245,[s],1
/workstealing{locality#7/total}/depthpool/distributedSteals,98,128.218450,[s],0
/workstealing{locality#0/total}/depthpool/distributedSteals,99,129.436463,[s],0
/workstealing{locality#1/total}/depthpool/distributedSteals,99,129.442444,[s],0
/workstealing{locality#2/total}/depthpool/distributedSteals,99,129.460245,[s],0
/workstealing{locality#3/total}/depthpool/distributedSteals,99,129.456226,[s],0
/workstealing{locality#4/total}/depthpool/distributedSteals,99,129.448248,[s],0
/workstealing{locality#5/total}/depthpool/distributedSteals,99,129.456236,[s],0
/workstealing{locality#6/total}/depthpool/distributedSteals,99,129.436461,[s],1
/workstealing{locality#7/total}/depthpool/distributedSteals,99,129.446457,[s],0
/workstealing{locality#0/total}/depthpool/distributedSteals,100,130.608433,[s],0
/workstealing{locality#1/total}/depthpool/distributedSteals,100,130.626478,[s],0
/workstealing{locality#2/total}/depthpool/distributedSteals,100,130.612243,[s],0
/workstealing{locality#3/total}/depthpool/distributedSteals,100,130.636223,[s],0
/workstealing{locality#4/total}/depthpool/distributedSteals,100,130.624251,[s],0
/workstealing{locality#5/total}/depthpool/distributedSteals,100,130.612245,[s],0
/workstealing{locality#6/total}/depthpool/distributedSteals,100,130.612247,[s],1
/workstealing{locality#7/total}/depthpool/distributedSteals,100,130.610445,[s],0
/workstealing{locality#0/total}/depthpool/distributedSteals,101,131.708239,[s],0
/workstealing{locality#1/total}/depthpool/distributedSteals,101,131.762250,[s],0
/workstealing{locality#2/total}/depthpool/distributedSteals,101,131.736274,[s],0
/workstealing{locality#3/total}/depthpool/distributedSteals,101,131.764208,[s],0
/workstealing{locality#4/total}/depthpool/distributedSteals,101,131.760237,[s],0
/workstealing{locality#5/total}/depthpool/distributedSteals,101,131.760230,[s],0
/workstealing{locality#6/total}/depthpool/distributedSteals,101,131.768248,[s],1
/workstealing{locality#7/total}/depthpool/distributedSteals,101,131.734517,[s],0
/workstealing{locality#0/total}/depthpool/distributedSteals,102,132.874326,[s],0
/workstealing{locality#1/total}/depthpool/distributedSteals,102,132.930463,[s],0
/workstealing{locality#2/total}/depthpool/distributedSteals,102,132.924242,[s],0
/workstealing{locality#3/total}/depthpool/distributedSteals,102,132.916224,[s],0
/workstealing{locality#4/total}/depthpool/distributedSteals,102,132.936234,[s],0
/workstealing{locality#5/total}/depthpool/distributedSteals,102,132.908224,[s],0
/workstealing{locality#6/total}/depthpool/distributedSteals,102,132.920248,[s],1
/workstealing{locality#7/total}/depthpool/distributedSteals,102,132.918429,[s],0
/workstealing{locality#0/total}/depthpool/distributedSteals,103,134.272269,[s],0
/workstealing{locality#1/total}/depthpool/distributedSteals,103,134.274445,[s],0
/workstealing{locality#2/total}/depthpool/distributedSteals,103,134.276230,[s],0
/workstealing{locality#3/total}/depthpool/distributedSteals,103,134.276233,[s],0
/workstealing{locality#4/total}/depthpool/distributedSteals,103,134.276238,[s],0
/workstealing{locality#5/total}/depthpool/distributedSteals,103,134.280221,[s],0
/workstealing{locality#6/total}/depthpool/distributedSteals,103,134.296243,[s],1
/workstealing{locality#7/total}/depthpool/distributedSteals,103,134.270541,[s],0
/workstealing{locality#0/total}/depthpool/distributedSteals,104,135.416356,[s],0
/workstealing{locality#1/total}/depthpool/distributedSteals,104,135.442446,[s],0
/workstealing{locality#2/total}/depthpool/distributedSteals,104,135.436230,[s],0
/workstealing{locality#3/total}/depthpool/distributedSteals,104,135.416380,[s],0
/workstealing{locality#4/total}/depthpool/distributedSteals,104,135.416402,[s],0
/workstealing{locality#5/total}/depthpool/distributedSteals,104,135.428223,[s],0
/workstealing{locality#6/total}/depthpool/distributedSteals,104,135.420246,[s],1
/workstealing{locality#7/total}/depthpool/distributedSteals,104,135.438440,[s],0
/workstealing{locality#0/total}/depthpool/distributedSteals,105,136.568358,[s],0
/workstealing{locality#1/total}/depthpool/distributedSteals,105,136.782456,[s],0
/workstealing{locality#2/total}/depthpool/distributedSteals,105,136.776245,[s],0
/workstealing{locality#3/total}/depthpool/distributedSteals,105,136.764255,[s],0
/workstealing{locality#4/total}/depthpool/distributedSteals,105,136.780226,[s],0
/workstealing{locality#5/total}/depthpool/distributedSteals,105,136.792211,[s],0
/workstealing{locality#6/total}/depthpool/distributedSteals,105,136.772233,[s],1
/workstealing{locality#7/total}/depthpool/distributedSteals,105,136.778430,[s],0
/workstealing{locality#0/total}/depthpool/distributedSteals,106,137.976365,[s],0
/workstealing{locality#1/total}/depthpool/distributedSteals,106,138.054440,[s],0
/workstealing{locality#2/total}/depthpool/distributedSteals,106,138.056241,[s],0
/workstealing{locality#3/total}/depthpool/distributedSteals,106,138.048219,[s],0
/workstealing{locality#4/total}/depthpool/distributedSteals,106,138.040289,[s],0
/workstealing{locality#5/total}/depthpool/distributedSteals,106,138.064223,[s],0
/workstealing{locality#6/total}/depthpool/distributedSteals,106,138.048250,[s],1
/workstealing{locality#7/total}/depthpool/distributedSteals,106,138.054447,[s],0
/workstealing{locality#0/total}/depthpool/distributedSteals,107,139.300421,[s],0
/workstealing{locality#1/total}/depthpool/distributedSteals,107,139.302439,[s],0
/workstealing{locality#2/total}/depthpool/distributedSteals,107,139.300379,[s],0
/workstealing{locality#3/total}/depthpool/distributedSteals,107,139.308228,[s],0
/workstealing{locality#4/total}/depthpool/distributedSteals,107,139.316242,[s],0
/workstealing{locality#5/total}/depthpool/distributedSteals,107,139.300390,[s],0
/workstealing{locality#6/total}/depthpool/distributedSteals,107,139.316233,[s],1
/workstealing{locality#7/total}/depthpool/distributedSteals,107,139.298617,[s],0
/workstealing{locality#0/total}/depthpool/distributedSteals,108,140.568269,[s],0
/workstealing{locality#1/total}/depthpool/distributedSteals,108,140.866453,[s],0
/workstealing{locality#2/total}/depthpool/distributedSteals,108,140.872237,[s],0
/workstealing{locality#3/total}/depthpool/distributedSteals,108,140.880221,[s],0
/workstealing{locality#4/total}/depthpool/distributedSteals,108,140.896251,[s],0
/workstealing{locality#5/total}/depthpool/distributedSteals,108,140.868281,[s],0
/workstealing{locality#6/total}/depthpool/distributedSteals,108,140.872234,[s],1
/workstealing{locality#7/total}/depthpool/distributedSteals,108,140.878429,[s],0
/workstealing{locality#0/total}/depthpool/distributedSteals,109,142.008362,[s],0
/workstealing{locality#1/total}/depthpool/distributedSteals,109,142.110443,[s],0
/workstealing{locality#2/total}/depthpool/distributedSteals,109,142.116242,[s],0
/workstealing{locality#3/total}/depthpool/distributedSteals,109,142.120228,[s],0
/workstealing{locality#4/total}/depthpool/distributedSteals,109,142.108284,[s],0
/workstealing{locality#5/total}/depthpool/distributedSteals,109,142.124223,[s],0
/workstealing{locality#6/total}/depthpool/distributedSteals,109,142.112244,[s],1
/workstealing{locality#7/total}/depthpool/distributedSteals,109,142.110438,[s],0
/workstealing{locality#0/total}/depthpool/distributedSteals,110,143.188360,[s],0
/workstealing{locality#1/total}/depthpool/distributedSteals,110,143.278445,[s],0
/workstealing{locality#2/total}/depthpool/distributedSteals,110,143.264239,[s],0
/workstealing{locality#3/total}/depthpool/distributedSteals,110,143.272220,[s],0
/workstealing{locality#4/total}/depthpool/distributedSteals,110,143.256275,[s],0
/workstealing{locality#5/total}/depthpool/distributedSteals,110,143.272224,[s],0
/workstealing{locality#6/total}/depthpool/distributedSteals,110,143.276244,[s],1
/workstealing{locality#7/total}/depthpool/distributedSteals,110,143.274442,[s],0
/workstealing{locality#0/total}/depthpool/distributedSteals,111,144.488240,[s],0
/workstealing{locality#1/total}/depthpool/distributedSteals,111,144.486466,[s],0
/workstealing{locality#2/total}/depthpool/distributedSteals,111,144.484380,[s],0
/workstealing{locality#3/total}/depthpool/distributedSteals,111,144.516220,[s],0
/workstealing{locality#4/total}/depthpool/distributedSteals,111,144.508227,[s],0
/workstealing{locality#5/total}/depthpool/distributedSteals,111,144.500228,[s],0
/workstealing{locality#6/total}/depthpool/distributedSteals,111,144.500245,[s],1
/workstealing{locality#7/total}/depthpool/distributedSteals,111,144.482624,[s],0
/workstealing{locality#0/total}/depthpool/distributedSteals,112,145.664238,[s],0
/workstealing{locality#1/total}/depthpool/distributedSteals,112,145.774442,[s],0
/workstealing{locality#2/total}/depthpool/distributedSteals,112,145.768242,[s],0
/workstealing{locality#3/total}/depthpool/distributedSteals,112,145.768376,[s],0
/workstealing{locality#4/total}/depthpool/distributedSteals,112,145.756235,[s],0
/workstealing{locality#5/total}/depthpool/distributedSteals,112,145.764223,[s],0
/workstealing{locality#6/total}/depthpool/distributedSteals,112,145.752321,[s],1
/workstealing{locality#7/total}/depthpool/distributedSteals,112,145.782439,[s],0
/workstealing{locality#0/total}/depthpool/distributedSteals,113,147.128435,[s],0
/workstealing{locality#1/total}/depthpool/distributedSteals,113,147.134443,[s],0
/workstealing{locality#2/total}/depthpool/distributedSteals,113,147.140239,[s],0
/workstealing{locality#3/total}/depthpool/distributedSteals,113,147.128376,[s],0
/workstealing{locality#4/total}/depthpool/distributedSteals,113,147.152225,[s],0
/workstealing{locality#5/total}/depthpool/distributedSteals,113,147.148221,[s],0
/workstealing{locality#6/total}/depthpool/distributedSteals,113,147.152249,[s],1
/workstealing{locality#7/total}/depthpool/distributedSteals,113,147.130441,[s],0
/workstealing{locality#0/total}/depthpool/distributedSteals,114,148.400346,[s],0
/workstealing{locality#1/total}/depthpool/distributedSteals,114,148.490441,[s],0
/workstealing{locality#2/total}/depthpool/distributedSteals,114,148.492241,[s],0
/workstealing{locality#3/total}/depthpool/distributedSteals,114,148.480225,[s],0
/workstealing{locality#4/total}/depthpool/distributedSteals,114,148.464319,[s],0
/workstealing{locality#5/total}/depthpool/distributedSteals,114,148.484223,[s],0
/workstealing{locality#6/total}/depthpool/distributedSteals,114,148.488250,[s],1
/workstealing{locality#7/total}/depthpool/distributedSteals,114,148.482442,[s],0
/workstealing{locality#0/total}/depthpool/distributedSteals,115,149.712367,[s],0
/workstealing{locality#1/total}/depthpool/distributedSteals,115,149.766442,[s],0
/workstealing{locality#2/total}/depthpool/distributedSteals,115,149.756241,[s],0
/workstealing{locality#3/total}/depthpool/distributedSteals,115,149.744256,[s],0
/workstealing{locality#4/total}/depthpool/distributedSteals,115,149.768234,[s],0
/workstealing{locality#5/total}/depthpool/distributedSteals,115,149.748223,[s],0
/workstealing{locality#6/total}/depthpool/distributedSteals,115,149.752249,[s],1
/workstealing{locality#7/total}/depthpool/distributedSteals,115,149.770428,[s],0
/workstealing{locality#0/total}/depthpool/distributedSteals,116,150.988358,[s],0
/workstealing{locality#1/total}/depthpool/distributedSteals,116,151.006444,[s],0
/workstealing{locality#2/total}/depthpool/distributedSteals,116,151.000243,[s],0
/workstealing{locality#3/total}/depthpool/distributedSteals,116,150.988383,[s],0
/workstealing{locality#4/total}/depthpool/distributedSteals,116,151.016236,[s],0
/workstealing{locality#5/total}/depthpool/distributedSteals,116,150.988410,[s],0
/workstealing{locality#6/total}/depthpool/distributedSteals,116,151.016243,[s],1
/workstealing{locality#7/total}/depthpool/distributedSteals,116,151.010440,[s],0
/workstealing{locality#0/total}/depthpool/distributedSteals,117,152.108267,[s],0
/workstealing{locality#1/total}/depthpool/distributedSteals,117,152.158441,[s],0
/workstealing{locality#2/total}/depthpool/distributedSteals,117,152.164241,[s],0
/workstealing{locality#3/total}/depthpool/distributedSteals,117,152.164221,[s],0
/workstealing{locality#4/total}/depthpool/distributedSteals,117,152.140297,[s],0
/workstealing{locality#5/total}/depthpool/distributedSteals,117,152.152222,[s],0
/workstealing{locality#6/total}/depthpool/distributedSteals,117,152.140292,[s],1
/workstealing{locality#7/total}/depthpool/distributedSteals,117,152.146441,[s],0
/workstealing{locality#0/total}/depthpool/distributedSteals,118,153.444269,[s],0
/workstealing{locality#1/total}/depthpool/distributedSteals,118,153.502442,[s],0
/workstealing{locality#2/total}/depthpool/distributedSteals,118,153.480230,[s],0
/workstealing{locality#3/total}/depthpool/distributedSteals,118,153.476253,[s],0
/workstealing{locality#4/total}/depthpool/distributedSteals,118,153.488237,[s],0
/workstealing{locality#5/total}/depthpool/distributedSteals,118,153.492223,[s],0
/workstealing{locality#6/total}/depthpool/distributedSteals,118,153.504243,[s],1
/workstealing{locality#7/total}/depthpool/distributedSteals,118,153.486443,[s],0
/workstealing{locality#0/total}/depthpool/distributedSteals,119,154.636237,[s],0
/workstealing{locality#1/total}/depthpool/distributedSteals,119,154.794454,[s],0
/workstealing{locality#2/total}/depthpool/distributedSteals,119,154.800245,[s],0
/workstealing{locality#3/total}/depthpool/distributedSteals,119,154.808227,[s],0
/workstealing{locality#4/total}/depthpool/distributedSteals,119,154.808239,[s],0
/workstealing{locality#5/total}/depthpool/distributedSteals,119,154.808226,[s],0
/workstealing{locality#6/total}/depthpool/distributedSteals,119,154.796315,[s],1
/workstealing{locality#7/total}/depthpool/distributedSteals,119,154.806445,[s],0
/workstealing{locality#0/total}/depthpool/distributedSteals,120,156.020411,[s],0
/workstealing{locality#1/total}/depthpool/distributedSteals,120,156.038448,[s],0
/workstealing{locality#2/total}/depthpool/distributedSteals,120,156.024244,[s],0
/workstealing{locality#3/total}/depthpool/distributedSteals,120,156.020363,[s],0
/workstealing{locality#4/total}/depthpool/distributedSteals,120,156.032237,[s],0
/workstealing{locality#5/total}/depthpool/distributedSteals,120,156.036224,[s],0
/workstealing{locality#6/total}/depthpool/distributedSteals,120,156.024242,[s],1
/workstealing{locality#7/total}/depthpool/distributedSteals,120,156.026442,[s],0
/workstealing{locality#0/total}/depthpool/distributedSteals,121,157.160347,[s],0
/workstealing{locality#1/total}/depthpool/distributedSteals,121,157.230443,[s],0
/workstealing{locality#2/total}/depthpool/distributedSteals,121,157.248241,[s],0
/workstealing{locality#3/total}/depthpool/distributedSteals,121,157.244221,[s],0
/workstealing{locality#4/total}/depthpool/distributedSteals,121,157.224272,[s],0
/workstealing{locality#5/total}/depthpool/distributedSteals,121,157.236209,[s],0
/workstealing{locality#6/total}/depthpool/distributedSteals,121,157.244242,[s],1
/workstealing{locality#7/total}/depthpool/distributedSteals,121,157.222505,[s],0
/workstealing{locality#0/total}/depthpool/distributedSteals,122,158.412362,[s],0
/workstealing{locality#1/total}/depthpool/distributedSteals,122,158.446438,[s],0
/workstealing{locality#2/total}/depthpool/distributedSteals,122,158.448242,[s],0
/workstealing{locality#3/total}/depthpool/distributedSteals,122,158.460226,[s],0
/workstealing{locality#4/total}/depthpool/distributedSteals,122,158.456226,[s],0
/workstealing{locality#5/total}/depthpool/distributedSteals,122,158.444222,[s],0
/workstealing{locality#6/total}/depthpool/distributedSteals,122,158.464242,[s],1
/workstealing{locality#7/total}/depthpool/distributedSteals,122,158.462440,[s],0
/workstealing{locality#0/total}/depthpool/distributedSteals,123,159.584362,[s],0
/workstealing{locality#1/total}/depthpool/distributedSteals,123,159.674438,[s],0
/workstealing{locality#2/total}/depthpool/distributedSteals,123,159.676243,[s],0
/workstealing{locality#3/total}/depthpool/distributedSteals,123,159.648273,[s],0
/workstealing{locality#4/total}/depthpool/distributedSteals,123,159.652225,[s],0
/workstealing{locality#5/total}/depthpool/distributedSteals,123,159.672228,[s],0
/workstealing{locality#6/total}/depthpool/distributedSteals,123,159.656244,[s],1
/workstealing{locality#7/total}/depthpool/distributedSteals,123,159.646535,[s],0
/workstealing{locality#0/total}/depthpool/distributedSteals,124,160.832354,[s],0
/workstealing{locality#1/total}/depthpool/distributedSteals,124,160.838427,[s],0
/workstealing{locality#2/total}/depthpool/distributedSteals,124,160.836240,[s],0
/workstealing{locality#3/total}/depthpool/distributedSteals,124,160.860225,[s],0
/workstealing{locality#4/total}/depthpool/distributedSteals,124,160.836239,[s],0
/workstealing{locality#5/total}/depthpool/distributedSteals,124,160.840223,[s],0
/workstealing{locality#6/total}/depthpool/distributedSteals,124,160.856251,[s],1
/workstealing{locality#7/total}/depthpool/distributedSteals,124,160.854430,[s],0
/workstealing{locality#0/total}/depthpool/distributedSteals,125,161.964237,[s],0
/workstealing{locality#1/total}/depthpool/distributedSteals,125,161.990456,[s],0
/workstealing{locality#2/total}/depthpool/distributedSteals,125,162.012253,[s],0
/workstealing{locality#3/total}/depthpool/distributedSteals,125,162.016224,[s],0
/workstealing{locality#4/total}/depthpool/distributedSteals,125,161.992270,[s],0
/workstealing{locality#5/total}/depthpool/distributedSteals,125,161.992270,[s],0
/workstealing{locality#6/total}/depthpool/distributedSteals,125,162.000243,[s],1
/workstealing{locality#7/total}/depthpool/distributedSteals,125,161.998447,[s],0
/workstealing{locality#0/total}/depthpool/distributedSteals,126,163.124239,[s],0
/workstealing{locality#1/total}/depthpool/distributedSteals,126,163.410449,[s],0
/workstealing{locality#2/total}/depthpool/distributedSteals,126,163.388266,[s],0
/workstealing{locality#3/total}/depthpool/distributedSteals,126,163.396223,[s],0
/workstealing{locality#4/total}/depthpool/distributedSteals,126,163.396226,[s],0
/workstealing{locality#5/total}/depthpool/distributedSteals,126,163.388285,[s],0
/workstealing{locality#6/total}/depthpool/distributedSteals,126,163.412245,[s],1
/workstealing{locality#7/total}/depthpool/distributedSteals,126,163.394453,[s],0
/workstealing{locality#0/total}/depthpool/distributedSteals,127,164.868361,[s],0
/workstealing{locality#1/total}/depthpool/distributedSteals,127,164.922442,[s],0
/workstealing{locality#2/total}/depthpool/distributedSteals,127,164.920243,[s],0
/workstealing{locality#3/total}/depthpool/distributedSteals,127,164.924222,[s],0
/workstealing{locality#4/total}/depthpool/distributedSteals,127,164.908243,[s],0
/workstealing{locality#5/total}/depthpool/distributedSteals,127,164.924211,[s],0
/workstealing{locality#6/total}/depthpool/distributedSteals,127,164.904242,[s],1
/workstealing{locality#7/total}/depthpool/distributedSteals,127,164.918443,[s],0
/workstealing{locality#0/total}/depthpool/distributedSteals,128,166.240417,[s],0
/workstealing{locality#1/total}/depthpool/distributedSteals,128,166.238580,[s],0
/workstealing{locality#2/total}/depthpool/distributedSteals,128,166.252247,[s],0
/workstealing{locality#3/total}/depthpool/distributedSteals,128,166.260220,[s],0
/workstealing{locality#4/total}/depthpool/distributedSteals,128,166.244242,[s],0
/workstealing{locality#5/total}/depthpool/distributedSteals,128,166.252220,[s],0
/workstealing{locality#6/total}/depthpool/distributedSteals,128,166.264247,[s],1
/workstealing{locality#7/total}/depthpool/distributedSteals,128,166.258441,[s],0
/workstealing{locality#0/total}/depthpool/distributedSteals,129,167.492239,[s],0
/workstealing{locality#1/total}/depthpool/distributedSteals,129,167.518452,[s],0
/workstealing{locality#2/total}/depthpool/distributedSteals,129,167.524252,[s],0
/workstealing{locality#3/total}/depthpool/distributedSteals,129,167.548221,[s],0
/workstealing{locality#4/total}/depthpool/distributedSteals,129,167.528233,[s],0
/workstealing{locality#5/total}/depthpool/distributedSteals,129,167.524209,[s],0
/workstealing{locality#6/total}/depthpool/distributedSteals,129,167.520300,[s],1
/workstealing{locality#7/total}/depthpool/distributedSteals,129,167.534440,[s],0
/workstealing{locality#0/total}/depthpool/distributedSteals,130,168.880351,[s],0
/workstealing{locality#1/total}/depthpool/distributedSteals,130,168.930445,[s],0
/workstealing{locality#2/total}/depthpool/distributedSteals,130,168.936245,[s],0
/workstealing{locality#3/total}/depthpool/distributedSteals,130,168.912260,[s],0
/workstealing{locality#4/total}/depthpool/distributedSteals,130,168.912277,[s],0
/workstealing{locality#5/total}/depthpool/distributedSteals,130,168.928224,[s],0
/workstealing{locality#6/total}/depthpool/distributedSteals,130,168.928262,[s],1
/workstealing{locality#7/total}/depthpool/distributedSteals,130,168.934476,[s],0
/workstealing{locality#0/total}/depthpool/distributedSteals,131,170.256342,[s],0
/workstealing{locality#1/total}/depthpool/distributedSteals,131,170.266428,[s],0
/workstealing{locality#2/total}/depthpool/distributedSteals,131,170.284240,[s],0
/workstealing{locality#3/total}/depthpool/distributedSteals,131,170.284222,[s],0
/workstealing{locality#4/total}/depthpool/distributedSteals,131,170.276236,[s],0
/workstealing{locality#5/total}/depthpool/distributedSteals,131,170.288223,[s],0
/workstealing{locality#6/total}/depthpool/distributedSteals,131,170.268244,[s],1
/workstealing{locality#7/total}/depthpool/distributedSteals,131,170.254618,[s],0
/workstealing{locality#0/total}/depthpool/distributedSteals,132,171.508348,[s],0
/workstealing{locality#1/total}/depthpool/distributedSteals,132,171.606451,[s],0
/workstealing{locality#2/total}/depthpool/distributedSteals,132,171.612241,[s],0
/workstealing{locality#3/total}/depthpool/distributedSteals,132,171.636212,[s],0
/workstealing{locality#4/total}/depthpool/distributedSteals,132,171.616242,[s],0
/workstealing{locality#5/total}/depthpool/distributedSteals,132,171.620221,[s],0
/workstealing{locality#6/total}/depthpool/distributedSteals,132,171.628251,[s],1
/workstealing{locality#7/total}/depthpool/distributedSteals,132,171.630447,[s],0
/workstealing{locality#0/total}/depthpool/distributedSteals,133,172.792344,[s],0
/workstealing{locality#1/total}/depthpool/distributedSteals,133,173.118440,[s],0
/workstealing{locality#2/total}/depthpool/distributedSteals,133,173.120249,[s],0
/workstealing{locality#3/total}/depthpool/distributedSteals,133,173.132225,[s],0
/workstealing{locality#4/total}/depthpool/distributedSteals,133,173.136240,[s],0
/workstealing{locality#5/total}/depthpool/distributedSteals,133,173.120210,[s],0
/workstealing{locality#6/total}/depthpool/distributedSteals,133,173.132244,[s],1
/workstealing{locality#7/total}/depthpool/distributedSteals,133,173.126446,[s],0
/workstealing{locality#0/total}/depthpool/distributedSteals,134,174.312238,[s],0
/workstealing{locality#1/total}/depthpool/distributedSteals,134,174.350440,[s],0
/workstealing{locality#2/total}/depthpool/distributedSteals,134,174.340271,[s],0
/workstealing{locality#3/total}/depthpool/distributedSteals,134,174.352219,[s],0
/workstealing{locality#4/total}/depthpool/distributedSteals,134,174.364237,[s],0
/workstealing{locality#5/total}/depthpool/distributedSteals,134,174.340275,[s],0
/workstealing{locality#6/total}/depthpool/distributedSteals,134,174.368244,[s],1
/workstealing{locality#7/total}/depthpool/distributedSteals,134,174.338510,[s],0
/workstealing{locality#0/total}/depthpool/distributedSteals,135,175.536412,[s],0
/workstealing{locality#1/total}/depthpool/distributedSteals,135,175.534573,[s],0
/workstealing{locality#2/total}/depthpool/distributedSteals,135,175.552240,[s],0
/workstealing{locality#3/total}/depthpool/distributedSteals,135,175.564228,[s],0
/workstealing{locality#4/total}/depthpool/distributedSteals,135,175.536395,[s],0
/workstealing{locality#5/total}/depthpool/distributedSteals,135,175.536379,[s],0
/workstealing{locality#6/total}/depthpool/distributedSteals,135,175.544243,[s],1
/workstealing{locality#7/total}/depthpool/distributedSteals,135,175.534617,[s],0
/workstealing{locality#0/total}/depthpool/distributedSteals,136,176.820348,[s],0
/workstealing{locality#1/total}/depthpool/distributedSteals,136,176.882429,[s],0
/workstealing{locality#2/total}/depthpool/distributedSteals,136,176.860277,[s],0
/workstealing{locality#3/total}/depthpool/distributedSteals,136,176.860259,[s],0
/workstealing{locality#4/total}/depthpool/distributedSteals,136,176.892225,[s],0
/workstealing{locality#5/total}/depthpool/distributedSteals,136,176.860290,[s],0
/workstealing{locality#6/total}/depthpool/distributedSteals,136,176.864243,[s],1
/workstealing{locality#7/total}/depthpool/distributedSteals,136,176.862429,[s],0
/workstealing{locality#0/total}/depthpool/distributedSteals,137,177.972353,[s],0
/workstealing{locality#1/total}/depthpool/distributedSteals,137,177.994430,[s],0
/workstealing{locality#2/total}/depthpool/distributedSteals,137,177.976239,[s],0
/workstealing{locality#3/total}/depthpool/distributedSteals,137,177.972376,[s],0
/workstealing{locality#4/total}/depthpool/distributedSteals,137,177.980241,[s],0
/workstealing{locality#5/total}/depthpool/distributedSteals,137,177.992267,[s],0
/workstealing{locality#6/total}/depthpool/distributedSteals,137,177.972424,[s],1
/workstealing{locality#7/total}/depthpool/distributedSteals,137,177.982428,[s],0
/workstealing{locality#0/total}/depthpool/distributedSteals,138,179.112364,[s],0
/workstealing{locality#1/total}/depthpool/distributedSteals,138,179.294439,[s],0
/workstealing{locality#2/total}/depthpool/distributedSteals,138,179.292244,[s],0
/workstealing{locality#3/total}/depthpool/distributedSteals,138,179.272266,[s],0
/workstealing{locality#4/total}/depthpool/distributedSteals,138,179.292245,[s],0
/workstealing{locality#5/total}/depthpool/distributedSteals,138,179.284222,[s],0
/workstealing{locality#6/total}/depthpool/distributedSteals,138,179.288244,[s],1
/workstealing{locality#7/total}/depthpool/distributedSteals,138,179.306428,[s],0
/workstealing{locality#0/total}/depthpool/distributedSteals,139,180.432352,[s],0
/workstealing{locality#1/total}/depthpool/distributedSteals,139,180.450443,[s],0
/workstealing{locality#2/total}/depthpool/distributedSteals,139,180.460240,[s],0
/workstealing{locality#3/total}/depthpool/distributedSteals,139,180.456227,[s],0
/workstealing{locality#4/total}/depthpool/distributedSteals,139,180.460239,[s],0
/workstealing{locality#5/total}/depthpool/distributedSteals,139,180.452222,[s],0
/workstealing{locality#6/total}/depthpool/distributedSteals,139,180.460243,[s],1
/workstealing{locality#7/total}/depthpool/distributedSteals,139,180.446451,[s],0
/workstealing{locality#0/total}/depthpool/distributedSteals,140,181.648342,[s],0
/workstealing{locality#1/total}/depthpool/distributedSteals,140,181.738442,[s],0
/workstealing{locality#2/total}/depthpool/distributedSteals,140,181.744242,[s],0
/workstealing{locality#3/total}/depthpool/distributedSteals,140,181.724222,[s],0
/workstealing{locality#4/total}/depthpool/distributedSteals,140,181.744233,[s],0
/workstealing{locality#5/total}/depthpool/distributedSteals,140,181.732221,[s],0
/workstealing{locality#6/total}/depthpool/distributedSteals,140,181.732245,[s],1
/workstealing{locality#7/total}/depthpool/distributedSteals,140,181.726441,[s],0
/workstealing{locality#0/total}/depthpool/distributedSteals,141,182.900350,[s],0
/workstealing{locality#1/total}/depthpool/distributedSteals,141,183.274440,[s],0
/workstealing{locality#2/total}/depthpool/distributedSteals,141,183.288243,[s],0
/workstealing{locality#3/total}/depthpool/distributedSteals,141,183.280227,[s],0
/workstealing{locality#4/total}/depthpool/distributedSteals,141,183.272237,[s],0
/workstealing{locality#5/total}/depthpool/distributedSteals,141,183.264290,[s],0
/workstealing{locality#6/total}/depthpool/distributedSteals,141,183.296235,[s],1
/workstealing{locality#7/total}/depthpool/distributedSteals,141,183.290446,[s],0
/workstealing{locality#0/total}/depthpool/distributedSteals,142,184.424241,[s],0
/workstealing{locality#1/total}/depthpool/distributedSteals,142,184.518446,[s],0
/workstealing{locality#2/total}/depthpool/distributedSteals,142,184.520249,[s],0
/workstealing{locality#3/total}/depthpool/distributedSteals,142,184.516258,[s],0
/workstealing{locality#4/total}/depthpool/distributedSteals,142,184.536236,[s],0
/workstealing{locality#5/total}/depthpool/distributedSteals,142,184.540235,[s],0
/workstealing{locality#6/total}/depthpool/distributedSteals,142,184.548232,[s],1
/workstealing{locality#7/total}/depthpool/distributedSteals,142,184.518435,[s],0
/workstealing{locality#0/total}/depthpool/distributedSteals,143,185.812238,[s],0
/workstealing{locality#1/total}/depthpool/distributedSteals,143,185.870458,[s],0
/workstealing{locality#2/total}/depthpool/distributedSteals,143,185.872275,[s],0
/workstealing{locality#3/total}/depthpool/distributedSteals,143,185.872257,[s],0
/workstealing{locality#4/total}/depthpool/distributedSteals,143,185.884237,[s],0
/workstealing{locality#5/total}/depthpool/distributedSteals,143,185.904231,[s],0
/workstealing{locality#6/total}/depthpool/distributedSteals,143,185.876256,[s],1
/workstealing{locality#7/total}/depthpool/distributedSteals,143,185.898451,[s],0
/workstealing{locality#0/total}/depthpool/distributedSteals,144,187.100264,[s],0
/workstealing{locality#1/total}/depthpool/distributedSteals,144,187.098490,[s],0
/workstealing{locality#2/total}/depthpool/distributedSteals,144,187.108244,[s],0
/workstealing{locality#3/total}/depthpool/distributedSteals,144,187.112209,[s],0
/workstealing{locality#4/total}/depthpool/distributedSteals,144,187.112224,[s],0
/workstealing{locality#5/total}/depthpool/distributedSteals,144,187.124225,[s],0
/workstealing{locality#6/total}/depthpool/distributedSteals,144,187.108250,[s],1
/workstealing{locality#7/total}/depthpool/distributedSteals,144,187.118440,[s],0
/workstealing{locality#0/total}/depthpool/distributedSteals,145,188.196345,[s],0
/workstealing{locality#1/total}/depthpool/distributedSteals,145,188.238439,[s],0
/workstealing{locality#2/total}/depthpool/distributedSteals,145,188.236242,[s],0
/workstealing{locality#3/total}/depthpool/distributedSteals,145,188.252213,[s],0
/workstealing{locality#4/total}/depthpool/distributedSteals,145,188.236240,[s],0
/workstealing{locality#5/total}/depthpool/distributedSteals,145,188.228287,[s],0
/workstealing{locality#6/total}/depthpool/distributedSteals,145,188.232246,[s],1
/workstealing{locality#7/total}/depthpool/distributedSteals,145,188.254442,[s],0
/workstealing{locality#0/total}/depthpool/distributedSteals,146,189.408238,[s],0
/workstealing{locality#1/total}/depthpool/distributedSteals,146,189.526439,[s],0
/workstealing{locality#2/total}/depthpool/distributedSteals,146,189.512273,[s],0
/workstealing{locality#3/total}/depthpool/distributedSteals,146,189.544211,[s],0
/workstealing{locality#4/total}/depthpool/distributedSteals,146,189.540236,[s],0
/workstealing{locality#5/total}/depthpool/distributedSteals,146,189.536220,[s],0
/workstealing{locality#6/total}/depthpool/distributedSteals,146,189.532245,[s],1
/workstealing{locality#7/total}/depthpool/distributedSteals,146,189.530445,[s],0
/workstealing{locality#0/total}/depthpool/distributedSteals,147,190.764356,[s],0
/workstealing{locality#1/total}/depthpool/distributedSteals,147,190.778446,[s],0
/workstealing{locality#2/total}/depthpool/distributedSteals,147,190.792228,[s],0
/workstealing{locality#3/total}/depthpool/distributedSteals,147,190.788211,[s],0
/workstealing{locality#4/total}/depthpool/distributedSteals,147,190.784237,[s],0
/workstealing{locality#5/total}/depthpool/distributedSteals,147,190.764393,[s],0
/workstealing{locality#6/total}/depthpool/distributedSteals,147,190.788242,[s],1
/workstealing{locality#7/total}/depthpool/distributedSteals,147,190.786445,[s],0
/workstealing{locality#0/total}/depthpool/distributedSteals,148,192.036438,[s],0
/workstealing{locality#1/total}/depthpool/distributedSteals,148,192.050442,[s],0
/workstealing{locality#2/total}/depthpool/distributedSteals,148,192.048243,[s],0
/workstealing{locality#3/total}/depthpool/distributedSteals,148,192.052210,[s],0
/workstealing{locality#4/total}/depthpool/distributedSteals,148,192.080234,[s],0
/workstealing{locality#5/total}/depthpool/distributedSteals,148,192.048251,[s],0
/workstealing{locality#6/total}/depthpool/distributedSteals,148,192.072244,[s],1
/workstealing{locality#7/total}/depthpool/distributedSteals,148,192.046505,[s],0
/workstealing{locality#0/total}/depthpool/distributedSteals,149,193.204364,[s],0
/workstealing{locality#1/total}/depthpool/distributedSteals,149,193.398453,[s],0
/workstealing{locality#2/total}/depthpool/distributedSteals,149,193.400261,[s],0
/workstealing{locality#3/total}/depthpool/distributedSteals,149,193.412225,[s],0
/workstealing{locality#4/total}/depthpool/distributedSteals,149,193.400276,[s],0
/workstealing{locality#5/total}/depthpool/distributedSteals,149,193.424231,[s],0
/workstealing{locality#6/total}/depthpool/distributedSteals,149,193.420247,[s],1
/workstealing{locality#7/total}/depthpool/distributedSteals,149,193.418442,[s],0
/workstealing{locality#0/total}/depthpool/distributedSteals,150,194.568238,[s],0
/workstealing{locality#1/total}/depthpool/distributedSteals,150,194.710438,[s],0
/workstealing{locality#2/total}/depthpool/distributedSteals,150,194.724228,[s],0
/workstealing{locality#3/total}/depthpool/distributedSteals,150,194.696210,[s],0
/workstealing{locality#4/total}/depthpool/distributedSteals,150,194.712241,[s],0
/workstealing{locality#5/total}/depthpool/distributedSteals,150,194.692270,[s],0
/workstealing{locality#6/total}/depthpool/distributedSteals,150,194.696235,[s],1
/workstealing{locality#7/total}/depthpool/distributedSteals,150,194.714448,[s],0
/workstealing{locality#0/total}/depthpool/distributedSteals,151,195.952364,[s],0
/workstealing{locality#1/total}/depthpool/distributedSteals,151,196.038431,[s],0
/workstealing{locality#2/total}/depthpool/distributedSteals,151,196.024241,[s],0
/workstealing{locality#3/total}/depthpool/distributedSteals,151,196.020224,[s],0
/workstealing{locality#4/total}/depthpool/distributedSteals,151,196.016283,[s],0
/workstealing{locality#5/total}/depthpool/distributedSteals,151,196.040229,[s],0
/workstealing{locality#6/total}/depthpool/distributedSteals,151,196.020232,[s],1
/workstealing{locality#7/total}/depthpool/distributedSteals,151,196.014504,[s],0
/workstealing{locality#0/total}/depthpool/distributedSteals,152,197.132359,[s],0
/workstealing{locality#1/total}/depthpool/distributedSteals,152,197.162465,[s],0
/workstealing{locality#2/total}/depthpool/distributedSteals,152,197.172241,[s],0
/workstealing{locality#3/total}/depthpool/distributedSteals,152,197.164316,[s],0
/workstealing{locality#4/total}/depthpool/distributedSteals,152,197.168237,[s],0
/workstealing{locality#5/total}/depthpool/distributedSteals,152,197.164335,[s],0
/workstealing{locality#6/total}/depthpool/distributedSteals,152,197.188234,[s],1
/workstealing{locality#7/total}/depthpool/distributedSteals,152,197.166454,[s],0
/workstealing{locality#0/total}/depthpool/distributedSteals,153,198.336346,[s],0
/workstealing{locality#1/total}/depthpool/distributedSteals,153,198.342446,[s],0
/workstealing{locality#2/total}/depthpool/distributedSteals,153,198.348241,[s],0
/workstealing{locality#3/total}/depthpool/distributedSteals,153,198.352223,[s],0
/workstealing{locality#4/total}/depthpool/distributedSteals,153,198.336383,[s],0
/workstealing{locality#5/total}/depthpool/distributedSteals,153,198.360225,[s],0
/workstealing{locality#6/total}/depthpool/distributedSteals,153,198.340231,[s],1
/workstealing{locality#7/total}/depthpool/distributedSteals,153,198.350442,[s],0
/workstealing{locality#0/total}/depthpool/distributedSteals,154,199.404346,[s],0
/workstealing{locality#1/total}/depthpool/distributedSteals,154,199.550442,[s],0
/workstealing{locality#2/total}/depthpool/distributedSteals,154,199.552237,[s],0
/workstealing{locality#3/total}/depthpool/distributedSteals,154,199.556226,[s],0
/workstealing{locality#4/total}/depthpool/distributedSteals,154,199.552237,[s],0
/workstealing{locality#5/total}/depthpool/distributedSteals,154,199.548222,[s],0
/workstealing{locality#6/total}/depthpool/distributedSteals,154,199.560250,[s],1
/workstealing{locality#7/total}/depthpool/distributedSteals,154,199.538445,[s],0
/workstealing{locality#0/total}/depthpool/distributedSteals,155,200.736351,[s],0
/workstealing{locality#1/total}/depthpool/distributedSteals,155,200.738447,[s],0
/workstealing{locality#2/total}/depthpool/distributedSteals,155,200.748238,[s],0
/workstealing{locality#3/total}/depthpool/distributedSteals,155,200.744226,[s],0
/workstealing{locality#4/total}/depthpool/distributedSteals,155,200.736392,[s],0
/workstealing{locality#5/total}/depthpool/distributedSteals,155,200.760222,[s],0
/workstealing{locality#6/total}/depthpool/distributedSteals,155,200.752280,[s],1
/workstealing{locality#7/total}/depthpool/distributedSteals,155,200.738500,[s],0
/workstealing{locality#0/total}/depthpool/distributedSteals,156,201.820270,[s],0
/workstealing{locality#1/total}/depthpool/distributedSteals,156,201.830440,[s],0
/workstealing{locality#2/total}/depthpool/distributedSteals,156,201.832244,[s],0
/workstealing{locality#3/total}/depthpool/distributedSteals,156,201.840222,[s],0
/workstealing{locality#4/total}/depthpool/distributedSteals,156,201.848234,[s],0
/workstealing{locality#5/total}/depthpool/distributedSteals,156,201.820305,[s],0
/workstealing{locality#6/total}/depthpool/distributedSteals,156,201.824243,[s],1
/workstealing{locality#7/total}/depthpool/distributedSteals,156,201.842442,[s],0
/workstealing{locality#0/total}/depthpool/distributedSteals,157,203.076350,[s],0
/workstealing{locality#1/total}/depthpool/distributedSteals,157,203.498443,[s],0
/workstealing{locality#2/total}/depthpool/distributedSteals,157,203.504241,[s],0
/workstealing{locality#3/total}/depthpool/distributedSteals,157,203.512223,[s],0
/workstealing{locality#4/total}/depthpool/distributedSteals,157,203.512234,[s],0
/workstealing{locality#5/total}/depthpool/distributedSteals,157,203.512221,[s],0
/workstealing{locality#6/total}/depthpool/distributedSteals,157,203.516243,[s],1
/workstealing{locality#7/total}/depthpool/distributedSteals,157,203.514439,[s],0
/workstealing{locality#0/total}/depthpool/distributedSteals,158,204.816346,[s],0
/workstealing{locality#1/total}/depthpool/distributedSteals,158,204.822429,[s],0
/workstealing{locality#2/total}/depthpool/distributedSteals,158,204.840238,[s],0
/workstealing{locality#3/total}/depthpool/distributedSteals,158,204.820223,[s],0
/workstealing{locality#4/total}/depthpool/distributedSteals,158,204.832238,[s],0
/workstealing{locality#5/total}/depthpool/distributedSteals,158,204.816409,[s],0
/workstealing{locality#6/total}/depthpool/distributedSteals,158,204.840251,[s],1
/workstealing{locality#7/total}/depthpool/distributedSteals,158,204.814653,[s],0
/workstealing{locality#0/total}/depthpool/distributedSteals,159,206.196238,[s],0
/workstealing{locality#1/total}/depthpool/distributedSteals,159,206.266445,[s],0
/workstealing{locality#2/total}/depthpool/distributedSteals,159,206.272242,[s],0
/workstealing{locality#3/total}/depthpool/distributedSteals,159,206.264211,[s],0
/workstealing{locality#4/total}/depthpool/distributedSteals,159,206.256274,[s],0
/workstealing{locality#5/total}/depthpool/distributedSteals,159,206.280235,[s],0
/workstealing{locality#6/total}/depthpool/distributedSteals,159,206.284245,[s],1
/workstealing{locality#7/total}/depthpool/distributedSteals,159,206.274447,[s],0
/workstealing{locality#0/total}/depthpool/distributedSteals,160,207.456348,[s],0
/workstealing{locality#1/total}/depthpool/distributedSteals,160,207.578441,[s],0
/workstealing{locality#2/total}/depthpool/distributedSteals,160,207.584241,[s],0
/workstealing{locality#3/total}/depthpool/distributedSteals,160,207.568222,[s],0
/workstealing{locality#4/total}/depthpool/distributedSteals,160,207.580236,[s],0
/workstealing{locality#5/total}/depthpool/distributedSteals,160,207.556288,[s],0
/workstealing{locality#6/total}/depthpool/distributedSteals,160,207.568242,[s],1
/workstealing{locality#7/total}/depthpool/distributedSteals,160,207.570432,[s],0
/workstealing{locality#0/total}/depthpool/distributedSteals,161,208.740239,[s],0
/workstealing{locality#1/total}/depthpool/distributedSteals,161,208.794478,[s],0
/workstealing{locality#2/total}/depthpool/distributedSteals,161,208.780246,[s],0
/workstealing{locality#3/total}/depthpool/distributedSteals,161,208.800214,[s],0
/workstealing{locality#4/total}/depthpool/distributedSteals,161,208.772238,[s],0
/workstealing{locality#5/total}/depthpool/distributedSteals,161,208.768288,[s],0
/workstealing{locality#6/total}/depthpool/distributedSteals,161,208.768324,[s],1
/workstealing{locality#7/total}/depthpool/distributedSteals,161,208.770430,[s],0
/workstealing{locality#0/total}/depthpool/distributedSteals,162,209.956374,[s],0
/workstealing{locality#1/total}/depthpool/distributedSteals,162,210.058451,[s],0
/workstealing{locality#2/total}/depthpool/distributedSteals,162,210.052270,[s],0
/workstealing{locality#3/total}/depthpool/distributedSteals,162,210.080223,[s],0
/workstealing{locality#4/total}/depthpool/distributedSteals,162,210.064245,[s],0
/workstealing{locality#5/total}/depthpool/distributedSteals,162,210.064222,[s],0
/workstealing{locality#6/total}/depthpool/distributedSteals,162,210.072244,[s],1
/workstealing{locality#7/total}/depthpool/distributedSteals,162,210.058441,[s],0
/workstealing{locality#0/total}/depthpool/distributedSteals,163,211.268268,[s],0
/workstealing{locality#1/total}/depthpool/distributedSteals,163,211.298429,[s],0
/workstealing{locality#2/total}/depthpool/distributedSteals,163,211.276240,[s],0
/workstealing{locality#3/total}/depthpool/distributedSteals,163,211.292220,[s],0
/workstealing{locality#4/total}/depthpool/distributedSteals,163,211.268336,[s],0
/workstealing{locality#5/total}/depthpool/distributedSteals,163,211.292225,[s],0
/workstealing{locality#6/total}/depthpool/distributedSteals,163,211.284245,[s],1
/workstealing{locality#7/total}/depthpool/distributedSteals,163,211.286443,[s],0
/workstealing{locality#0/total}/depthpool/distributedSteals,164,212.448345,[s],0
/workstealing{locality#1/total}/depthpool/distributedSteals,164,212.470445,[s],0
/workstealing{locality#2/total}/depthpool/distributedSteals,164,212.452242,[s],0
/workstealing{locality#3/total}/depthpool/distributedSteals,164,212.448366,[s],0
/workstealing{locality#4/total}/depthpool/distributedSteals,164,212.472236,[s],0
/workstealing{locality#5/total}/depthpool/distributedSteals,164,212.452223,[s],0
/workstealing{locality#6/total}/depthpool/distributedSteals,164,212.452233,[s],1
/workstealing{locality#7/total}/depthpool/distributedSteals,164,212.454440,[s],0
/workstealing{locality#0/total}/depthpool/distributedSteals,165,213.632426,[s],0
/workstealing{locality#1/total}/depthpool/distributedSteals,165,213.634441,[s],0
/workstealing{locality#2/total}/depthpool/distributedSteals,165,213.656243,[s],0
/workstealing{locality#3/total}/depthpool/distributedSteals,165,213.648211,[s],0
/workstealing{locality#4/total}/depthpool/distributedSteals,165,213.656236,[s],0
/workstealing{locality#5/total}/depthpool/distributedSteals,165,213.644221,[s],0
/workstealing{locality#6/total}/depthpool/distributedSteals,165,213.656255,[s],1
/workstealing{locality#7/total}/depthpool/distributedSteals,165,213.630629,[s],0
/workstealing{locality#0/total}/depthpool/distributedSteals,166,215.000359,[s],0
/workstealing{locality#1/total}/depthpool/distributedSteals,166,215.066441,[s],0
/workstealing{locality#2/total}/depthpool/distributedSteals,166,215.088246,[s],0
/workstealing{locality#3/total}/depthpool/distributedSteals,166,215.076229,[s],0
/workstealing{locality#4/total}/depthpool/distributedSteals,166,215.072236,[s],0
/workstealing{locality#5/total}/depthpool/distributedSteals,166,215.072220,[s],0
/workstealing{locality#6/total}/depthpool/distributedSteals,166,215.064311,[s],1
/workstealing{locality#7/total}/depthpool/distributedSteals,166,215.074442,[s],0
/workstealing{locality#0/total}/depthpool/distributedSteals,167,216.272352,[s],0
/workstealing{locality#1/total}/depthpool/distributedSteals,167,216.438438,[s],0
/workstealing{locality#2/total}/depthpool/distributedSteals,167,216.432265,[s],0
/workstealing{locality#3/total}/depthpool/distributedSteals,167,216.436225,[s],0
/workstealing{locality#4/total}/depthpool/distributedSteals,167,216.452242,[s],0
/workstealing{locality#5/total}/depthpool/distributedSteals,167,216.432272,[s],0
/workstealing{locality#6/total}/depthpool/distributedSteals,167,216.432303,[s],1
/workstealing{locality#7/total}/depthpool/distributedSteals,167,216.434444,[s],0
/workstealing{locality#0/total}/depthpool/distributedSteals,168,217.616351,[s],0
/workstealing{locality#1/total}/depthpool/distributedSteals,168,217.630444,[s],0
/workstealing{locality#2/total}/depthpool/distributedSteals,168,217.644241,[s],0
/workstealing{locality#3/total}/depthpool/distributedSteals,168,217.620416,[s],0
/workstealing{locality#4/total}/depthpool/distributedSteals,168,217.632238,[s],0
/workstealing{locality#5/total}/depthpool/distributedSteals,168,217.620223,[s],0
/workstealing{locality#6/total}/depthpool/distributedSteals,168,217.636249,[s],1
/workstealing{locality#7/total}/depthpool/distributedSteals,168,217.626446,[s],0
/workstealing{locality#0/total}/depthpool/distributedSteals,169,218.760448,[s],0
/workstealing{locality#1/total}/depthpool/distributedSteals,169,218.778441,[s],0
/workstealing{locality#2/total}/depthpool/distributedSteals,169,218.764240,[s],0
/workstealing{locality#3/total}/depthpool/distributedSteals,169,218.760385,[s],0
/workstealing{locality#4/total}/depthpool/distributedSteals,169,218.764249,[s],0
/workstealing{locality#5/total}/depthpool/distributedSteals,169,218.760406,[s],0
/workstealing{locality#6/total}/depthpool/distributedSteals,169,218.788245,[s],1
/workstealing{locality#7/total}/depthpool/distributedSteals,169,218.802446,[s],0
/workstealing{locality#0/total}/depthpool/distributedSteals,170,219.952339,[s],0
/workstealing{locality#1/total}/depthpool/distributedSteals,170,220.350441,[s],0
/workstealing{locality#2/total}/depthpool/distributedSteals,170,220.324272,[s],0
/workstealing{locality#3/total}/depthpool/distributedSteals,170,220.332223,[s],0
/workstealing{locality#4/total}/depthpool/distributedSteals,170,220.340243,[s],0
/workstealing{locality#5/total}/depthpool/distributedSteals,170,220.348221,[s],0
/workstealing{locality#6/total}/depthpool/distributedSteals,170,220.332233,[s],1
/workstealing{locality#7/total}/depthpool/distributedSteals,170,220.326440,[s],0
/workstealing{locality#0/total}/depthpool/distributedSteals,171,221.480274,[s],0
/workstealing{locality#1/total}/depthpool/distributedSteals,171,221.522429,[s],0
/workstealing{locality#2/total}/depthpool/distributedSteals,171,221.524244,[s],0
/workstealing{locality#3/total}/depthpool/distributedSteals,171,221.508258,[s],0
/workstealing{locality#4/total}/depthpool/distributedSteals,171,221.508284,[s],0
/workstealing{locality#5/total}/depthpool/distributedSteals,171,221.520222,[s],0
/workstealing{locality#6/total}/depthpool/distributedSteals,171,221.512231,[s],1
/workstealing{locality#7/total}/depthpool/distributedSteals,171,221.506512,[s],0
/workstealing{locality#0/total}/depthpool/distributedSteals,172,222.696367,[s],0
/workstealing{locality#1/total}/depthpool/distributedSteals,172,222.942439,[s],0
/workstealing{locality#2/total}/depthpool/distributedSteals,172,222.944239,[s],0
/workstealing{locality#3/total}/depthpool/distributedSteals,172,222.932224,[s],0
/workstealing{locality#4/total}/depthpool/distributedSteals,172,222.948239,[s],0
/workstealing{locality#5/total}/depthpool/distributedSteals,172,222.924314,[s],0
/workstealing{locality#6/total}/depthpool/distributedSteals,172,222.944244,[s],1
/workstealing{locality#7/total}/depthpool/distributedSteals,172,222.942444,[s],0
/workstealing{locality#0/total}/depthpool/distributedSteals,173,224.188364,[s],0
/workstealing{locality#1/total}/depthpool/distributedSteals,173,224.242445,[s],0
/workstealing{locality#2/total}/depthpool/distributedSteals,173,224.224241,[s],0
/workstealing{locality#3/total}/depthpool/distributedSteals,173,224.216251,[s],0
/workstealing{locality#4/total}/depthpool/distributedSteals,173,224.236240,[s],0
/workstealing{locality#5/total}/depthpool/distributedSteals,173,224.216282,[s],0
/workstealing{locality#6/total}/depthpool/distributedSteals,173,224.220242,[s],1
/workstealing{locality#7/total}/depthpool/distributedSteals,173,224.214520,[s],0
/workstealing{locality#0/total}/depthpool/distributedSteals,174,225.344347,[s],0
/workstealing{locality#1/total}/depthpool/distributedSteals,174,225.442442,[s],0
/workstealing{locality#2/total}/depthpool/distributedSteals,174,225.452241,[s],0
/workstealing{locality#3/total}/depthpool/distributedSteals,174,225.452221,[s],0
/workstealing{locality#4/total}/depthpool/distributedSteals,174,225.448236,[s],0
/workstealing{locality#5/total}/depthpool/distributedSteals,174,225.472209,[s],0
/workstealing{locality#6/total}/depthpool/distributedSteals,174,225.468248,[s],1
/workstealing{locality#7/total}/depthpool/distributedSteals,174,225.438523,[s],0
/workstealing{locality#0/total}/depthpool/distributedSteals,175,226.760347,[s],0
/workstealing{locality#1/total}/depthpool/distributedSteals,175,226.898442,[s],0
/workstealing{locality#2/total}/depthpool/distributedSteals,175,226.884279,[s],0
/workstealing{locality#3/total}/depthpool/distributedSteals,175,226.884265,[s],0
/workstealing{locality#4/total}/depthpool/distributedSteals,175,226.900282,[s],0
/workstealing{locality#5/total}/depthpool/distributedSteals,175,226.896220,[s],0
/workstealing{locality#6/total}/depthpool/distributedSteals,175,226.900283,[s],1
/workstealing{locality#7/total}/depthpool/distributedSteals,175,226.914427,[s],0
/workstealing{locality#0/total}/depthpool/distributedSteals,176,227.996239,[s],0
/workstealing{locality#1/total}/depthpool/distributedSteals,176,228.278449,[s],0
/workstealing{locality#2/total}/depthpool/distributedSteals,176,228.284238,[s],0
/workstealing{locality#3/total}/depthpool/distributedSteals,176,228.288224,[s],0
/workstealing{locality#4/total}/depthpool/distributedSteals,176,228.308249,[s],0
/workstealing{locality#5/total}/depthpool/distributedSteals,176,228.288208,[s],0
/workstealing{locality#6/total}/depthpool/distributedSteals,176,228.308252,[s],1
/workstealing{locality#7/total}/depthpool/distributedSteals,176,228.298430,[s],0
/workstealing{locality#0/total}/depthpool/distributedSteals,177,229.420237,[s],0
/workstealing{locality#1/total}/depthpool/distributedSteals,177,229.530428,[s],0
/workstealing{locality#2/total}/depthpool/distributedSteals,177,229.520229,[s],0
/workstealing{locality#3/total}/depthpool/distributedSteals,177,229.540211,[s],0
/workstealing{locality#4/total}/depthpool/distributedSteals,177,229.520229,[s],0
/workstealing{locality#5/total}/depthpool/distributedSteals,177,229.540222,[s],0
/workstealing{locality#6/total}/depthpool/distributedSteals,177,229.516296,[s],1
/workstealing{locality#7/total}/depthpool/distributedSteals,177,229.530448,[s],0
/workstealing{locality#0/total}/depthpool/distributedSteals,178,230.712380,[s],0
/workstealing{locality#1/total}/depthpool/distributedSteals,178,230.710603,[s],0
/workstealing{locality#2/total}/depthpool/distributedSteals,178,230.736243,[s],0
/workstealing{locality#3/total}/depthpool/distributedSteals,178,230.724226,[s],0
/workstealing{locality#4/total}/depthpool/distributedSteals,178,230.732227,[s],0
/workstealing{locality#5/total}/depthpool/distributedSteals,178,230.720221,[s],0
/workstealing{locality#6/total}/depthpool/distributedSteals,178,230.716232,[s],1
/workstealing{locality#7/total}/depthpool/distributedSteals,178,230.726440,[s],0
/workstealing{locality#0/total}/depthpool/distributedSteals,179,232.056353,[s],0
/workstealing{locality#1/total}/depthpool/distributedSteals,179,232.070439,[s],0
/workstealing{locality#2/total}/depthpool/distributedSteals,179,232.076239,[s],0
/workstealing{locality#3/total}/depthpool/distributedSteals,179,232.072223,[s],0
/workstealing{locality#4/total}/depthpool/distributedSteals,179,232.064244,[s],0
/workstealing{locality#5/total}/depthpool/distributedSteals,179,232.056388,[s],0
/workstealing{locality#6/total}/depthpool/distributedSteals,179,232.060249,[s],1
/workstealing{locality#7/total}/depthpool/distributedSteals,179,232.058438,[s],0
/workstealing{locality#0/total}/depthpool/distributedSteals,180,233.212265,[s],0
/workstealing{locality#1/total}/depthpool/distributedSteals,180,233.570464,[s],0
/workstealing{locality#2/total}/depthpool/distributedSteals,180,233.588240,[s],0
/workstealing{locality#3/total}/depthpool/distributedSteals,180,233.600224,[s],0
/workstealing{locality#4/total}/depthpool/distributedSteals,180,233.596246,[s],0
/workstealing{locality#5/total}/depthpool/distributedSteals,180,233.580225,[s],0
/workstealing{locality#6/total}/depthpool/distributedSteals,180,233.580234,[s],1
/workstealing{locality#7/total}/depthpool/distributedSteals,180,233.570526,[s],0
/workstealing{locality#0/total}/depthpool/distributedSteals,181,234.720359,[s],0
/workstealing{locality#1/total}/depthpool/distributedSteals,181,234.730440,[s],0
/workstealing{locality#2/total}/depthpool/distributedSteals,181,234.732242,[s],0
/workstealing{locality#3/total}/depthpool/distributedSteals,181,234.748221,[s],0
/workstealing{locality#4/total}/depthpool/distributedSteals,181,234.728240,[s],0
/workstealing{locality#5/total}/depthpool/distributedSteals,181,234.732224,[s],0
/workstealing{locality#6/total}/depthpool/distributedSteals,181,234.732232,[s],1
/workstealing{locality#7/total}/depthpool/distributedSteals,181,234.726469,[s],0
/workstealing{locality#0/total}/depthpool/distributedSteals,182,236.076268,[s],0
/workstealing{locality#1/total}/depthpool/distributedSteals,182,236.074495,[s],0
/workstealing{locality#2/total}/depthpool/distributedSteals,182,236.076299,[s],0
/workstealing{locality#3/total}/depthpool/distributedSteals,182,236.080209,[s],0
/workstealing{locality#4/total}/depthpool/distributedSteals,182,236.103274,[s],0
/workstealing{locality#5/total}/depthpool/distributedSteals,182,236.096223,[s],0
/workstealing{locality#6/total}/depthpool/distributedSteals,182,236.080251,[s],1
/workstealing{locality#7/total}/depthpool/distributedSteals,182,236.094440,[s],0
/workstealing{locality#0/total}/depthpool/distributedSteals,183,237.268362,[s],0
/workstealing{locality#1/total}/depthpool/distributedSteals,183,237.458442,[s],0
/workstealing{locality#2/total}/depthpool/distributedSteals,183,237.460241,[s],0
/workstealing{locality#3/total}/depthpool/distributedSteals,183,237.472223,[s],0
/workstealing{locality#4/total}/depthpool/distributedSteals,183,237.460244,[s],0
/workstealing{locality#5/total}/depthpool/distributedSteals,183,237.476234,[s],0
/workstealing{locality#6/total}/depthpool/distributedSteals,183,237.464247,[s],1
/workstealing{locality#7/total}/depthpool/distributedSteals,183,237.470444,[s],0
/workstealing{locality#0/total}/depthpool/distributedSteals,184,238.604356,[s],0
/workstealing{locality#1/total}/depthpool/distributedSteals,184,238.618441,[s],0
/workstealing{locality#2/total}/depthpool/distributedSteals,184,238.632228,[s],0
/workstealing{locality#3/total}/depthpool/distributedSteals,184,238.604369,[s],0
/workstealing{locality#4/total}/depthpool/distributedSteals,184,238.632243,[s],0
/workstealing{locality#5/total}/depthpool/distributedSteals,184,238.636209,[s],0
/workstealing{locality#6/total}/depthpool/distributedSteals,184,238.636232,[s],1
/workstealing{locality#7/total}/depthpool/distributedSteals,184,238.606441,[s],0
/workstealing{locality#0/total}/depthpool/distributedSteals,185,239.748358,[s],0
/workstealing{locality#1/total}/depthpool/distributedSteals,185,239.790444,[s],0
/workstealing{locality#2/total}/depthpool/distributedSteals,185,239.812240,[s],0
/workstealing{locality#3/total}/depthpool/distributedSteals,185,239.812220,[s],0
/workstealing{locality#4/total}/depthpool/distributedSteals,185,239.816224,[s],0
/workstealing{locality#5/total}/depthpool/distributedSteals,185,239.816225,[s],0
/workstealing{locality#6/total}/depthpool/distributedSteals,185,239.812245,[s],1
/workstealing{locality#7/total}/depthpool/distributedSteals,185,239.806440,[s],0
/workstealing{locality#0/total}/depthpool/distributedSteals,186,240.904330,[s],0
/workstealing{locality#1/total}/depthpool/distributedSteals,186,240.906441,[s],0
/workstealing{locality#2/total}/depthpool/distributedSteals,186,240.908240,[s],0
/workstealing{locality#3/total}/depthpool/distributedSteals,186,240.928223,[s],0
/workstealing{locality#4/total}/depthpool/distributedSteals,186,240.908239,[s],0
/workstealing{locality#5/total}/depthpool/distributedSteals,186,240.932220,[s],0
/workstealing{locality#6/total}/depthpool/distributedSteals,186,240.908232,[s],1
/workstealing{locality#7/total}/depthpool/distributedSteals,186,240.926438,[s],0
/workstealing{locality#0/total}/depthpool/distributedSteals,187,242.212267,[s],0
/workstealing{locality#1/total}/depthpool/distributedSteals,187,242.306445,[s],0
/workstealing{locality#2/total}/depthpool/distributedSteals,187,242.280243,[s],0
/workstealing{locality#3/total}/depthpool/distributedSteals,187,242.276258,[s],0
/workstealing{locality#4/total}/depthpool/distributedSteals,187,242.276276,[s],0
/workstealing{locality#5/total}/depthpool/distributedSteals,187,242.304220,[s],0
/workstealing{locality#6/total}/depthpool/distributedSteals,187,242.292235,[s],1
/workstealing{locality#7/total}/depthpool/distributedSteals,187,242.274521,[s],0
/workstealing{locality#0/total}/depthpool/distributedSteals,188,243.568238,[s],0
/workstealing{locality#1/total}/depthpool/distributedSteals,188,243.674439,[s],0
/workstealing{locality#2/total}/depthpool/distributedSteals,188,243.668242,[s],0
/workstealing{locality#3/total}/depthpool/distributedSteals,188,243.672221,[s],0
/workstealing{locality#4/total}/depthpool/distributedSteals,188,243.688233,[s],0
/workstealing{locality#5/total}/depthpool/distributedSteals,188,243.668221,[s],0
/workstealing{locality#6/total}/depthpool/distributedSteals,188,243.672241,[s],1
/workstealing{locality#7/total}/depthpool/distributedSteals,188,243.658511,[s],0
/workstealing{locality#0/total}/depthpool/distributedSteals,189,244.752345,[s],0
/workstealing{locality#1/total}/depthpool/distributedSteals,189,244.786441,[s],0
/workstealing{locality#2/total}/depthpool/distributedSteals,189,244.784262,[s],0
/workstealing{locality#3/total}/depthpool/distributedSteals,189,244.784269,[s],0
/workstealing{locality#4/total}/depthpool/distributedSteals,189,244.808239,[s],0
/workstealing{locality#5/total}/depthpool/distributedSteals,189,244.796221,[s],0
/workstealing{locality#6/total}/depthpool/distributedSteals,189,244.784311,[s],1
/workstealing{locality#7/total}/depthpool/distributedSteals,189,244.790442,[s],0
/workstealing{locality#0/total}/depthpool/distributedSteals,190,246.000352,[s],0
/workstealing{locality#1/total}/depthpool/distributedSteals,190,246.014442,[s],0
/workstealing{locality#2/total}/depthpool/distributedSteals,190,246.012241,[s],0
/workstealing{locality#3/total}/depthpool/distributedSteals,190,246.036223,[s],0
/workstealing{locality#4/total}/depthpool/distributedSteals,190,246.024240,[s],0
/workstealing{locality#5/total}/depthpool/distributedSteals,190,246.028212,[s],0
/workstealing{locality#6/total}/depthpool/distributedSteals,190,246.012243,[s],1
/workstealing{locality#7/total}/depthpool/distributedSteals,190,246.014442,[s],0
/workstealing{locality#0/total}/depthpool/distributedSteals,191,247.364348,[s],0
/workstealing{locality#1/total}/depthpool/distributedSteals,191,247.362580,[s],0
/workstealing{locality#2/total}/depthpool/distributedSteals,191,247.376244,[s],0
/workstealing{locality#3/total}/depthpool/distributedSteals,191,247.364383,[s],0
/workstealing{locality#4/total}/depthpool/distributedSteals,191,247.388237,[s],0
/workstealing{locality#5/total}/depthpool/distributedSteals,191,247.386248,[s],0
/workstealing{locality#6/total}/depthpool/distributedSteals,191,247.380245,[s],1
/workstealing{locality#7/total}/depthpool/distributedSteals,191,247.370442,[s],0
/workstealing{locality#0/total}/depthpool/distributedSteals,192,248.520413,[s],0
/workstealing{locality#1/total}/depthpool/distributedSteals,192,248.546440,[s],0
/workstealing{locality#2/total}/depthpool/distributedSteals,192,248.520374,[s],0
/workstealing{locality#3/total}/depthpool/distributedSteals,192,248.548222,[s],0
/workstealing{locality#4/total}/depthpool/distributedSteals,192,248.552235,[s],0
/workstealing{locality#5/total}/depthpool/distributedSteals,192,248.540222,[s],0
/workstealing{locality#6/total}/depthpool/distributedSteals,192,248.548247,[s],1
/workstealing{locality#7/total}/depthpool/distributedSteals,192,248.522441,[s],0
/workstealing{locality#0/total}/depthpool/distributedSteals,193,249.620374,[s],0
/workstealing{locality#1/total}/depthpool/distributedSteals,193,249.746455,[s],0
/workstealing{locality#2/total}/depthpool/distributedSteals,193,249.748267,[s],0
/workstealing{locality#3/total}/depthpool/distributedSteals,193,249.748253,[s],0
/workstealing{locality#4/total}/depthpool/distributedSteals,193,249.748275,[s],0
/workstealing{locality#5/total}/depthpool/distributedSteals,193,249.768297,[s],0
/workstealing{locality#6/total}/depthpool/distributedSteals,193,249.776240,[s],1
/workstealing{locality#7/total}/depthpool/distributedSteals,193,249.750450,[s],0
/workstealing{locality#0/total}/depthpool/distributedSteals,194,250.828347,[s],0
/workstealing{locality#1/total}/depthpool/distributedSteals,194,250.998441,[s],0
/workstealing{locality#2/total}/depthpool/distributedSteals,194,250.996248,[s],0
/workstealing{locality#3/total}/depthpool/distributedSteals,194,250.996222,[s],0
/workstealing{locality#4/total}/depthpool/distributedSteals,194,251.016237,[s],0
/workstealing{locality#5/total}/depthpool/distributedSteals,194,250.992209,[s],0
/workstealing{locality#6/total}/depthpool/distributedSteals,194,250.996251,[s],1
/workstealing{locality#7/total}/depthpool/distributedSteals,194,250.994428,[s],0
/workstealing{locality#0/total}/depthpool/distributedSteals,195,252.132238,[s],0
/workstealing{locality#1/total}/depthpool/distributedSteals,195,252.294445,[s],0
/workstealing{locality#2/total}/depthpool/distributedSteals,195,252.288270,[s],0
/workstealing{locality#3/total}/depthpool/distributedSteals,195,252.288260,[s],0
/workstealing{locality#4/total}/depthpool/distributedSteals,195,252.304245,[s],0
/workstealing{locality#5/total}/depthpool/distributedSteals,195,252.312221,[s],0
/workstealing{locality#6/total}/depthpool/distributedSteals,195,252.320231,[s],1
/workstealing{locality#7/total}/depthpool/distributedSteals,195,252.286506,[s],0
/workstealing{locality#0/total}/depthpool/distributedSteals,196,253.436272,[s],0
/workstealing{locality#1/total}/depthpool/distributedSteals,196,253.442439,[s],0
/workstealing{locality#2/total}/depthpool/distributedSteals,196,253.460239,[s],0
/workstealing{locality#3/total}/depthpool/distributedSteals,196,253.464227,[s],0
/workstealing{locality#4/total}/depthpool/distributedSteals,196,253.436302,[s],0
/workstealing{locality#5/total}/depthpool/distributedSteals,196,253.464222,[s],0
/workstealing{locality#6/total}/depthpool/distributedSteals,196,253.436337,[s],1
/workstealing{locality#7/total}/depthpool/distributedSteals,196,253.454428,[s],0
/workstealing{locality#0/total}/depthpool/distributedSteals,197,254.640344,[s],0
/workstealing{locality#1/total}/depthpool/distributedSteals,197,254.638573,[s],0
/workstealing{locality#2/total}/depthpool/distributedSteals,197,254.664241,[s],0
/workstealing{locality#3/total}/depthpool/distributedSteals,197,254.652226,[s],0
/workstealing{locality#4/total}/depthpool/distributedSteals,197,254.648239,[s],0
/workstealing{locality#5/total}/depthpool/distributedSteals,197,254.644221,[s],0
/workstealing{locality#6/total}/depthpool/distributedSteals,197,254.648245,[s],1
/workstealing{locality#7/total}/depthpool/distributedSteals,197,254.638608,[s],0
/workstealing{locality#0/total}/depthpool/distributedSteals,198,255.976268,[s],0
/workstealing{locality#1/total}/depthpool/distributedSteals,198,256.018443,[s],0
/workstealing{locality#2/total}/depthpool/distributedSteals,198,256.024242,[s],0
/workstealing{locality#3/total}/depthpool/distributedSteals,198,256.020224,[s],0
/workstealing{locality#4/total}/depthpool/distributedSteals,198,256.008320,[s],0
/workstealing{locality#5/total}/depthpool/distributedSteals,198,256.016223,[s],0
/workstealing{locality#6/total}/depthpool/distributedSteals,198,256.032246,[s],1
/workstealing{locality#7/total}/depthpool/distributedSteals,198,256.014429,[s],0
/workstealing{locality#0/total}/depthpool/distributedSteals,199,257.108340,[s],0
/workstealing{locality#1/total}/depthpool/distributedSteals,199,257.298453,[s],0
/workstealing{locality#2/total}/depthpool/distributedSteals,199,257.320238,[s],0
/workstealing{locality#3/total}/depthpool/distributedSteals,199,257.324223,[s],0
/workstealing{locality#4/total}/depthpool/distributedSteals,199,257.328236,[s],0
/workstealing{locality#5/total}/depthpool/distributedSteals,199,257.304222,[s],0
/workstealing{locality#6/total}/depthpool/distributedSteals,199,257.308244,[s],1
/workstealing{locality#7/total}/depthpool/distributedSteals,199,257.326440,[s],0
/workstealing{locality#0/total}/depthpool/distributedSteals,200,258.804347,[s],0
/workstealing{locality#1/total}/depthpool/distributedSteals,200,258.822441,[s],0
/workstealing{locality#2/total}/depthpool/distributedSteals,200,258.820243,[s],0
/workstealing{locality#3/total}/depthpool/distributedSteals,200,258.812219,[s],0
/workstealing{locality#4/total}/depthpool/distributedSteals,200,258.812224,[s],0
/workstealing{locality#5/total}/depthpool/distributedSteals,200,258.812222,[s],0
/workstealing{locality#6/total}/depthpool/distributedSteals,200,258.824244,[s],1
/workstealing{locality#7/total}/depthpool/distributedSteals,200,258.826440,[s],0
/workstealing{locality#0/total}/depthpool/distributedSteals,201,260.076407,[s],0
/workstealing{locality#1/total}/depthpool/distributedSteals,201,260.103394,[s],0
/workstealing{locality#2/total}/depthpool/distributedSteals,201,260.076376,[s],0
/workstealing{locality#3/total}/depthpool/distributedSteals,201,260.080226,[s],0
/workstealing{locality#4/total}/depthpool/distributedSteals,201,260.096242,[s],0
/workstealing{locality#5/total}/depthpool/distributedSteals,201,260.092222,[s],0
/workstealing{locality#6/total}/depthpool/distributedSteals,201,260.100244,[s],1
/workstealing{locality#7/total}/depthpool/distributedSteals,201,260.074612,[s],0
/workstealing{locality#0/total}/depthpool/distributedSteals,202,261.144347,[s],0
/workstealing{locality#1/total}/depthpool/distributedSteals,202,261.318444,[s],0
/workstealing{locality#2/total}/depthpool/distributedSteals,202,261.324239,[s],0
/workstealing{locality#3/total}/depthpool/distributedSteals,202,261.336210,[s],0
/workstealing{locality#4/total}/depthpool/distributedSteals,202,261.332239,[s],0
/workstealing{locality#5/total}/depthpool/distributedSteals,202,261.336223,[s],0
/workstealing{locality#6/total}/depthpool/distributedSteals,202,261.336248,[s],1
/workstealing{locality#7/total}/depthpool/distributedSteals,202,261.314512,[s],0
/workstealing{locality#0/total}/depthpool/distributedSteals,203,262.548439,[s],0
/workstealing{locality#1/total}/depthpool/distributedSteals,203,262.554444,[s],0
/workstealing{locality#2/total}/depthpool/distributedSteals,203,262.568242,[s],0
/workstealing{locality#3/total}/depthpool/distributedSteals,203,262.572222,[s],0
/workstealing{locality#4/total}/depthpool/distributedSteals,203,262.552240,[s],0
/workstealing{locality#5/total}/depthpool/distributedSteals,203,262.564219,[s],0
/workstealing{locality#6/total}/depthpool/distributedSteals,203,262.560242,[s],1
/workstealing{locality#7/total}/depthpool/distributedSteals,203,262.558439,[s],0
/workstealing{locality#0/total}/depthpool/distributedSteals,204,263.684328,[s],0
/workstealing{locality#1/total}/depthpool/distributedSteals,204,263.766456,[s],0
/workstealing{locality#2/total}/depthpool/distributedSteals,204,263.748272,[s],0
/workstealing{locality#3/total}/depthpool/distributedSteals,204,263.772230,[s],0
/workstealing{locality#4/total}/depthpool/distributedSteals,204,263.748273,[s],0
/workstealing{locality#5/total}/depthpool/distributedSteals,204,263.780211,[s],0
/workstealing{locality#6/total}/depthpool/distributedSteals,204,263.756243,[s],1
/workstealing{locality#7/total}/depthpool/distributedSteals,204,263.770457,[s],0
/workstealing{locality#0/total}/depthpool/distributedSteals,205,264.876347,[s],0
/workstealing{locality#1/total}/depthpool/distributedSteals,205,265.010451,[s],0
/workstealing{locality#2/total}/depthpool/distributedSteals,205,265.028242,[s],0
/workstealing{locality#3/total}/depthpool/distributedSteals,205,265.036222,[s],0
/workstealing{locality#4/total}/depthpool/distributedSteals,205,265.032243,[s],0
/workstealing{locality#5/total}/depthpool/distributedSteals,205,265.024232,[s],0
/workstealing{locality#6/total}/depthpool/distributedSteals,205,265.020244,[s],1
/workstealing{locality#7/total}/depthpool/distributedSteals,205,265.010505,[s],0
/workstealing{locality#0/total}/depthpool/distributedSteals,206,266.176334,[s],0
/workstealing{locality#1/total}/depthpool/distributedSteals,206,266.206443,[s],0
/workstealing{locality#2/total}/depthpool/distributedSteals,206,266.200249,[s],0
/workstealing{locality#3/total}/depthpool/distributedSteals,206,266.204223,[s],0
/workstealing{locality#4/total}/depthpool/distributedSteals,206,266.196249,[s],0
/workstealing{locality#5/total}/depthpool/distributedSteals,206,266.204232,[s],0
/workstealing{locality#6/total}/depthpool/distributedSteals,206,266.204245,[s],1
/workstealing{locality#7/total}/depthpool/distributedSteals,206,266.174598,[s],0
/workstealing{locality#0/total}/depthpool/distributedSteals,207,267.436348,[s],0
/workstealing{locality#1/total}/depthpool/distributedSteals,207,267.470442,[s],0
/workstealing{locality#2/total}/depthpool/distributedSteals,207,267.472240,[s],0
/workstealing{locality#3/total}/depthpool/distributedSteals,207,267.484226,[s],0
/workstealing{locality#4/total}/depthpool/distributedSteals,207,267.468281,[s],0
/workstealing{locality#5/total}/depthpool/distributedSteals,207,267.484221,[s],0
/workstealing{locality#6/total}/depthpool/distributedSteals,207,267.472244,[s],1
/workstealing{locality#7/total}/depthpool/distributedSteals,207,267.478445,[s],0
/workstealing{locality#0/total}/depthpool/distributedSteals,208,268.812349,[s],0
/workstealing{locality#1/total}/depthpool/distributedSteals,208,268.926440,[s],0
/workstealing{locality#2/total}/depthpool/distributedSteals,208,268.936243,[s],0
/workstealing{locality#3/total}/depthpool/distributedSteals,208,268.924227,[s],0
/workstealing{locality#4/total}/depthpool/distributedSteals,208,268.928242,[s],0
/workstealing{locality#5/total}/depthpool/distributedSteals,208,268.928221,[s],0
/workstealing{locality#6/total}/depthpool/distributedSteals,208,268.940251,[s],1
/workstealing{locality#7/total}/depthpool/distributedSteals,208,268.910496,[s],0
/workstealing{locality#0/total}/depthpool/distributedSteals,209,270.108347,[s],0
/workstealing{locality#1/total}/depthpool/distributedSteals,209,270.190427,[s],0
/workstealing{locality#2/total}/depthpool/distributedSteals,209,270.172261,[s],0
/workstealing{locality#3/total}/depthpool/distributedSteals,209,270.180227,[s],0
/workstealing{locality#4/total}/depthpool/distributedSteals,209,270.192237,[s],0
/workstealing{locality#5/total}/depthpool/distributedSteals,209,270.184220,[s],0
/workstealing{locality#6/total}/depthpool/distributedSteals,209,270.172317,[s],1
/workstealing{locality#7/total}/depthpool/distributedSteals,209,270.174429,[s],0
/workstealing{locality#0/total}/depthpool/distributedSteals,210,271.368344,[s],0
/workstealing{locality#1/total}/depthpool/distributedSteals,210,271.398460,[s],0
/workstealing{locality#2/total}/depthpool/distributedSteals,210,271.404242,[s],0
/workstealing{locality#3/total}/depthpool/distributedSteals,210,271.412238,[s],0
/workstealing{locality#4/total}/depthpool/distributedSteals,210,271.408241,[s],0
/workstealing{locality#5/total}/depthpool/distributedSteals,210,271.424229,[s],0
/workstealing{locality#6/total}/depthpool/distributedSteals,210,271.404243,[s],1
/workstealing{locality#7/total}/depthpool/distributedSteals,210,271.422450,[s],0
/workstealing{locality#0/total}/depthpool/distributedSteals,211,272.559714,[s],0
/workstealing{locality#1/total}/depthpool/distributedSteals,211,272.686429,[s],0
/workstealing{locality#2/total}/depthpool/distributedSteals,211,272.688241,[s],0
/workstealing{locality#3/total}/depthpool/distributedSteals,211,272.672224,[s],0
/workstealing{locality#4/total}/depthpool/distributedSteals,211,272.660275,[s],0
/workstealing{locality#5/total}/depthpool/distributedSteals,211,272.680222,[s],0
/workstealing{locality#6/total}/depthpool/distributedSteals,211,272.660302,[s],1
/workstealing{locality#7/total}/depthpool/distributedSteals,211,272.666439,[s],0
/workstealing{locality#0/total}/depthpool/distributedSteals,212,273.800341,[s],0
/workstealing{locality#1/total}/depthpool/distributedSteals,212,273.822465,[s],0
/workstealing{locality#2/total}/depthpool/distributedSteals,212,273.812246,[s],0
/workstealing{locality#3/total}/depthpool/distributedSteals,212,273.800365,[s],0
/workstealing{locality#4/total}/depthpool/distributedSteals,212,273.812236,[s],0
/workstealing{locality#5/total}/depthpool/distributedSteals,212,273.808210,[s],0
/workstealing{locality#6/total}/depthpool/distributedSteals,212,273.808244,[s],1
/workstealing{locality#7/total}/depthpool/distributedSteals,212,273.818440,[s],0
/workstealing{locality#0/total}/depthpool/distributedSteals,213,275.144356,[s],0
/workstealing{locality#1/total}/depthpool/distributedSteals,213,275.142592,[s],0
/workstealing{locality#2/total}/depthpool/distributedSteals,213,275.148228,[s],0
/workstealing{locality#3/total}/depthpool/distributedSteals,213,275.172222,[s],0
/workstealing{locality#4/total}/depthpool/distributedSteals,213,275.144419,[s],0
/workstealing{locality#5/total}/depthpool/distributedSteals,213,275.144417,[s],0
/workstealing{locality#6/total}/depthpool/distributedSteals,213,275.168251,[s],1
/workstealing{locality#7/total}/depthpool/distributedSteals,213,275.146428,[s],0
/workstealing{locality#0/total}/depthpool/distributedSteals,214,276.292347,[s],0
/workstealing{locality#1/total}/depthpool/distributedSteals,214,276.298457,[s],0
/workstealing{locality#2/total}/depthpool/distributedSteals,214,276.320230,[s],0
/workstealing{locality#3/total}/depthpool/distributedSteals,214,276.304222,[s],0
/workstealing{locality#4/total}/depthpool/distributedSteals,214,276.320237,[s],0
/workstealing{locality#5/total}/depthpool/distributedSteals,214,276.320221,[s],0
/workstealing{locality#6/total}/depthpool/distributedSteals,214,276.308249,[s],1
/workstealing{locality#7/total}/depthpool/distributedSteals,214,276.290633,[s],0
/workstealing{locality#0/total}/depthpool/distributedSteals,215,277.532274,[s],0
/workstealing{locality#1/total}/depthpool/distributedSteals,215,277.574461,[s],0
/workstealing{locality#2/total}/depthpool/distributedSteals,215,277.584245,[s],0
/workstealing{locality#3/total}/depthpool/distributedSteals,215,277.604223,[s],0
/workstealing{locality#4/total}/depthpool/distributedSteals,215,277.580239,[s],0
/workstealing{locality#5/total}/depthpool/distributedSteals,215,277.600223,[s],0
/workstealing{locality#6/total}/depthpool/distributedSteals,215,277.600249,[s],1
/workstealing{locality#7/total}/depthpool/distributedSteals,215,277.598445,[s],0
/workstealing{locality#0/total}/depthpool/distributedSteals,216,278.848333,[s],0
/workstealing{locality#1/total}/depthpool/distributedSteals,216,278.850430,[s],0
/workstealing{locality#2/total}/depthpool/distributedSteals,216,278.864245,[s],0
/workstealing{locality#3/total}/depthpool/distributedSteals,216,278.876223,[s],0
/workstealing{locality#4/total}/depthpool/distributedSteals,216,278.848320,[s],0
/workstealing{locality#5/total}/depthpool/distributedSteals,216,278.872221,[s],0
/workstealing{locality#6/total}/depthpool/distributedSteals,216,278.876244,[s],1
/workstealing{locality#7/total}/depthpool/distributedSteals,216,278.850445,[s],0
/workstealing{locality#0/total}/depthpool/distributedSteals,217,280.316347,[s],0
/workstealing{locality#1/total}/depthpool/distributedSteals,217,280.342444,[s],0
/workstealing{locality#2/total}/depthpool/distributedSteals,217,280.316391,[s],0
/workstealing{locality#3/total}/depthpool/distributedSteals,217,280.316382,[s],0
/workstealing{locality#4/total}/depthpool/distributedSteals,217,280.344235,[s],0
/workstealing{locality#5/total}/depthpool/distributedSteals,217,280.344219,[s],0
/workstealing{locality#6/total}/depthpool/distributedSteals,217,280.324248,[s],1
/workstealing{locality#7/total}/depthpool/distributedSteals,217,280.314637,[s],0
/workstealing{locality#0/total}/depthpool/distributedSteals,218,281.480265,[s],0
/workstealing{locality#1/total}/depthpool/distributedSteals,218,281.630439,[s],0
/workstealing{locality#2/total}/depthpool/distributedSteals,218,281.620245,[s],0
/workstealing{locality#3/total}/depthpool/distributedSteals,218,281.616222,[s],0
/workstealing{locality#4/total}/depthpool/distributedSteals,218,281.636239,[s],0
/workstealing{locality#5/total}/depthpool/distributedSteals,218,281.640229,[s],0
/workstealing{locality#6/total}/depthpool/distributedSteals,218,281.636244,[s],1
/workstealing{locality#7/total}/depthpool/distributedSteals,218,281.610519,[s],0
/workstealing{locality#0/total}/depthpool/distributedSteals,219,282.740239,[s],0
/workstealing{locality#1/total}/depthpool/distributedSteals,219,282.810447,[s],0
/workstealing{locality#2/total}/depthpool/distributedSteals,219,282.832242,[s],0
/workstealing{locality#3/total}/depthpool/distributedSteals,219,282.820222,[s],0
/workstealing{locality#4/total}/depthpool/distributedSteals,219,282.820238,[s],0
/workstealing{locality#5/total}/depthpool/distributedSteals,219,282.832223,[s],0
/workstealing{locality#6/total}/depthpool/distributedSteals,219,282.828243,[s],1
/workstealing{locality#7/total}/depthpool/distributedSteals,219,282.830495,[s],0
/workstealing{locality#0/total}/depthpool/distributedSteals,220,284.064344,[s],0
/workstealing{locality#1/total}/depthpool/distributedSteals,220,284.110441,[s],0
/workstealing{locality#2/total}/depthpool/distributedSteals,220,284.116242,[s],0
/workstealing{locality#3/total}/depthpool/distributedSteals,220,284.116233,[s],0
/workstealing{locality#4/total}/depthpool/distributedSteals,220,284.104247,[s],0
/workstealing{locality#5/total}/depthpool/distributedSteals,220,284.124229,[s],0
/workstealing{locality#6/total}/depthpool/distributedSteals,220,284.108244,[s],1
/workstealing{locality#7/total}/depthpool/distributedSteals,220,284.098430,[s],0
/workstealing{locality#0/total}/depthpool/distributedSteals,221,285.268239,[s],0
/workstealing{locality#1/total}/depthpool/distributedSteals,221,285.398428,[s],0
/workstealing{locality#2/total}/depthpool/distributedSteals,221,285.396272,[s],0
/workstealing{locality#3/total}/depthpool/distributedSteals,221,285.420220,[s],0
/workstealing{locality#4/total}/depthpool/distributedSteals,221,285.408235,[s],0
/workstealing{locality#5/total}/depthpool/distributedSteals,221,285.424210,[s],0
/workstealing{locality#6/total}/depthpool/distributedSteals,221,285.396314,[s],1
/workstealing{locality#7/total}/depthpool/distributedSteals,221,285.394518,[s],0
/workstealing{locality#0/total}/depthpool/distributedSteals,222,286.556370,[s],0
/workstealing{locality#1/total}/depthpool/distributedSteals,222,286.598438,[s],0
/workstealing{locality#2/total}/depthpool/distributedSteals,222,286.604246,[s],0
/workstealing{locality#3/total}/depthpool/distributedSteals,222,286.612219,[s],0
/workstealing{locality#4/total}/depthpool/distributedSteals,222,286.600236,[s],0
/workstealing{locality#5/total}/depthpool/distributedSteals,222,286.596219,[s],0
/workstealing{locality#6/total}/depthpool/distributedSteals,222,286.604243,[s],1
/workstealing{locality#7/total}/depthpool/distributedSteals,222,286.590447,[s],0
/workstealing{locality#0/total}/depthpool/distributedSteals,223,287.784347,[s],0
/workstealing{locality#1/total}/depthpool/distributedSteals,223,287.786520,[s],0
/workstealing{locality#2/total}/depthpool/distributedSteals,223,287.792247,[s],0
/workstealing{locality#3/total}/depthpool/distributedSteals,223,287.792236,[s],0
/workstealing{locality#4/total}/depthpool/distributedSteals,223,287.796242,[s],0
/workstealing{locality#5/total}/depthpool/distributedSteals,223,287.784413,[s],0
/workstealing{locality#6/total}/depthpool/distributedSteals,223,287.784468,[s],1
/workstealing{locality#7/total}/depthpool/distributedSteals,223,287.790429,[s],0
/workstealing{locality#0/total}/depthpool/distributedSteals,224,288.968240,[s],0
/workstealing{locality#1/total}/depthpool/distributedSteals,224,288.994451,[s],0
/workstealing{locality#2/total}/depthpool/distributedSteals,224,289.008228,[s],0
/workstealing{locality#3/total}/depthpool/distributedSteals,224,289.004223,[s],0
/workstealing{locality#4/total}/depthpool/distributedSteals,224,289.008236,[s],0
/workstealing{locality#5/total}/depthpool/distributedSteals,224,289.020231,[s],0
/workstealing{locality#6/total}/depthpool/distributedSteals,224,289.008231,[s],1
/workstealing{locality#7/total}/depthpool/distributedSteals,224,288.994493,[s],0
/workstealing{locality#0/total}/depthpool/distributedSteals,225,290.184237,[s],0
/workstealing{locality#1/total}/depthpool/distributedSteals,225,290.202452,[s],0
/workstealing{locality#2/total}/depthpool/distributedSteals,225,290.204266,[s],0
/workstealing{locality#3/total}/depthpool/distributedSteals,225,290.216224,[s],0
/workstealing{locality#4/total}/depthpool/distributedSteals,225,290.204271,[s],0
/workstealing{locality#5/total}/depthpool/distributedSteals,225,290.204266,[s],0
/workstealing{locality#6/total}/depthpool/distributedSteals,225,290.224232,[s],1
/workstealing{locality#7/total}/depthpool/distributedSteals,225,290.202511,[s],0
/workstealing{locality#0/total}/depthpool/distributedSteals,226,291.380265,[s],0
/workstealing{locality#1/total}/depthpool/distributedSteals,226,291.394443,[s],0
/workstealing{locality#2/total}/depthpool/distributedSteals,226,291.412229,[s],0
/workstealing{locality#3/total}/depthpool/distributedSteals,226,291.384227,[s],0
/workstealing{locality#4/total}/depthpool/distributedSteals,226,291.384239,[s],0
/workstealing{locality#5/total}/depthpool/distributedSteals,226,291.392219,[s],0
/workstealing{locality#6/total}/depthpool/distributedSteals,226,291.380337,[s],1
/workstealing{locality#7/total}/depthpool/distributedSteals,226,291.386441,[s],0
/workstealing{locality#0/total}/depthpool/distributedSteals,227,292.528352,[s],0
/workstealing{locality#1/total}/depthpool/distributedSteals,227,292.546440,[s],0
/workstealing{locality#2/total}/depthpool/distributedSteals,227,292.532240,[s],0
/workstealing{locality#3/total}/depthpool/distributedSteals,227,292.544221,[s],0
/workstealing{locality#4/total}/depthpool/distributedSteals,227,292.544233,[s],0
/workstealing{locality#5/total}/depthpool/distributedSteals,227,292.532212,[s],0
/workstealing{locality#6/total}/depthpool/distributedSteals,227,292.556243,[s],1
/workstealing{locality#7/total}/depthpool/distributedSteals,227,292.526628,[s],0
/workstealing{locality#0/total}/depthpool/distributedSteals,228,293.652268,[s],0
/workstealing{locality#1/total}/depthpool/distributedSteals,228,293.934440,[s],0
/workstealing{locality#2/total}/depthpool/distributedSteals,228,293.928243,[s],0
/workstealing{locality#3/total}/depthpool/distributedSteals,228,293.944225,[s],0
/workstealing{locality#4/total}/depthpool/distributedSteals,228,293.920302,[s],0
/workstealing{locality#5/total}/depthpool/distributedSteals,228,293.952209,[s],0
/workstealing{locality#6/total}/depthpool/distributedSteals,228,293.952232,[s],1
/workstealing{locality#7/total}/depthpool/distributedSteals,228,293.918522,[s],0
/workstealing{locality#0/total}/depthpool/distributedSteals,229,295.120389,[s],0
/workstealing{locality#1/total}/depthpool/distributedSteals,229,295.134444,[s],0
/workstealing{locality#2/total}/depthpool/distributedSteals,229,295.148245,[s],0
/workstealing{locality#3/total}/depthpool/distributedSteals,229,295.128221,[s],0
/workstealing{locality#4/total}/depthpool/distributedSteals,229,295.144225,[s],0
/workstealing{locality#5/total}/depthpool/distributedSteals,229,295.120402,[s],0
/workstealing{locality#6/total}/depthpool/distributedSteals,229,295.124266,[s],1
/workstealing{locality#7/total}/depthpool/distributedSteals,229,295.142439,[s],0
/workstealing{locality#0/total}/depthpool/distributedSteals,230,296.320352,[s],0
/workstealing{locality#1/total}/depthpool/distributedSteals,230,296.318576,[s],0
/workstealing{locality#2/total}/depthpool/distributedSteals,230,296.336243,[s],0
/workstealing{locality#3/total}/depthpool/distributedSteals,230,296.340219,[s],0
/workstealing{locality#4/total}/depthpool/distributedSteals,230,296.336237,[s],0
/workstealing{locality#5/total}/depthpool/distributedSteals,230,296.324227,[s],0
/workstealing{locality#6/total}/depthpool/distributedSteals,230,296.340245,[s],1
/workstealing{locality#7/total}/depthpool/distributedSteals,230,296.322447,[s],0
/workstealing{locality#0/total}/depthpool/distributedSteals,231,297.488268,[s],0
/workstealing{locality#1/total}/depthpool/distributedSteals,231,297.678447,[s],0
/workstealing{locality#2/total}/depthpool/distributedSteals,231,297.676240,[s],0
/workstealing{locality#3/total}/depthpool/distributedSteals,231,297.684227,[s],0
/workstealing{locality#4/total}/depthpool/distributedSteals,231,297.680237,[s],0
/workstealing{locality#5/total}/depthpool/distributedSteals,231,297.672230,[s],0
/workstealing{locality#6/total}/depthpool/distributedSteals,231,297.684232,[s],1
/workstealing{locality#7/total}/depthpool/distributedSteals,231,297.690441,[s],0
/workstealing{locality#0/total}/depthpool/distributedSteals,232,298.880361,[s],0
/workstealing{locality#1/total}/depthpool/distributedSteals,232,298.886440,[s],0
/workstealing{locality#2/total}/depthpool/distributedSteals,232,298.904245,[s],0
/workstealing{locality#3/total}/depthpool/distributedSteals,232,298.896223,[s],0
/workstealing{locality#4/total}/depthpool/distributedSteals,232,298.908224,[s],0
/workstealing{locality#5/total}/depthpool/distributedSteals,232,298.908221,[s],0
/workstealing{locality#6/total}/depthpool/distributedSteals,232,298.920230,[s],1
/workstealing{locality#7/total}/depthpool/distributedSteals,232,298.906438,[s],0
/workstealing{locality#0/total}/depthpool/distributedSteals,233,300.192371,[s],0
/workstealing{locality#1/total}/depthpool/distributedSteals,233,300.246437,[s],0
/workstealing{locality#2/total}/depthpool/distributedSteals,233,300.228262,[s],0
/workstealing{locality#3/total}/depthpool/distributedSteals,233,300.240224,[s],0
/workstealing{locality#4/total}/depthpool/distributedSteals,233,300.256242,[s],0
/workstealing{locality#5/total}/depthpool/distributedSteals,233,300.232221,[s],0
/workstealing{locality#6/total}/depthpool/distributedSteals,233,300.256231,[s],1
/workstealing{locality#7/total}/depthpool/distributedSteals,233,300.226504,[s],0
/workstealing{locality#0/total}/depthpool/distributedSteals,234,301.328238,[s],0
/workstealing{locality#1/total}/depthpool/distributedSteals,234,301.358428,[s],0
/workstealing{locality#2/total}/depthpool/distributedSteals,234,301.380239,[s],0
/workstealing{locality#3/total}/depthpool/distributedSteals,234,301.364223,[s],0
/workstealing{locality#4/total}/depthpool/distributedSteals,234,301.384234,[s],0
/workstealing{locality#5/total}/depthpool/distributedSteals,234,301.380224,[s],0
/workstealing{locality#6/total}/depthpool/distributedSteals,234,301.380243,[s],1
/workstealing{locality#7/total}/depthpool/distributedSteals,234,301.362445,[s],0
/workstealing{locality#0/total}/depthpool/distributedSteals,235,302.624375,[s],0
/workstealing{locality#1/total}/depthpool/distributedSteals,235,302.690442,[s],0
/workstealing{locality#2/total}/depthpool/distributedSteals,235,302.688230,[s],0
/workstealing{locality#3/total}/depthpool/distributedSteals,235,302.687811,[s],0
/workstealing{locality#4/total}/depthpool/distributedSteals,235,302.712226,[s],0
/workstealing{locality#5/total}/depthpool/distributedSteals,235,302.704221,[s],0
/workstealing{locality#6/total}/depthpool/distributedSteals,235,302.692232,[s],1
/workstealing{locality#7/total}/depthpool/distributedSteals,235,302.710431,[s],0
/workstealing{locality#0/total}/depthpool/distributedSteals,236,303.912341,[s],0
/workstealing{locality#1/total}/depthpool/distributedSteals,236,303.950446,[s],0
/workstealing{locality#2/total}/depthpool/distributedSteals,236,303.944268,[s],0
/workstealing{locality#3/total}/depthpool/distributedSteals,236,303.952210,[s],0
/workstealing{locality#4/total}/depthpool/distributedSteals,236,303.948225,[s],0
/workstealing{locality#5/total}/depthpool/distributedSteals,236,303.956211,[s],0
/workstealing{locality#6/total}/depthpool/distributedSteals,236,303.960256,[s],1
/workstealing{locality#7/total}/depthpool/distributedSteals,236,303.950442,[s],0
/workstealing{locality#0/total}/depthpool/distributedSteals,237,305.068354,[s],0
/workstealing{locality#1/total}/depthpool/distributedSteals,237,305.078429,[s],0
/workstealing{locality#2/total}/depthpool/distributedSteals,237,305.088228,[s],0
/workstealing{locality#3/total}/depthpool/distributedSteals,237,305.072222,[s],0
/workstealing{locality#4/total}/depthpool/distributedSteals,237,305.068401,[s],0
/workstealing{locality#5/total}/depthpool/distributedSteals,237,305.084221,[s],0
/workstealing{locality#6/total}/depthpool/distributedSteals,237,305.084242,[s],1
/workstealing{locality#7/total}/depthpool/distributedSteals,237,305.070441,[s],0
/workstealing{locality#0/total}/depthpool/distributedSteals,238,306.336240,[s],0
/workstealing{locality#1/total}/depthpool/distributedSteals,238,306.378443,[s],0
/workstealing{locality#2/total}/depthpool/distributedSteals,238,306.368241,[s],0
/workstealing{locality#3/total}/depthpool/distributedSteals,238,306.380268,[s],0
/workstealing{locality#4/total}/depthpool/distributedSteals,238,306.372240,[s],0
/workstealing{locality#5/total}/depthpool/distributedSteals,238,306.384210,[s],0
/workstealing{locality#6/total}/depthpool/distributedSteals,238,306.364256,[s],1
/workstealing{locality#7/total}/depthpool/distributedSteals,238,306.382442,[s],0
/workstealing{locality#0/total}/depthpool/distributedSteals,239,307.508425,[s],0
/workstealing{locality#1/total}/depthpool/distributedSteals,239,307.514444,[s],0
/workstealing{locality#2/total}/depthpool/distributedSteals,239,307.516240,[s],0
/workstealing{locality#3/total}/depthpool/distributedSteals,239,307.512234,[s],0
/workstealing{locality#4/total}/depthpool/distributedSteals,239,307.524236,[s],0
/workstealing{locality#5/total}/depthpool/distributedSteals,239,307.536222,[s],0
/workstealing{locality#6/total}/depthpool/distributedSteals,239,307.528254,[s],1
/workstealing{locality#7/total}/depthpool/distributedSteals,239,307.530440,[s],0
/workstealing{locality#0/total}/depthpool/distributedSteals,240,308.696240,[s],0
/workstealing{locality#1/total}/depthpool/distributedSteals,240,308.710442,[s],0
/workstealing{locality#2/total}/depthpool/distributedSteals,240,308.692244,[s],0
/workstealing{locality#3/total}/depthpool/distributedSteals,240,308.700222,[s],0
/workstealing{locality#4/total}/depthpool/distributedSteals,240,308.691027,[s],0
/workstealing{locality#5/total}/depthpool/distributedSteals,240,308.695021,[s],0
/workstealing{locality#6/total}/depthpool/distributedSteals,240,308.704246,[s],1
/workstealing{locality#7/total}/depthpool/distributedSteals,240,308.706447,[s],0
/workstealing{locality#0/total}/depthpool/distributedSteals,241,309.836360,[s],0
/workstealing{locality#1/total}/depthpool/distributedSteals,241,309.978446,[s],0
/workstealing{locality#2/total}/depthpool/distributedSteals,241,309.980241,[s],0
/workstealing{locality#3/total}/depthpool/distributedSteals,241,309.968228,[s],0
/workstealing{locality#4/total}/depthpool/distributedSteals,241,309.976240,[s],0
/workstealing{locality#5/total}/depthpool/distributedSteals,241,309.968230,[s],0
/workstealing{locality#6/total}/depthpool/distributedSteals,241,309.988232,[s],1
/workstealing{locality#7/total}/depthpool/distributedSteals,241,309.966444,[s],0
/workstealing{locality#0/total}/depthpool/distributedSteals,242,311.080344,[s],0
/workstealing{locality#1/total}/depthpool/distributedSteals,242,311.086440,[s],0
/workstealing{locality#2/total}/depthpool/distributedSteals,242,311.108247,[s],0
/workstealing{locality#3/total}/depthpool/distributedSteals,242,311.084222,[s],0
/workstealing{locality#4/total}/depthpool/distributedSteals,242,311.092236,[s],0
/workstealing{locality#5/total}/depthpool/distributedSteals,242,311.088223,[s],0
/workstealing{locality#6/total}/depthpool/distributedSteals,242,311.104257,[s],1
/workstealing{locality#7/total}/depthpool/distributedSteals,242,311.078619,[s],0
/workstealing{locality#0/total}/depthpool/distributedSteals,243,312.344344,[s],0
/workstealing{locality#1/total}/depthpool/distributedSteals,243,312.358443,[s],0
/workstealing{locality#2/total}/depthpool/distributedSteals,243,312.344374,[s],0
/workstealing{locality#3/total}/depthpool/distributedSteals,243,312.348222,[s],0
/workstealing{locality#4/total}/depthpool/distributedSteals,243,312.356242,[s],0
/workstealing{locality#5/total}/depthpool/distributedSteals,243,312.344379,[s],0
/workstealing{locality#6/total}/depthpool/distributedSteals,243,312.360244,[s],1
/workstealing{locality#7/total}/depthpool/distributedSteals,243,312.346442,[s],0
/workstealing{locality#0/total}/depthpool/distributedSteals,244,313.524351,[s],0
/workstealing{locality#1/total}/depthpool/distributedSteals,244,313.550430,[s],0
/workstealing{locality#2/total}/depthpool/distributedSteals,244,313.544241,[s],0
/workstealing{locality#3/total}/depthpool/distributedSteals,244,313.528211,[s],0
/workstealing{locality#4/total}/depthpool/distributedSteals,244,313.524411,[s],0
/workstealing{locality#5/total}/depthpool/distributedSteals,244,313.552221,[s],0
/workstealing{locality#6/total}/depthpool/distributedSteals,244,313.540231,[s],1
/workstealing{locality#7/total}/depthpool/distributedSteals,244,313.542440,[s],0
/workstealing{locality#0/total}/depthpool/distributedSteals,245,314.712266,[s],0
/workstealing{locality#1/total}/depthpool/distributedSteals,245,314.734442,[s],0
/workstealing{locality#2/total}/depthpool/distributedSteals,245,314.740245,[s],0
/workstealing{locality#3/total}/depthpool/distributedSteals,245,314.732221,[s],0
/workstealing{locality#4/total}/depthpool/distributedSteals,245,314.728236,[s],0
/workstealing{locality#5/total}/depthpool/distributedSteals,245,314.732226,[s],0
/workstealing{locality#6/total}/depthpool/distributedSteals,245,314.716232,[s],1
/workstealing{locality#7/total}/depthpool/distributedSteals,245,314.714428,[s],0
/workstealing{locality#0/total}/depthpool/distributedSteals,246,315.836338,[s],0
/workstealing{locality#1/total}/depthpool/distributedSteals,246,315.846444,[s],0
/workstealing{locality#2/total}/depthpool/distributedSteals,246,315.864244,[s],0
/workstealing{locality#3/total}/depthpool/distributedSteals,246,315.852224,[s],0
/workstealing{locality#4/total}/depthpool/distributedSteals,246,315.836384,[s],0
/workstealing{locality#5/total}/depthpool/distributedSteals,246,315.864223,[s],0
/workstealing{locality#6/total}/depthpool/distributedSteals,246,315.864244,[s],1
/workstealing{locality#7/total}/depthpool/distributedSteals,246,315.838440,[s],0
/workstealing{locality#0/total}/depthpool/distributedSteals,247,316.908352,[s],0
/workstealing{locality#1/total}/depthpool/distributedSteals,247,316.990444,[s],0
/workstealing{locality#2/total}/depthpool/distributedSteals,247,317.000243,[s],0
/workstealing{locality#3/total}/depthpool/distributedSteals,247,316.984229,[s],0
/workstealing{locality#4/total}/depthpool/distributedSteals,247,317.000252,[s],0
/workstealing{locality#5/total}/depthpool/distributedSteals,247,316.996225,[s],0
/workstealing{locality#6/total}/depthpool/distributedSteals,247,317.004245,[s],1
/workstealing{locality#7/total}/depthpool/distributedSteals,247,317.002441,[s],0
/workstealing{locality#0/total}/depthpool/distributedSteals,248,318.232266,[s],0
/workstealing{locality#1/total}/depthpool/distributedSteals,248,318.282438,[s],0
/workstealing{locality#2/total}/depthpool/distributedSteals,248,318.284275,[s],0
/workstealing{locality#3/total}/depthpool/distributedSteals,248,318.280223,[s],0
/workstealing{locality#4/total}/depthpool/distributedSteals,248,318.288238,[s],0
/workstealing{locality#5/total}/depthpool/distributedSteals,248,318.268226,[s],0
/workstealing{locality#6/total}/depthpool/distributedSteals,248,318.284245,[s],1
/workstealing{locality#7/total}/depthpool/distributedSteals,248,318.282443,[s],0
/workstealing{locality#0/total}/depthpool/distributedSteals,249,319.552263,[s],0
/workstealing{locality#1/total}/depthpool/distributedSteals,249,319.706439,[s],0
/workstealing{locality#2/total}/depthpool/distributedSteals,249,319.692229,[s],0
/workstealing{locality#3/total}/depthpool/distributedSteals,249,319.692221,[s],0
/workstealing{locality#4/total}/depthpool/distributedSteals,249,319.712236,[s],0
/workstealing{locality#5/total}/depthpool/distributedSteals,249,319.708229,[s],0
/workstealing{locality#6/total}/depthpool/distributedSteals,249,319.688305,[s],1
/workstealing{locality#7/total}/depthpool/distributedSteals,249,319.686519,[s],0
/workstealing{locality#0/total}/depthpool/distributedSteals,250,320.816356,[s],0
/workstealing{locality#1/total}/depthpool/distributedSteals,250,320.814576,[s],0
/workstealing{locality#2/total}/depthpool/distributedSteals,250,320.836252,[s],0
/workstealing{locality#3/total}/depthpool/distributedSteals,250,320.816377,[s],0
/workstealing{locality#4/total}/depthpool/distributedSteals,250,320.816410,[s],0
/workstealing{locality#5/total}/depthpool/distributedSteals,250,320.840210,[s],0
/workstealing{locality#6/total}/depthpool/distributedSteals,250,320.816439,[s],1
/workstealing{locality#7/total}/depthpool/distributedSteals,250,320.818441,[s],0
/workstealing{locality#0/total}/depthpool/distributedSteals,251,321.924363,[s],0
/workstealing{locality#1/total}/depthpool/distributedSteals,251,322.008781,[s],0
/workstealing{locality#2/total}/depthpool/distributedSteals,251,322.000250,[s],0
/workstealing{locality#3/total}/depthpool/distributedSteals,251,321.996226,[s],0
/workstealing{locality#4/total}/depthpool/distributedSteals,251,322.012265,[s],0
/workstealing{locality#5/total}/depthpool/distributedSteals,251,321.988270,[s],0
/workstealing{locality#6/total}/depthpool/distributedSteals,251,321.996247,[s],1
/workstealing{locality#7/total}/depthpool/distributedSteals,251,322.006442,[s],0
/workstealing{locality#0/total}/depthpool/distributedSteals,252,323.092368,[s],0
/workstealing{locality#1/total}/depthpool/distributedSteals,252,323.094441,[s],0
/workstealing{locality#2/total}/depthpool/distributedSteals,252,323.104243,[s],0
/workstealing{locality#3/total}/depthpool/distributedSteals,252,323.092383,[s],0
/workstealing{locality#4/total}/depthpool/distributedSteals,252,323.112240,[s],0
/workstealing{locality#5/total}/depthpool/distributedSteals,252,323.100221,[s],0
/workstealing{locality#6/total}/depthpool/distributedSteals,252,323.120244,[s],1
/workstealing{locality#7/total}/depthpool/distributedSteals,252,323.118441,[s],0
/workstealing{locality#0/total}/depthpool/distributedSteals,253,324.216239,[s],0
/workstealing{locality#1/total}/depthpool/distributedSteals,253,324.270444,[s],0
/workstealing{locality#2/total}/depthpool/distributedSteals,253,324.272246,[s],0
/workstealing{locality#3/total}/depthpool/distributedSteals,253,324.260220,[s],0
/workstealing{locality#4/total}/depthpool/distributedSteals,253,324.248241,[s],0
/workstealing{locality#5/total}/depthpool/distributedSteals,253,324.260220,[s],0
/workstealing{locality#6/total}/depthpool/distributedSteals,253,324.248243,[s],1
/workstealing{locality#7/total}/depthpool/distributedSteals,253,324.242502,[s],0
/workstealing{locality#0/total}/depthpool/distributedSteals,254,325.480240,[s],0
/workstealing{locality#1/total}/depthpool/distributedSteals,254,325.538458,[s],0
/workstealing{locality#2/total}/depthpool/distributedSteals,254,325.552245,[s],0
/workstealing{locality#3/total}/depthpool/distributedSteals,254,325.540254,[s],0
/workstealing{locality#4/total}/depthpool/distributedSteals,254,325.552266,[s],0
/workstealing{locality#5/total}/depthpool/distributedSteals,254,325.548221,[s],0
/workstealing{locality#6/total}/depthpool/distributedSteals,254,325.548244,[s],1
/workstealing{locality#7/total}/depthpool/distributedSteals,254,325.562439,[s],0
/workstealing{locality#0/total}/depthpool/distributedSteals,255,326.732348,[s],0
/workstealing{locality#1/total}/depthpool/distributedSteals,255,326.786427,[s],0
/workstealing{locality#2/total}/depthpool/distributedSteals,255,326.792242,[s],0
/workstealing{locality#3/total}/depthpool/distributedSteals,255,326.768221,[s],0
/workstealing{locality#4/total}/depthpool/distributedSteals,255,326.792238,[s],0
/workstealing{locality#5/total}/depthpool/distributedSteals,255,326.780222,[s],0
/workstealing{locality#6/total}/depthpool/distributedSteals,255,326.788246,[s],1
/workstealing{locality#7/total}/depthpool/distributedSteals,255,326.766440,[s],0
/workstealing{locality#0/total}/depthpool/distributedSteals,256,327.884358,[s],0
/workstealing{locality#1/total}/depthpool/distributedSteals,256,327.886446,[s],0
/workstealing{locality#2/total}/depthpool/distributedSteals,256,327.884388,[s],0
/workstealing{locality#3/total}/depthpool/distributedSteals,256,327.892222,[s],0
/workstealing{locality#4/total}/depthpool/distributedSteals,256,327.896237,[s],0
/workstealing{locality#5/total}/depthpool/distributedSteals,256,327.892223,[s],0
/workstealing{locality#6/total}/depthpool/distributedSteals,256,327.904231,[s],1
/workstealing{locality#7/total}/depthpool/distributedSteals,256,327.886439,[s],0
/workstealing{locality#0/total}/depthpool/distributedSteals,257,328.928370,[s],0
/workstealing{locality#1/total}/depthpool/distributedSteals,257,329.118441,[s],0
/workstealing{locality#2/total}/depthpool/distributedSteals,257,329.108249,[s],0
/workstealing{locality#3/total}/depthpool/distributedSteals,257,329.116208,[s],0
/workstealing{locality#4/total}/depthpool/distributedSteals,257,329.132246,[s],0
/workstealing{locality#5/total}/depthpool/distributedSteals,257,329.116223,[s],0
/workstealing{locality#6/total}/depthpool/distributedSteals,257,329.116245,[s],1
/workstealing{locality#7/total}/depthpool/distributedSteals,257,329.114442,[s],0
/workstealing{locality#0/total}/depthpool/distributedSteals,258,330.204348,[s],0
/workstealing{locality#1/total}/depthpool/distributedSteals,258,330.210446,[s],0
/workstealing{locality#2/total}/depthpool/distributedSteals,258,330.208240,[s],0
/workstealing{locality#3/total}/depthpool/distributedSteals,258,330.204362,[s],0
/workstealing{locality#4/total}/depthpool/distributedSteals,258,330.212239,[s],0
/workstealing{locality#5/total}/depthpool/distributedSteals,258,330.228226,[s],0
/workstealing{locality#6/total}/depthpool/distributedSteals,258,330.216243,[s],1
/workstealing{locality#7/total}/depthpool/distributedSteals,258,330.226440,[s],0
/workstealing{locality#0/total}/depthpool/distributedSteals,259,331.384289,[s],0
/workstealing{locality#1/total}/depthpool/distributedSteals,259,331.442446,[s],0
/workstealing{locality#2/total}/depthpool/distributedSteals,259,331.432245,[s],0
/workstealing{locality#3/total}/depthpool/distributedSteals,259,331.452224,[s],0
/workstealing{locality#4/total}/depthpool/distributedSteals,259,331.444241,[s],0
/workstealing{locality#5/total}/depthpool/distributedSteals,259,331.428224,[s],0
/workstealing{locality#6/total}/depthpool/distributedSteals,259,331.428243,[s],1
/workstealing{locality#7/total}/depthpool/distributedSteals,259,331.422520,[s],0
/workstealing{locality#0/total}/depthpool/distributedSteals,260,332.616353,[s],0
/workstealing{locality#1/total}/depthpool/distributedSteals,260,332.738446,[s],0
/workstealing{locality#2/total}/depthpool/distributedSteals,260,332.716247,[s],0
/workstealing{locality#3/total}/depthpool/distributedSteals,260,332.724220,[s],0
/workstealing{locality#4/total}/depthpool/distributedSteals,260,332.732236,[s],0
/workstealing{locality#5/total}/depthpool/distributedSteals,260,332.736225,[s],0
/workstealing{locality#6/total}/depthpool/distributedSteals,260,332.740249,[s],1
/workstealing{locality#7/total}/depthpool/distributedSteals,260,332.714444,[s],0
/workstealing{locality#0/total}/depthpool/distributedSteals,261,333.816269,[s],0
/workstealing{locality#1/total}/depthpool/distributedSteals,261,333.826205,[s],0
/workstealing{locality#2/total}/depthpool/distributedSteals,261,333.840243,[s],0
/workstealing{locality#3/total}/depthpool/distributedSteals,261,333.832209,[s],0
/workstealing{locality#4/total}/depthpool/distributedSteals,261,333.820241,[s],0
/workstealing{locality#5/total}/depthpool/distributedSteals,261,333.816303,[s],0
/workstealing{locality#6/total}/depthpool/distributedSteals,261,333.820244,[s],1
/workstealing{locality#7/total}/depthpool/distributedSteals,261,333.830442,[s],0
/workstealing{locality#0/total}/depthpool/distributedSteals,262,334.952239,[s],0
/workstealing{locality#1/total}/depthpool/distributedSteals,262,335.134445,[s],0
/workstealing{locality#2/total}/depthpool/distributedSteals,262,335.116273,[s],0
/workstealing{locality#3/total}/depthpool/distributedSteals,262,335.140210,[s],0
/workstealing{locality#4/total}/depthpool/distributedSteals,262,335.116297,[s],0
/workstealing{locality#5/total}/depthpool/distributedSteals,262,335.136225,[s],0
/workstealing{locality#6/total}/depthpool/distributedSteals,262,335.128243,[s],1
/workstealing{locality#7/total}/depthpool/distributedSteals,262,335.114530,[s],0
/workstealing{locality#0/total}/depthpool/distributedSteals,263,336.260240,[s],0
/workstealing{locality#1/total}/depthpool/distributedSteals,263,336.322442,[s],0
/workstealing{locality#2/total}/depthpool/distributedSteals,263,336.328247,[s],0
/workstealing{locality#3/total}/depthpool/distributedSteals,263,336.320257,[s],0
/workstealing{locality#4/total}/depthpool/distributedSteals,263,336.332236,[s],0
/workstealing{locality#5/total}/depthpool/distributedSteals,263,336.324210,[s],0
/workstealing{locality#6/total}/depthpool/distributedSteals,263,336.328251,[s],1
/workstealing{locality#7/total}/depthpool/distributedSteals,263,336.318497,[s],0
/workstealing{locality#0/total}/depthpool/distributedSteals,264,337.528345,[s],0
/workstealing{locality#1/total}/depthpool/distributedSteals,264,337.530444,[s],0
/workstealing{locality#2/total}/depthpool/distributedSteals,264,337.552228,[s],0
/workstealing{locality#3/total}/depthpool/distributedSteals,264,337.556224,[s],0
/workstealing{locality#4/total}/depthpool/distributedSteals,264,337.548226,[s],0
/workstealing{locality#5/total}/depthpool/distributedSteals,264,337.528386,[s],0
/workstealing{locality#6/total}/depthpool/distributedSteals,264,337.548252,[s],1
/workstealing{locality#7/total}/depthpool/distributedSteals,264,337.550444,[s],0
/workstealing{locality#0/total}/depthpool/distributedSteals,265,338.672351,[s],0
/workstealing{locality#1/total}/depthpool/distributedSteals,265,338.702449,[s],0
/workstealing{locality#2/total}/depthpool/distributedSteals,265,338.716247,[s],0
/workstealing{locality#3/total}/depthpool/distributedSteals,265,338.704257,[s],0
/workstealing{locality#4/total}/depthpool/distributedSteals,265,338.736224,[s],0
/workstealing{locality#5/total}/depthpool/distributedSteals,265,338.704275,[s],0
/workstealing{locality#6/total}/depthpool/distributedSteals,265,338.724244,[s],1
/workstealing{locality#7/total}/depthpool/distributedSteals,265,338.718442,[s],0
/workstealing{locality#0/total}/depthpool/distributedSteals,266,339.916361,[s],0
/workstealing{locality#1/total}/depthpool/distributedSteals,266,339.930441,[s],0
/workstealing{locality#2/total}/depthpool/distributedSteals,266,339.928240,[s],0
/workstealing{locality#3/total}/depthpool/distributedSteals,266,339.916388,[s],0
/workstealing{locality#4/total}/depthpool/distributedSteals,266,339.916414,[s],0
/workstealing{locality#5/total}/depthpool/distributedSteals,266,339.936223,[s],0
/workstealing{locality#6/total}/depthpool/distributedSteals,266,339.940246,[s],1
/workstealing{locality#7/total}/depthpool/distributedSteals,266,339.938444,[s],0
/workstealing{locality#0/total}/depthpool/distributedSteals,267,341.060375,[s],0
/workstealing{locality#1/total}/depthpool/distributedSteals,267,341.138442,[s],0
/workstealing{locality#2/total}/depthpool/distributedSteals,267,341.144245,[s],0
/workstealing{locality#3/total}/depthpool/distributedSteals,267,341.148212,[s],0
/workstealing{locality#4/total}/depthpool/distributedSteals,267,341.120279,[s],0
/workstealing{locality#5/total}/depthpool/distributedSteals,267,341.148223,[s],0
/workstealing{locality#6/total}/depthpool/distributedSteals,267,341.148247,[s],1
/workstealing{locality#7/total}/depthpool/distributedSteals,267,341.122440,[s],0
/workstealing{locality#0/total}/depthpool/distributedSteals,268,342.324343,[s],0
/workstealing{locality#1/total}/depthpool/distributedSteals,268,342.454429,[s],0
/workstealing{locality#2/total}/depthpool/distributedSteals,268,342.480252,[s],0
/workstealing{locality#3/total}/depthpool/distributedSteals,268,342.464225,[s],0
/workstealing{locality#4/total}/depthpool/distributedSteals,268,342.468240,[s],0
/workstealing{locality#5/total}/depthpool/distributedSteals,268,342.480221,[s],0
/workstealing{locality#6/total}/depthpool/distributedSteals,268,342.472242,[s],1
/workstealing{locality#7/total}/depthpool/distributedSteals,268,342.474441,[s],0
/workstealing{locality#0/total}/depthpool/distributedSteals,269,343.636448,[s],0
/workstealing{locality#1/total}/depthpool/distributedSteals,269,343.662439,[s],0
/workstealing{locality#2/total}/depthpool/distributedSteals,269,343.652241,[s],0
/workstealing{locality#3/total}/depthpool/distributedSteals,269,343.664221,[s],0
/workstealing{locality#4/total}/depthpool/distributedSteals,269,343.648245,[s],0
/workstealing{locality#5/total}/depthpool/distributedSteals,269,343.656223,[s],0
/workstealing{locality#6/total}/depthpool/distributedSteals,269,343.640232,[s],1
/workstealing{locality#7/total}/depthpool/distributedSteals,269,343.634649,[s],0
/workstealing{locality#0/total}/depthpool/distributedSteals,270,344.824237,[s],0
/workstealing{locality#1/total}/depthpool/distributedSteals,270,344.886445,[s],0
/workstealing{locality#2/total}/depthpool/distributedSteals,270,344.884262,[s],0
/workstealing{locality#3/total}/depthpool/distributedSteals,270,344.884246,[s],0
/workstealing{locality#4/total}/depthpool/distributedSteals,270,344.904226,[s],0
/workstealing{locality#5/total}/depthpool/distributedSteals,270,344.904225,[s],0
/workstealing{locality#6/total}/depthpool/distributedSteals,270,344.904244,[s],1
/workstealing{locality#7/total}/depthpool/distributedSteals,270,344.898444,[s],0
/workstealing{locality#0/total}/depthpool/distributedSteals,271,346.100266,[s],0
/workstealing{locality#1/total}/depthpool/distributedSteals,271,346.210440,[s],0
/workstealing{locality#2/total}/depthpool/distributedSteals,271,346.220238,[s],0
/workstealing{locality#3/total}/depthpool/distributedSteals,271,346.196222,[s],0
/workstealing{locality#4/total}/depthpool/distributedSteals,271,346.224237,[s],0
/workstealing{locality#5/total}/depthpool/distributedSteals,271,346.204225,[s],0
/workstealing{locality#6/total}/depthpool/distributedSteals,271,346.212249,[s],1
/workstealing{locality#7/total}/depthpool/distributedSteals,271,346.198444,[s],0
/workstealing{locality#0/total}/depthpool/distributedSteals,272,347.320268,[s],0
/workstealing{locality#1/total}/depthpool/distributedSteals,272,347.434458,[s],0
/workstealing{locality#2/total}/depthpool/distributedSteals,272,347.456244,[s],0
/workstealing{locality#3/total}/depthpool/distributedSteals,272,347.440210,[s],0
/workstealing{locality#4/total}/depthpool/distributedSteals,272,347.456241,[s],0
/workstealing{locality#5/total}/depthpool/distributedSteals,272,347.436297,[s],0
/workstealing{locality#6/total}/depthpool/distributedSteals,272,347.444245,[s],1
/workstealing{locality#7/total}/depthpool/distributedSteals,272,347.434554,[s],0
/workstealing{locality#0/total}/depthpool/distributedSteals,273,348.552355,[s],0
/workstealing{locality#1/total}/depthpool/distributedSteals,273,348.834440,[s],0
/workstealing{locality#2/total}/depthpool/distributedSteals,273,348.832242,[s],0
/workstealing{locality#3/total}/depthpool/distributedSteals,273,348.840220,[s],0
/workstealing{locality#4/total}/depthpool/distributedSteals,273,348.844224,[s],0
/workstealing{locality#5/total}/depthpool/distributedSteals,273,348.828222,[s],0
/workstealing{locality#6/total}/depthpool/distributedSteals,273,348.824251,[s],1
/workstealing{locality#7/total}/depthpool/distributedSteals,273,348.822441,[s],0
/workstealing{locality#0/total}/depthpool/distributedSteals,274,349.988356,[s],0
/workstealing{locality#1/total}/depthpool/distributedSteals,274,350.030428,[s],0
/workstealing{locality#2/total}/depthpool/distributedSteals,274,350.036244,[s],0
/workstealing{locality#3/total}/depthpool/distributedSteals,274,350.024230,[s],0
/workstealing{locality#4/total}/depthpool/distributedSteals,274,350.020287,[s],0
/workstealing{locality#5/total}/depthpool/distributedSteals,274,350.020277,[s],0
/workstealing{locality#6/total}/depthpool/distributedSteals,274,350.032236,[s],1
/workstealing{locality#7/total}/depthpool/distributedSteals,274,350.050429,[s],0
/workstealing{locality#0/total}/depthpool/distributedSteals,275,351.156339,[s],0
/workstealing{locality#1/total}/depthpool/distributedSteals,275,351.302442,[s],0
/workstealing{locality#2/total}/depthpool/distributedSteals,275,351.292241,[s],0
/workstealing{locality#3/total}/depthpool/distributedSteals,275,351.284251,[s],0
/workstealing{locality#4/total}/depthpool/distributedSteals,275,351.300237,[s],0
/workstealing{locality#5/total}/depthpool/distributedSteals,275,351.292224,[s],0
/workstealing{locality#6/total}/depthpool/distributedSteals,275,351.284305,[s],1
/workstealing{locality#7/total}/depthpool/distributedSteals,275,351.326444,[s],0
/workstealing{locality#0/total}/depthpool/distributedSteals,276,352.400269,[s],0
/workstealing{locality#1/total}/depthpool/distributedSteals,276,352.486441,[s],0
/workstealing{locality#2/total}/depthpool/distributedSteals,276,352.468268,[s],0
/workstealing{locality#3/total}/depthpool/distributedSteals,276,352.492222,[s],0
/workstealing{locality#4/total}/depthpool/distributedSteals,276,352.492242,[s],0
/workstealing{locality#5/total}/depthpool/distributedSteals,276,352.468269,[s],0
/workstealing{locality#6/total}/depthpool/distributedSteals,276,352.476243,[s],1
/workstealing{locality#7/total}/depthpool/distributedSteals,276,352.466528,[s],0
/workstealing{locality#0/total}/depthpool/distributedSteals,277,353.584251,[s],0
/workstealing{locality#1/total}/depthpool/distributedSteals,277,353.722443,[s],0
/workstealing{locality#2/total}/depthpool/distributedSteals,277,353.716241,[s],0
/workstealing{locality#3/total}/depthpool/distributedSteals,277,353.724221,[s],0
/workstealing{locality#4/total}/depthpool/distributedSteals,277,353.716235,[s],0
/workstealing{locality#5/total}/depthpool/distributedSteals,277,353.736229,[s],0
/workstealing{locality#6/total}/depthpool/distributedSteals,277,353.716250,[s],1
/workstealing{locality#7/total}/depthpool/distributedSteals,277,353.738427,[s],0
/workstealing{locality#0/total}/depthpool/distributedSteals,278,354.900332,[s],0
/workstealing{locality#1/total}/depthpool/distributedSteals,278,354.906431,[s],0
/workstealing{locality#2/total}/depthpool/distributedSteals,278,354.920241,[s],0
/workstealing{locality#3/total}/depthpool/distributedSteals,278,354.916223,[s],0
/workstealing{locality#4/total}/depthpool/distributedSteals,278,354.900374,[s],0
/workstealing{locality#5/total}/depthpool/distributedSteals,278,354.912221,[s],0
/workstealing{locality#6/total}/depthpool/distributedSteals,278,354.904244,[s],1
/workstealing{locality#7/total}/depthpool/distributedSteals,278,354.898617,[s],0
/workstealing{locality#0/total}/depthpool/distributedSteals,279,356.200355,[s],0
/workstealing{locality#1/total}/depthpool/distributedSteals,279,356.274446,[s],0
/workstealing{locality#2/total}/depthpool/distributedSteals,279,356.284231,[s],0
/workstealing{locality#3/total}/depthpool/distributedSteals,279,356.264253,[s],0
/workstealing{locality#4/total}/depthpool/distributedSteals,279,356.288255,[s],0
/workstealing{locality#5/total}/depthpool/distributedSteals,279,356.280226,[s],0
/workstealing{locality#6/total}/depthpool/distributedSteals,279,356.272246,[s],1
/workstealing{locality#7/total}/depthpool/distributedSteals,279,356.282441,[s],0
/workstealing{locality#0/total}/depthpool/distributedSteals,280,357.636352,[s],0
/workstealing{locality#1/total}/depthpool/distributedSteals,280,357.858442,[s],0
/workstealing{locality#2/total}/depthpool/distributedSteals,280,357.840240,[s],0
/workstealing{locality#3/total}/depthpool/distributedSteals,280,357.840223,[s],0
/workstealing{locality#4/total}/depthpool/distributedSteals,280,357.844241,[s],0
/workstealing{locality#5/total}/depthpool/distributedSteals,280,357.840222,[s],0
/workstealing{locality#6/total}/depthpool/distributedSteals,280,357.836293,[s],1
/workstealing{locality#7/total}/depthpool/distributedSteals,280,357.854443,[s],0
/workstealing{locality#0/total}/depthpool/distributedSteals,281,359.000368,[s],0
/workstealing{locality#1/total}/depthpool/distributedSteals,281,358.998599,[s],0
/workstealing{locality#2/total}/depthpool/distributedSteals,281,359.000399,[s],0
/workstealing{locality#3/total}/depthpool/distributedSteals,281,359.000390,[s],0
/workstealing{locality#4/total}/depthpool/distributedSteals,281,359.024226,[s],0
/workstealing{locality#5/total}/depthpool/distributedSteals,281,359.032210,[s],0
/workstealing{locality#6/total}/depthpool/distributedSteals,281,359.028249,[s],1
/workstealing{locality#7/total}/depthpool/distributedSteals,281,359.002452,[s],0
/workstealing{locality#0/total}/depthpool/distributedSteals,282,360.244345,[s],0
/workstealing{locality#1/total}/depthpool/distributedSteals,282,360.386442,[s],0
/workstealing{locality#2/total}/depthpool/distributedSteals,282,360.392241,[s],0
/workstealing{locality#3/total}/depthpool/distributedSteals,282,360.400221,[s],0
/workstealing{locality#4/total}/depthpool/distributedSteals,282,360.408242,[s],0
/workstealing{locality#5/total}/depthpool/distributedSteals,282,360.372285,[s],0
/workstealing{locality#6/total}/depthpool/distributedSteals,282,360.384247,[s],1
/workstealing{locality#7/total}/depthpool/distributedSteals,282,360.370516,[s],0
/workstealing{locality#0/total}/depthpool/distributedSteals,283,361.504396,[s],0
/workstealing{locality#1/total}/depthpool/distributedSteals,283,361.594444,[s],0
/workstealing{locality#2/total}/depthpool/distributedSteals,283,361.592228,[s],0
/workstealing{locality#3/total}/depthpool/distributedSteals,283,361.576218,[s],0
/workstealing{locality#4/total}/depthpool/distributedSteals,283,361.584246,[s],0
/workstealing{locality#5/total}/depthpool/distributedSteals,283,361.568305,[s],0
/workstealing{locality#6/total}/depthpool/distributedSteals,283,361.588249,[s],1
/workstealing{locality#7/total}/depthpool/distributedSteals,283,361.582447,[s],0
/workstealing{locality#0/total}/depthpool/distributedSteals,284,362.856361,[s],0
/workstealing{locality#1/total}/depthpool/distributedSteals,284,362.917281,[s],0
/workstealing{locality#2/total}/depthpool/distributedSteals,284,362.932241,[s],0
/workstealing{locality#3/total}/depthpool/distributedSteals,284,362.936223,[s],0
/workstealing{locality#4/total}/depthpool/distributedSteals,284,362.936237,[s],0
/workstealing{locality#5/total}/depthpool/distributedSteals,284,362.924221,[s],0
/workstealing{locality#6/total}/depthpool/distributedSteals,284,362.924232,[s],1
/workstealing{locality#7/total}/depthpool/distributedSteals,284,362.930447,[s],0
/workstealing{locality#0/total}/depthpool/distributedSteals,285,364.076388,[s],0
/workstealing{locality#1/total}/depthpool/distributedSteals,285,364.118441,[s],0
/workstealing{locality#2/total}/depthpool/distributedSteals,285,364.132239,[s],0
/workstealing{locality#3/total}/depthpool/distributedSteals,285,364.120227,[s],0
/workstealing{locality#4/total}/depthpool/distributedSteals,285,364.132240,[s],0
/workstealing{locality#5/total}/depthpool/distributedSteals,285,364.132224,[s],0
/workstealing{locality#6/total}/depthpool/distributedSteals,285,364.120249,[s],1
/workstealing{locality#7/total}/depthpool/distributedSteals,285,364.122451,[s],0
/workstealing{locality#0/total}/depthpool/distributedSteals,286,365.344342,[s],0
/workstealing{locality#1/total}/depthpool/distributedSteals,286,365.470464,[s],0
/workstealing{locality#2/total}/depthpool/distributedSteals,286,365.484243,[s],0
/workstealing{locality#3/total}/depthpool/distributedSteals,286,365.496224,[s],0
/workstealing{locality#4/total}/depthpool/distributedSteals,286,365.480235,[s],0
/workstealing{locality#5/total}/depthpool/distributedSteals,286,365.476225,[s],0
/workstealing{locality#6/total}/depthpool/distributedSteals,286,365.500248,[s],1
/workstealing{locality#7/total}/depthpool/distributedSteals,286,365.498444,[s],0
/workstealing{locality#0/total}/depthpool/distributedSteals,287,366.596353,[s],0
/workstealing{locality#1/total}/depthpool/distributedSteals,287,366.726429,[s],0
/workstealing{locality#2/total}/depthpool/distributedSteals,287,366.728242,[s],0
/workstealing{locality#3/total}/depthpool/distributedSteals,287,366.728209,[s],0
/workstealing{locality#4/total}/depthpool/distributedSteals,287,366.732228,[s],0
/workstealing{locality#5/total}/depthpool/distributedSteals,287,366.740223,[s],0
/workstealing{locality#6/total}/depthpool/distributedSteals,287,366.724307,[s],1
/workstealing{locality#7/total}/depthpool/distributedSteals,287,366.722513,[s],0
/workstealing{locality#0/total}/depthpool/distributedSteals,288,367.832406,[s],0
/workstealing{locality#1/total}/depthpool/distributedSteals,288,367.858443,[s],0
/workstealing{locality#2/total}/depthpool/distributedSteals,288,367.840230,[s],0
/workstealing{locality#3/total}/depthpool/distributedSteals,288,367.836225,[s],0
/workstealing{locality#4/total}/depthpool/distributedSteals,288,367.832484,[s],0
/workstealing{locality#5/total}/depthpool/distributedSteals,288,367.848227,[s],0
/workstealing{locality#6/total}/depthpool/distributedSteals,288,367.836257,[s],1
/workstealing{locality#7/total}/depthpool/distributedSteals,288,367.838449,[s],0
/workstealing{locality#0/total}/depthpool/distributedSteals,289,368.984362,[s],0
/workstealing{locality#1/total}/depthpool/distributedSteals,289,369.166444,[s],0
/workstealing{locality#2/total}/depthpool/distributedSteals,289,369.152270,[s],0
/workstealing{locality#3/total}/depthpool/distributedSteals,289,369.176229,[s],0
/workstealing{locality#4/total}/depthpool/distributedSteals,289,369.152300,[s],0
/workstealing{locality#5/total}/depthpool/distributedSteals,289,369.168221,[s],0
/workstealing{locality#6/total}/depthpool/distributedSteals,289,369.180291,[s],1
/workstealing{locality#7/total}/depthpool/distributedSteals,289,369.178428,[s],0
/workstealing{locality#0/total}/depthpool/distributedSteals,290,370.276391,[s],0
/workstealing{locality#1/total}/depthpool/distributedSteals,290,370.310429,[s],0
/workstealing{locality#2/total}/depthpool/distributedSteals,290,370.324251,[s],0
/workstealing{locality#3/total}/depthpool/distributedSteals,290,370.324224,[s],0
/workstealing{locality#4/total}/depthpool/distributedSteals,290,370.320235,[s],0
/workstealing{locality#5/total}/depthpool/distributedSteals,290,370.336220,[s],0
/workstealing{locality#6/total}/depthpool/distributedSteals,290,370.308306,[s],1
/workstealing{locality#7/total}/depthpool/distributedSteals,290,370.306515,[s],0
/workstealing{locality#0/total}/depthpool/distributedSteals,291,371.500239,[s],0
/workstealing{locality#1/total}/depthpool/distributedSteals,291,371.530440,[s],0
/workstealing{locality#2/total}/depthpool/distributedSteals,291,371.524267,[s],0
/workstealing{locality#3/total}/depthpool/distributedSteals,291,371.524253,[s],0
/workstealing{locality#4/total}/depthpool/distributedSteals,291,371.536238,[s],0
/workstealing{locality#5/total}/depthpool/distributedSteals,291,371.548211,[s],0
/workstealing{locality#6/total}/depthpool/distributedSteals,291,371.528248,[s],1
/workstealing{locality#7/total}/depthpool/distributedSteals,291,371.530444,[s],0
/workstealing{locality#0/total}/depthpool/distributedSteals,292,372.660372,[s],0
/workstealing{locality#1/total}/depthpool/distributedSteals,292,372.694444,[s],0
/workstealing{locality#2/total}/depthpool/distributedSteals,292,372.708231,[s],0
/workstealing{locality#3/total}/depthpool/distributedSteals,292,372.700212,[s],0
/workstealing{locality#4/total}/depthpool/distributedSteals,292,372.720238,[s],0
/workstealing{locality#5/total}/depthpool/distributedSteals,292,372.708222,[s],0
/workstealing{locality#6/total}/depthpool/distributedSteals,292,372.696233,[s],1
/workstealing{locality#7/total}/depthpool/distributedSteals,292,372.698444,[s],0
/workstealing{locality#0/total}/depthpool/distributedSteals,293,373.792370,[s],0
/workstealing{locality#1/total}/depthpool/distributedSteals,293,373.802443,[s],0
/workstealing{locality#2/total}/depthpool/distributedSteals,293,373.812237,[s],0
/workstealing{locality#3/total}/depthpool/distributedSteals,293,373.808222,[s],0
/workstealing{locality#4/total}/depthpool/distributedSteals,293,373.800243,[s],0
/workstealing{locality#5/total}/depthpool/distributedSteals,293,373.804220,[s],0
/workstealing{locality#6/total}/depthpool/distributedSteals,293,373.792438,[s],1
/workstealing{locality#7/total}/depthpool/distributedSteals,293,373.798428,[s],0
/workstealing{locality#0/total}/depthpool/distributedSteals,294,374.984358,[s],0
/workstealing{locality#1/total}/depthpool/distributedSteals,294,375.066444,[s],0
/workstealing{locality#2/total}/depthpool/distributedSteals,294,375.068243,[s],0
/workstealing{locality#3/total}/depthpool/distributedSteals,294,375.068225,[s],0
/workstealing{locality#4/total}/depthpool/distributedSteals,294,375.072242,[s],0
/workstealing{locality#5/total}/depthpool/distributedSteals,294,375.056269,[s],0
/workstealing{locality#6/total}/depthpool/distributedSteals,294,375.084244,[s],1
/workstealing{locality#7/total}/depthpool/distributedSteals,294,375.054508,[s],0
/workstealing{locality#0/total}/depthpool/distributedSteals,295,376.192345,[s],0
/workstealing{locality#1/total}/depthpool/distributedSteals,295,376.262439,[s],0
/workstealing{locality#2/total}/depthpool/distributedSteals,295,376.272242,[s],0
/workstealing{locality#3/total}/depthpool/distributedSteals,295,376.276230,[s],0
/workstealing{locality#4/total}/depthpool/distributedSteals,295,376.264234,[s],0
/workstealing{locality#5/total}/depthpool/distributedSteals,295,376.272222,[s],0
/workstealing{locality#6/total}/depthpool/distributedSteals,295,376.256247,[s],1
/workstealing{locality#7/total}/depthpool/distributedSteals,295,376.250497,[s],0
/workstealing{locality#0/total}/depthpool/distributedSteals,296,377.368264,[s],0
/workstealing{locality#1/total}/depthpool/distributedSteals,296,377.466443,[s],0
/workstealing{locality#2/total}/depthpool/distributedSteals,296,377.476242,[s],0
/workstealing{locality#3/total}/depthpool/distributedSteals,296,377.480222,[s],0
/workstealing{locality#4/total}/depthpool/distributedSteals,296,377.468235,[s],0
/workstealing{locality#5/total}/depthpool/distributedSteals,296,377.488222,[s],0
/workstealing{locality#6/total}/depthpool/distributedSteals,296,377.472243,[s],1
/workstealing{locality#7/total}/depthpool/distributedSteals,296,377.462458,[s],0
/workstealing{locality#0/total}/depthpool/distributedSteals,297,378.576344,[s],0
/workstealing{locality#1/total}/depthpool/distributedSteals,297,378.618441,[s],0
/workstealing{locality#2/total}/depthpool/distributedSteals,297,378.600243,[s],0
/workstealing{locality#3/total}/depthpool/distributedSteals,297,378.600225,[s],0
/workstealing{locality#4/total}/depthpool/distributedSteals,297,378.604236,[s],0
/workstealing{locality#5/total}/depthpool/distributedSteals,297,378.576389,[s],0
/workstealing{locality#6/total}/depthpool/distributedSteals,297,378.584245,[s],1
/workstealing{locality#7/total}/depthpool/distributedSteals,297,378.590439,[s],0
/workstealing{locality#0/total}/depthpool/distributedSteals,298,379.716362,[s],0
/workstealing{locality#1/total}/depthpool/distributedSteals,298,379.778457,[s],0
/workstealing{locality#2/total}/depthpool/distributedSteals,298,379.812228,[s],0
/workstealing{locality#3/total}/depthpool/distributedSteals,298,379.780256,[s],0
/workstealing{locality#4/total}/depthpool/distributedSteals,298,379.800235,[s],0
/workstealing{locality#5/total}/depthpool/distributedSteals,298,379.780279,[s],0
/workstealing{locality#6/total}/depthpool/distributedSteals,298,379.796250,[s],1
/workstealing{locality#7/total}/depthpool/distributedSteals,298,379.806451,[s],0
/workstealing{locality#0/total}/depthpool/distributedSteals,299,380.976353,[s],0
/workstealing{locality#1/total}/depthpool/distributedSteals,299,381.010428,[s],0
/workstealing{locality#2/total}/depthpool/distributedSteals,299,381.036251,[s],0
/workstealing{locality#3/total}/depthpool/distributedSteals,299,381.032222,[s],0
/workstealing{locality#4/total}/depthpool/distributedSteals,299,381.024225,[s],0
/workstealing{locality#5/total}/depthpool/distributedSteals,299,381.036226,[s],0
/workstealing{locality#6/total}/depthpool/distributedSteals,299,381.016257,[s],1
/workstealing{locality#7/total}/depthpool/distributedSteals,299,381.010440,[s],0
/workstealing{locality#0/total}/depthpool/distributedSteals,300,382.184347,[s],0
/workstealing{locality#1/total}/depthpool/distributedSteals,300,382.282450,[s],0
/workstealing{locality#2/total}/depthpool/distributedSteals,300,382.316251,[s],0
/workstealing{locality#3/total}/depthpool/distributedSteals,300,382.308221,[s],0
/workstealing{locality#4/total}/depthpool/distributedSteals,300,382.296238,[s],0
/workstealing{locality#5/total}/depthpool/distributedSteals,300,382.300209,[s],0
/workstealing{locality#6/total}/depthpool/distributedSteals,300,382.292244,[s],1
/workstealing{locality#7/total}/depthpool/distributedSteals,300,382.302443,[s],0
/workstealing{locality#0/total}/depthpool/distributedSteals,301,383.412239,[s],0
/workstealing{locality#1/total}/depthpool/distributedSteals,301,383.502451,[s],0
/workstealing{locality#2/total}/depthpool/distributedSteals,301,383.508241,[s],0
/workstealing{locality#3/total}/depthpool/distributedSteals,301,383.512222,[s],0
/workstealing{locality#4/total}/depthpool/distributedSteals,301,383.516235,[s],0
/workstealing{locality#5/total}/depthpool/distributedSteals,301,383.508209,[s],0
/workstealing{locality#6/total}/depthpool/distributedSteals,301,383.504300,[s],1
/workstealing{locality#7/total}/depthpool/distributedSteals,301,383.510428,[s],0
/workstealing{locality#0/total}/depthpool/distributedSteals,302,384.668238,[s],0
/workstealing{locality#1/total}/depthpool/distributedSteals,302,384.750442,[s],0
/workstealing{locality#2/total}/depthpool/distributedSteals,302,384.760250,[s],0
/workstealing{locality#3/total}/depthpool/distributedSteals,302,384.740224,[s],0
/workstealing{locality#4/total}/depthpool/distributedSteals,302,384.740242,[s],0
/workstealing{locality#5/total}/depthpool/distributedSteals,302,384.732262,[s],0
/workstealing{locality#6/total}/depthpool/distributedSteals,302,384.756243,[s],1
/workstealing{locality#7/total}/depthpool/distributedSteals,302,384.734441,[s],0
/workstealing{locality#0/total}/depthpool/distributedSteals,303,385.888381,[s],0
/workstealing{locality#1/total}/depthpool/distributedSteals,303,385.898448,[s],0
/workstealing{locality#2/total}/depthpool/distributedSteals,303,385.908241,[s],0
/workstealing{locality#3/total}/depthpool/distributedSteals,303,385.892221,[s],0
/workstealing{locality#4/total}/depthpool/distributedSteals,303,385.912234,[s],0
/workstealing{locality#5/total}/depthpool/distributedSteals,303,385.896226,[s],0
/workstealing{locality#6/total}/depthpool/distributedSteals,303,385.900241,[s],1
/workstealing{locality#7/total}/depthpool/distributedSteals,303,385.894441,[s],0
/workstealing{locality#0/total}/depthpool/distributedSteals,304,387.248345,[s],0
/workstealing{locality#1/total}/depthpool/distributedSteals,304,387.262442,[s],0
/workstealing{locality#2/total}/depthpool/distributedSteals,304,387.264272,[s],0
/workstealing{locality#3/total}/depthpool/distributedSteals,304,387.272220,[s],0
/workstealing{locality#4/total}/depthpool/distributedSteals,304,387.256223,[s],0
/workstealing{locality#5/total}/depthpool/distributedSteals,304,387.272229,[s],0
/workstealing{locality#6/total}/depthpool/distributedSteals,304,387.264243,[s],1
/workstealing{locality#7/total}/depthpool/distributedSteals,304,387.246612,[s],0
/workstealing{locality#0/total}/depthpool/distributedSteals,305,388.500239,[s],0
/workstealing{locality#1/total}/depthpool/distributedSteals,305,388.674443,[s],0
/workstealing{locality#2/total}/depthpool/distributedSteals,305,388.676247,[s],0
/workstealing{locality#3/total}/depthpool/distributedSteals,305,388.672260,[s],0
/workstealing{locality#4/total}/depthpool/distributedSteals,305,388.676236,[s],0
/workstealing{locality#5/total}/depthpool/distributedSteals,305,388.699022,[s],0
/workstealing{locality#6/total}/depthpool/distributedSteals,305,388.672300,[s],1
/workstealing{locality#7/total}/depthpool/distributedSteals,305,388.682443,[s],0
/workstealing{locality#0/total}/depthpool/distributedSteals,306,389.828348,[s],0
/workstealing{locality#1/total}/depthpool/distributedSteals,306,389.862445,[s],0
/workstealing{locality#2/total}/depthpool/distributedSteals,306,389.868239,[s],0
/workstealing{locality#3/total}/depthpool/distributedSteals,306,389.876226,[s],0
/workstealing{locality#4/total}/depthpool/distributedSteals,306,389.888240,[s],0
/workstealing{locality#5/total}/depthpool/distributedSteals,306,389.860292,[s],0
/workstealing{locality#6/total}/depthpool/distributedSteals,306,389.872243,[s],1
/workstealing{locality#7/total}/depthpool/distributedSteals,306,389.886446,[s],0
/workstealing{locality#0/total}/depthpool/distributedSteals,307,391.028244,[s],0
/workstealing{locality#1/total}/depthpool/distributedSteals,307,391.158440,[s],0
/workstealing{locality#2/total}/depthpool/distributedSteals,307,391.180248,[s],0
/workstealing{locality#3/total}/depthpool/distributedSteals,307,391.172211,[s],0
/workstealing{locality#4/total}/depthpool/distributedSteals,307,391.168237,[s],0
/workstealing{locality#5/total}/depthpool/distributedSteals,307,391.156289,[s],0
/workstealing{locality#6/total}/depthpool/distributedSteals,307,391.164233,[s],1
/workstealing{locality#7/total}/depthpool/distributedSteals,307,391.162440,[s],0
/workstealing{locality#0/total}/depthpool/distributedSteals,308,392.284361,[s],0
/workstealing{locality#1/total}/depthpool/distributedSteals,308,392.286440,[s],0
/workstealing{locality#2/total}/depthpool/distributedSteals,308,392.284322,[s],0
/workstealing{locality#3/total}/depthpool/distributedSteals,308,392.312224,[s],0
/workstealing{locality#4/total}/depthpool/distributedSteals,308,392.284334,[s],0
/workstealing{locality#5/total}/depthpool/distributedSteals,308,392.300209,[s],0
/workstealing{locality#6/total}/depthpool/distributedSteals,308,392.284357,[s],1
/workstealing{locality#7/total}/depthpool/distributedSteals,308,392.310443,[s],0
/workstealing{locality#0/total}/depthpool/distributedSteals,309,393.552349,[s],0
/workstealing{locality#1/total}/depthpool/distributedSteals,309,393.598431,[s],0
/workstealing{locality#2/total}/depthpool/distributedSteals,309,393.588271,[s],0
/workstealing{locality#3/total}/depthpool/distributedSteals,309,393.600221,[s],0
/workstealing{locality#4/total}/depthpool/distributedSteals,309,393.612237,[s],0
/workstealing{locality#5/total}/depthpool/distributedSteals,309,393.588274,[s],0
/workstealing{locality#6/total}/depthpool/distributedSteals,309,393.592246,[s],1
/workstealing{locality#7/total}/depthpool/distributedSteals,309,393.606438,[s],0
/workstealing{locality#0/total}/depthpool/distributedSteals,310,394.920346,[s],0
/workstealing{locality#1/total}/depthpool/distributedSteals,310,395.074453,[s],0
/workstealing{locality#2/total}/depthpool/distributedSteals,310,395.076271,[s],0
/workstealing{locality#3/total}/depthpool/distributedSteals,310,395.100223,[s],0
/workstealing{locality#4/total}/depthpool/distributedSteals,310,395.080236,[s],0
/workstealing{locality#5/total}/depthpool/distributedSteals,310,395.104220,[s],0
/workstealing{locality#6/total}/depthpool/distributedSteals,310,395.080237,[s],1
/workstealing{locality#7/total}/depthpool/distributedSteals,310,395.086442,[s],0
/workstealing{locality#0/total}/depthpool/distributedSteals,311,396.264264,[s],0
/workstealing{locality#1/total}/depthpool/distributedSteals,311,396.354454,[s],0
/workstealing{locality#2/total}/depthpool/distributedSteals,311,396.364246,[s],0
/workstealing{locality#3/total}/depthpool/distributedSteals,311,396.360221,[s],0
/workstealing{locality#4/total}/depthpool/distributedSteals,311,396.368247,[s],0
/workstealing{locality#5/total}/depthpool/distributedSteals,311,396.368225,[s],0
/workstealing{locality#6/total}/depthpool/distributedSteals,311,396.356290,[s],1
/workstealing{locality#7/total}/depthpool/distributedSteals,311,396.366442,[s],0
/workstealing{locality#0/total}/depthpool/distributedSteals,312,397.616354,[s],0
/workstealing{locality#1/total}/depthpool/distributedSteals,312,397.702440,[s],0
/workstealing{locality#2/total}/depthpool/distributedSteals,312,397.700238,[s],0
/workstealing{locality#3/total}/depthpool/distributedSteals,312,397.700224,[s],0
/workstealing{locality#4/total}/depthpool/distributedSteals,312,397.692235,[s],0
/workstealing{locality#5/total}/depthpool/distributedSteals,312,397.696223,[s],0
/workstealing{locality#6/total}/depthpool/distributedSteals,312,397.700248,[s],1
/workstealing{locality#7/total}/depthpool/distributedSteals,312,397.694429,[s],0
/workstealing{locality#0/total}/depthpool/distributedSteals,313,398.908414,[s],0
/workstealing{locality#1/total}/depthpool/distributedSteals,313,398.910439,[s],0
/workstealing{locality#2/total}/depthpool/distributedSteals,313,398.920247,[s],0
/workstealing{locality#3/total}/depthpool/distributedSteals,313,398.924225,[s],0
/workstealing{locality#4/total}/depthpool/distributedSteals,313,398.912225,[s],0
/workstealing{locality#5/total}/depthpool/distributedSteals,313,398.916211,[s],0
/workstealing{locality#6/total}/depthpool/distributedSteals,313,398.912250,[s],1
/workstealing{locality#7/total}/depthpool/distributedSteals,313,398.934433,[s],0
/workstealing{locality#0/total}/depthpool/distributedSteals,314,400.100272,[s],0
/workstealing{locality#1/total}/depthpool/distributedSteals,314,400.294438,[s],0
/workstealing{locality#2/total}/depthpool/distributedSteals,314,400.292281,[s],0
/workstealing{locality#3/total}/depthpool/distributedSteals,314,400.308221,[s],0
/workstealing{locality#4/total}/depthpool/distributedSteals,314,400.292314,[s],0
/workstealing{locality#5/total}/depthpool/distributedSteals,314,400.316221,[s],0
/workstealing{locality#6/total}/depthpool/distributedSteals,314,400.292343,[s],1
/workstealing{locality#7/total}/depthpool/distributedSteals,314,400.290552,[s],0
/workstealing{locality#0/total}/depthpool/distributedSteals,315,401.488263,[s],0
/workstealing{locality#1/total}/depthpool/distributedSteals,315,401.490444,[s],0
/workstealing{locality#2/total}/depthpool/distributedSteals,315,401.508246,[s],0
/workstealing{locality#3/total}/depthpool/distributedSteals,315,401.504219,[s],0
/workstealing{locality#4/total}/depthpool/distributedSteals,315,401.520223,[s],0
/workstealing{locality#5/total}/depthpool/distributedSteals,315,401.504221,[s],0
/workstealing{locality#6/total}/depthpool/distributedSteals,315,401.496246,[s],1
/workstealing{locality#7/total}/depthpool/distributedSteals,315,401.514447,[s],0
/workstealing{locality#0/total}/depthpool/distributedSteals,316,402.648380,[s],0
/workstealing{locality#1/total}/depthpool/distributedSteals,316,402.670446,[s],0
/workstealing{locality#2/total}/depthpool/distributedSteals,316,402.660243,[s],0
/workstealing{locality#3/total}/depthpool/distributedSteals,316,402.660222,[s],0
/workstealing{locality#4/total}/depthpool/distributedSteals,316,402.652233,[s],0
/workstealing{locality#5/total}/depthpool/distributedSteals,316,402.648401,[s],0
/workstealing{locality#6/total}/depthpool/distributedSteals,316,402.676244,[s],1
/workstealing{locality#7/total}/depthpool/distributedSteals,316,402.654441,[s],0
/workstealing{locality#0/total}/depthpool/distributedSteals,317,403.884353,[s],0
/workstealing{locality#1/total}/depthpool/distributedSteals,317,403.882582,[s],0
/workstealing{locality#2/total}/depthpool/distributedSteals,317,403.912246,[s],0
/workstealing{locality#3/total}/depthpool/distributedSteals,317,403.892222,[s],0
/workstealing{locality#4/total}/depthpool/distributedSteals,317,403.908241,[s],0
/workstealing{locality#5/total}/depthpool/distributedSteals,317,403.884382,[s],0
/workstealing{locality#6/total}/depthpool/distributedSteals,317,403.888248,[s],1
/workstealing{locality#7/total}/depthpool/distributedSteals,317,403.914427,[s],0
/workstealing{locality#0/total}/depthpool/distributedSteals,318,405.084268,[s],0
/workstealing{locality#1/total}/depthpool/distributedSteals,318,405.298447,[s],0
/workstealing{locality#2/total}/depthpool/distributedSteals,318,405.304239,[s],0
/workstealing{locality#3/total}/depthpool/distributedSteals,318,405.292221,[s],0
/workstealing{locality#4/total}/depthpool/distributedSteals,318,405.276283,[s],0
/workstealing{locality#5/total}/depthpool/distributedSteals,318,405.284220,[s],0
/workstealing{locality#6/total}/depthpool/distributedSteals,318,405.296244,[s],1
/workstealing{locality#7/total}/depthpool/distributedSteals,318,405.290441,[s],0
/workstealing{locality#0/total}/depthpool/distributedSteals,319,406.372354,[s],0
/workstealing{locality#1/total}/depthpool/distributedSteals,319,406.402459,[s],0
/workstealing{locality#2/total}/depthpool/distributedSteals,319,406.428245,[s],0
/workstealing{locality#3/total}/depthpool/distributedSteals,319,406.412220,[s],0
/workstealing{locality#4/total}/depthpool/distributedSteals,319,406.408237,[s],0
/workstealing{locality#5/total}/depthpool/distributedSteals,319,406.424220,[s],0
/workstealing{locality#6/total}/depthpool/distributedSteals,319,406.408242,[s],1
/workstealing{locality#7/total}/depthpool/distributedSteals,319,406.410441,[s],0
/workstealing{locality#0/total}/depthpool/distributedSteals,320,407.540347,[s],0
/workstealing{locality#1/total}/depthpool/distributedSteals,320,407.570450,[s],0
/workstealing{locality#2/total}/depthpool/distributedSteals,320,407.572258,[s],0
/workstealing{locality#3/total}/depthpool/distributedSteals,320,407.592221,[s],0
/workstealing{locality#4/total}/depthpool/distributedSteals,320,407.588227,[s],0
/workstealing{locality#5/total}/depthpool/distributedSteals,320,407.600221,[s],0
/workstealing{locality#6/total}/depthpool/distributedSteals,320,407.584244,[s],1
/workstealing{locality#7/total}/depthpool/distributedSteals,320,407.578439,[s],0
/workstealing{locality#0/total}/depthpool/distributedSteals,321,408.752376,[s],0
/workstealing{locality#1/total}/depthpool/distributedSteals,321,408.782452,[s],0
/workstealing{locality#2/total}/depthpool/distributedSteals,321,408.812242,[s],0
/workstealing{locality#3/total}/depthpool/distributedSteals,321,408.796222,[s],0
/workstealing{locality#4/total}/depthpool/distributedSteals,321,408.808247,[s],0
/workstealing{locality#5/total}/depthpool/distributedSteals,321,408.784276,[s],0
/workstealing{locality#6/total}/depthpool/distributedSteals,321,408.804245,[s],1
/workstealing{locality#7/total}/depthpool/distributedSteals,321,408.782510,[s],0
/workstealing{locality#0/total}/depthpool/distributedSteals,322,410.036348,[s],0
/workstealing{locality#1/total}/depthpool/distributedSteals,322,410.130454,[s],0
/workstealing{locality#2/total}/depthpool/distributedSteals,322,410.132281,[s],0
/workstealing{locality#3/total}/depthpool/distributedSteals,322,410.152220,[s],0
/workstealing{locality#4/total}/depthpool/distributedSteals,322,410.156244,[s],0
/workstealing{locality#5/total}/depthpool/distributedSteals,322,410.132277,[s],0
/workstealing{locality#6/total}/depthpool/distributedSteals,322,410.136230,[s],1
/workstealing{locality#7/total}/depthpool/distributedSteals,322,410.154441,[s],0
/workstealing{locality#0/total}/depthpool/distributedSteals,323,411.396350,[s],0
/workstealing{locality#1/total}/depthpool/distributedSteals,323,411.502441,[s],0
/workstealing{locality#2/total}/depthpool/distributedSteals,323,411.492267,[s],0
/workstealing{locality#3/total}/depthpool/distributedSteals,323,411.492251,[s],0
/workstealing{locality#4/total}/depthpool/distributedSteals,323,411.516236,[s],0
/workstealing{locality#5/total}/depthpool/distributedSteals,323,411.508223,[s],0
/workstealing{locality#6/total}/depthpool/distributedSteals,323,411.504232,[s],1
/workstealing{locality#7/total}/depthpool/distributedSteals,323,411.498440,[s],0
/workstealing{locality#0/total}/depthpool/distributedSteals,324,412.744422,[s],0
/workstealing{locality#1/total}/depthpool/distributedSteals,324,412.758440,[s],0
/workstealing{locality#2/total}/depthpool/distributedSteals,324,412.744387,[s],0
/workstealing{locality#3/total}/depthpool/distributedSteals,324,412.744370,[s],0
/workstealing{locality#4/total}/depthpool/distributedSteals,324,412.748227,[s],0
/workstealing{locality#5/total}/depthpool/distributedSteals,324,412.764220,[s],0
/workstealing{locality#6/total}/depthpool/distributedSteals,324,412.744414,[s],1
/workstealing{locality#7/total}/depthpool/distributedSteals,324,412.770429,[s],0
/workstealing{locality#0/total}/depthpool/distributedSteals,325,413.988349,[s],0
/workstealing{locality#1/total}/depthpool/distributedSteals,325,414.018458,[s],0
/workstealing{locality#2/total}/depthpool/distributedSteals,325,414.024228,[s],0
/workstealing{locality#3/total}/depthpool/distributedSteals,325,414.024211,[s],0
/workstealing{locality#4/total}/depthpool/distributedSteals,325,414.020287,[s],0
/workstealing{locality#5/total}/depthpool/distributedSteals,325,414.024212,[s],0
/workstealing{locality#6/total}/depthpool/distributedSteals,325,414.020310,[s],1
/workstealing{locality#7/total}/depthpool/distributedSteals,325,414.018519,[s],0
/workstealing{locality#0/total}/depthpool/distributedSteals,326,415.132262,[s],0
/workstealing{locality#1/total}/depthpool/distributedSteals,326,415.166432,[s],0
/workstealing{locality#2/total}/depthpool/distributedSteals,326,415.180242,[s],0
/workstealing{locality#3/total}/depthpool/distributedSteals,326,415.180226,[s],0
/workstealing{locality#4/total}/depthpool/distributedSteals,326,415.164291,[s],0
/workstealing{locality#5/total}/depthpool/distributedSteals,326,415.177105,[s],0
/workstealing{locality#6/total}/depthpool/distributedSteals,326,415.164352,[s],1
/workstealing{locality#7/total}/depthpool/distributedSteals,326,415.190442,[s],0
/workstealing{locality#0/total}/depthpool/distributedSteals,327,416.316238,[s],0
/workstealing{locality#1/total}/depthpool/distributedSteals,327,416.418439,[s],0
/workstealing{locality#2/total}/depthpool/distributedSteals,327,416.416243,[s],0
/workstealing{locality#3/total}/depthpool/distributedSteals,327,416.432224,[s],0
/workstealing{locality#4/total}/depthpool/distributedSteals,327,416.432238,[s],0
/workstealing{locality#5/total}/depthpool/distributedSteals,327,416.416222,[s],0
/workstealing{locality#6/total}/depthpool/distributedSteals,327,416.408321,[s],1
/workstealing{locality#7/total}/depthpool/distributedSteals,327,416.414432,[s],0
/workstealing{locality#0/total}/depthpool/distributedSteals,328,417.560346,[s],0
/workstealing{locality#1/total}/depthpool/distributedSteals,328,417.810439,[s],0
/workstealing{locality#2/total}/depthpool/distributedSteals,328,417.816229,[s],0
/workstealing{locality#3/total}/depthpool/distributedSteals,328,417.804223,[s],0
/workstealing{locality#4/total}/depthpool/distributedSteals,328,417.800234,[s],0
/workstealing{locality#5/total}/depthpool/distributedSteals,328,417.788226,[s],0
/workstealing{locality#6/total}/depthpool/distributedSteals,328,417.804245,[s],1
/workstealing{locality#7/total}/depthpool/distributedSteals,328,417.814430,[s],0
/workstealing{locality#0/total}/depthpool/distributedSteals,329,418.928356,[s],0
/workstealing{locality#1/total}/depthpool/distributedSteals,329,419.042446,[s],0
/workstealing{locality#2/total}/depthpool/distributedSteals,329,419.048242,[s],0
/workstealing{locality#3/total}/depthpool/distributedSteals,329,419.024241,[s],0
/workstealing{locality#4/total}/depthpool/distributedSteals,329,419.028237,[s],0
/workstealing{locality#5/total}/depthpool/distributedSteals,329,419.048224,[s],0
/workstealing{locality#6/total}/depthpool/distributedSteals,329,419.028248,[s],1
/workstealing{locality#7/total}/depthpool/distributedSteals,329,419.042438,[s],0
/workstealing{locality#0/total}/depthpool/distributedSteals,330,420.159303,[s],0
/workstealing{locality#1/total}/depthpool/distributedSteals,330,420.190459,[s],0
/workstealing{locality#2/total}/depthpool/distributedSteals,330,420.212244,[s],0
/workstealing{locality#3/total}/depthpool/distributedSteals,330,420.192258,[s],0
/workstealing{locality#4/total}/depthpool/distributedSteals,330,420.196239,[s],0
/workstealing{locality#5/total}/depthpool/distributedSteals,330,420.204226,[s],0
/workstealing{locality#6/total}/depthpool/distributedSteals,330,420.224232,[s],1
/workstealing{locality#7/total}/depthpool/distributedSteals,330,420.194439,[s],0
/workstealing{locality#0/total}/depthpool/distributedSteals,331,421.288347,[s],0
/workstealing{locality#1/total}/depthpool/distributedSteals,331,421.330467,[s],0
/workstealing{locality#2/total}/depthpool/distributedSteals,331,421.332238,[s],0
/workstealing{locality#3/total}/depthpool/distributedSteals,331,421.332209,[s],0
/workstealing{locality#4/total}/depthpool/distributedSteals,331,421.320279,[s],0
/workstealing{locality#5/total}/depthpool/distributedSteals,331,421.332219,[s],0
/workstealing{locality#6/total}/depthpool/distributedSteals,331,421.348244,[s],1
/workstealing{locality#7/total}/depthpool/distributedSteals,331,421.322440,[s],0
/workstealing{locality#0/total}/depthpool/distributedSteals,332,422.564238,[s],0
/workstealing{locality#1/total}/depthpool/distributedSteals,332,422.602441,[s],0
/workstealing{locality#2/total}/depthpool/distributedSteals,332,422.596244,[s],0
/workstealing{locality#3/total}/depthpool/distributedSteals,332,422.612222,[s],0
/workstealing{locality#4/total}/depthpool/distributedSteals,332,422.616225,[s],0
/workstealing{locality#5/total}/depthpool/distributedSteals,332,422.612224,[s],0
/workstealing{locality#6/total}/depthpool/distributedSteals,332,422.620234,[s],1
/workstealing{locality#7/total}/depthpool/distributedSteals,332,422.590508,[s],0
/workstealing{locality#0/total}/depthpool/distributedSteals,333,423.884356,[s],0
/workstealing{locality#1/total}/depthpool/distributedSteals,333,423.890441,[s],0
/workstealing{locality#2/total}/depthpool/distributedSteals,333,423.896248,[s],0
/workstealing{locality#3/total}/depthpool/distributedSteals,333,423.884374,[s],0
/workstealing{locality#4/total}/depthpool/distributedSteals,333,423.940225,[s],0
/workstealing{locality#5/total}/depthpool/distributedSteals,333,423.896220,[s],0
/workstealing{locality#6/total}/depthpool/distributedSteals,333,423.908246,[s],1
/workstealing{locality#7/total}/depthpool/distributedSteals,333,423.906439,[s],0
/workstealing{locality#0/total}/depthpool/distributedSteals,334,425.080350,[s],0
/workstealing{locality#1/total}/depthpool/distributedSteals,334,425.158432,[s],0
/workstealing{locality#2/total}/depthpool/distributedSteals,334,425.148247,[s],0
/workstealing{locality#3/total}/depthpool/distributedSteals,334,425.152223,[s],0
/workstealing{locality#4/total}/depthpool/distributedSteals,334,425.168241,[s],0
/workstealing{locality#5/total}/depthpool/distributedSteals,334,425.156221,[s],0
/workstealing{locality#6/total}/depthpool/distributedSteals,334,425.160243,[s],1
/workstealing{locality#7/total}/depthpool/distributedSteals,334,425.158430,[s],0
/workstealing{locality#0/total}/depthpool/distributedSteals,335,426.440238,[s],0
/workstealing{locality#1/total}/depthpool/distributedSteals,335,426.622444,[s],0
/workstealing{locality#2/total}/depthpool/distributedSteals,335,426.608229,[s],0
/workstealing{locality#3/total}/depthpool/distributedSteals,335,426.616221,[s],0
/workstealing{locality#4/total}/depthpool/distributedSteals,335,426.620240,[s],0
/workstealing{locality#5/total}/depthpool/distributedSteals,335,426.620209,[s],0
/workstealing{locality#6/total}/depthpool/distributedSteals,335,426.616247,[s],1
/workstealing{locality#7/total}/depthpool/distributedSteals,335,426.626447,[s],0
/workstealing{locality#0/total}/depthpool/distributedSteals,336,427.824385,[s],0
/workstealing{locality#1/total}/depthpool/distributedSteals,336,427.974439,[s],0
/workstealing{locality#2/total}/depthpool/distributedSteals,336,427.956241,[s],0
/workstealing{locality#3/total}/depthpool/distributedSteals,336,427.956223,[s],0
/workstealing{locality#4/total}/depthpool/distributedSteals,336,427.952291,[s],0
/workstealing{locality#5/total}/depthpool/distributedSteals,336,427.976223,[s],0
/workstealing{locality#6/total}/depthpool/distributedSteals,336,427.952309,[s],1
/workstealing{locality#7/total}/depthpool/distributedSteals,336,427.978444,[s],0
/workstealing{locality#0/total}/depthpool/distributedSteals,337,429.152238,[s],0
/workstealing{locality#1/total}/depthpool/distributedSteals,337,429.226440,[s],0
/workstealing{locality#2/total}/depthpool/distributedSteals,337,429.216242,[s],0
/workstealing{locality#3/total}/depthpool/distributedSteals,337,429.204269,[s],0
/workstealing{locality#4/total}/depthpool/distributedSteals,337,429.204286,[s],0
/workstealing{locality#5/total}/depthpool/distributedSteals,337,429.232225,[s],0
/workstealing{locality#6/total}/depthpool/distributedSteals,337,429.236242,[s],1
/workstealing{locality#7/total}/depthpool/distributedSteals,337,429.214440,[s],0
/workstealing{locality#0/total}/depthpool/distributedSteals,338,430.692344,[s],0
/workstealing{locality#1/total}/depthpool/distributedSteals,338,430.730440,[s],0
/workstealing{locality#2/total}/depthpool/distributedSteals,338,430.740241,[s],0
/workstealing{locality#3/total}/depthpool/distributedSteals,338,430.728221,[s],0
/workstealing{locality#4/total}/depthpool/distributedSteals,338,430.736240,[s],0
/workstealing{locality#5/total}/depthpool/distributedSteals,338,430.752208,[s],0
/workstealing{locality#6/total}/depthpool/distributedSteals,338,430.724310,[s],1
/workstealing{locality#7/total}/depthpool/distributedSteals,338,430.738492,[s],0
/workstealing{locality#0/total}/depthpool/distributedSteals,339,431.984358,[s],0
/workstealing{locality#1/total}/depthpool/distributedSteals,339,431.982583,[s],0
/workstealing{locality#2/total}/depthpool/distributedSteals,339,432.004238,[s],0
/workstealing{locality#3/total}/depthpool/distributedSteals,339,432.012220,[s],0
/workstealing{locality#4/total}/depthpool/distributedSteals,339,431.984409,[s],0
/workstealing{locality#5/total}/depthpool/distributedSteals,339,431.984408,[s],0
/workstealing{locality#6/total}/depthpool/distributedSteals,339,432.012231,[s],1
/workstealing{locality#7/total}/depthpool/distributedSteals,339,431.982635,[s],0
/workstealing{locality#0/total}/depthpool/distributedSteals,340,433.264263,[s],0
/workstealing{locality#1/total}/depthpool/distributedSteals,340,433.274440,[s],0
/workstealing{locality#2/total}/depthpool/distributedSteals,340,433.292230,[s],0
/workstealing{locality#3/total}/depthpool/distributedSteals,340,433.280223,[s],0
/workstealing{locality#4/total}/depthpool/distributedSteals,340,433.284239,[s],0
/workstealing{locality#5/total}/depthpool/distributedSteals,340,433.268222,[s],0
/workstealing{locality#6/total}/depthpool/distributedSteals,340,433.264349,[s],1
/workstealing{locality#7/total}/depthpool/distributedSteals,340,433.290450,[s],0
/workstealing{locality#0/total}/depthpool/distributedSteals,341,434.328349,[s],0
/workstealing{locality#1/total}/depthpool/distributedSteals,341,434.358447,[s],0
/workstealing{locality#2/total}/depthpool/distributedSteals,341,434.360275,[s],0
/workstealing{locality#3/total}/depthpool/distributedSteals,341,434.380220,[s],0
/workstealing{locality#4/total}/depthpool/distributedSteals,341,434.368236,[s],0
/workstealing{locality#5/total}/depthpool/distributedSteals,341,434.384210,[s],0
/workstealing{locality#6/total}/depthpool/distributedSteals,341,434.368252,[s],1
/workstealing{locality#7/total}/depthpool/distributedSteals,341,434.370441,[s],0
/workstealing{locality#0/total}/depthpool/distributedSteals,342,436.092239,[s],0
/workstealing{locality#1/total}/depthpool/distributedSteals,342,436.170442,[s],0
/workstealing{locality#2/total}/depthpool/distributedSteals,342,436.184227,[s],0
/workstealing{locality#3/total}/depthpool/distributedSteals,342,436.152255,[s],0
/workstealing{locality#4/total}/depthpool/distributedSteals,342,436.172225,[s],0
/workstealing{locality#5/total}/depthpool/distributedSteals,342,436.160254,[s],0
/workstealing{locality#6/total}/depthpool/distributedSteals,342,436.160247,[s],1
/workstealing{locality#7/total}/depthpool/distributedSteals,342,436.154443,[s],0
/workstealing{locality#0/total}/depthpool/distributedSteals,343,437.368348,[s],0
/workstealing{locality#1/total}/depthpool/distributedSteals,343,437.430454,[s],0
/workstealing{locality#2/total}/depthpool/distributedSteals,343,437.448240,[s],0
/workstealing{locality#3/total}/depthpool/distributedSteals,343,437.448224,[s],0
/workstealing{locality#4/total}/depthpool/distributedSteals,343,437.436226,[s],0
/workstealing{locality#5/total}/depthpool/distributedSteals,343,437.452225,[s],0
/workstealing{locality#6/total}/depthpool/distributedSteals,343,437.436233,[s],1
/workstealing{locality#7/total}/depthpool/distributedSteals,343,437.446439,[s],0
/workstealing{locality#0/total}/depthpool/distributedSteals,344,438.672267,[s],0
/workstealing{locality#1/total}/depthpool/distributedSteals,344,438.670490,[s],0
/workstealing{locality#2/total}/depthpool/distributedSteals,344,438.696242,[s],0
/workstealing{locality#3/total}/depthpool/distributedSteals,344,438.684208,[s],0
/workstealing{locality#4/total}/depthpool/distributedSteals,344,438.696233,[s],0
/workstealing{locality#5/total}/depthpool/distributedSteals,344,438.700221,[s],0
/workstealing{locality#6/total}/depthpool/distributedSteals,344,438.700249,[s],1
/workstealing{locality#7/total}/depthpool/distributedSteals,344,438.690440,[s],0
/workstealing{locality#0/total}/depthpool/distributedSteals,345,440.004347,[s],0
/workstealing{locality#1/total}/depthpool/distributedSteals,345,440.054441,[s],0
/workstealing{locality#2/total}/depthpool/distributedSteals,345,440.040267,[s],0
/workstealing{locality#3/total}/depthpool/distributedSteals,345,440.056222,[s],0
/workstealing{locality#4/total}/depthpool/distributedSteals,345,440.068239,[s],0
/workstealing{locality#5/total}/depthpool/distributedSteals,345,440.052231,[s],0
/workstealing{locality#6/total}/depthpool/distributedSteals,345,440.060254,[s],1
/workstealing{locality#7/total}/depthpool/distributedSteals,345,440.042441,[s],0
/workstealing{locality#0/total}/depthpool/distributedSteals,346,441.288358,[s],0
/workstealing{locality#1/total}/depthpool/distributedSteals,346,441.310441,[s],0
/workstealing{locality#2/total}/depthpool/distributedSteals,346,441.288404,[s],0
/workstealing{locality#3/total}/depthpool/distributedSteals,346,441.288389,[s],0
/workstealing{locality#4/total}/depthpool/distributedSteals,346,441.296240,[s],0
/workstealing{locality#5/total}/depthpool/distributedSteals,346,441.288435,[s],0
/workstealing{locality#6/total}/depthpool/distributedSteals,346,441.304232,[s],1
/workstealing{locality#7/total}/depthpool/distributedSteals,346,441.286665,[s],0
/workstealing{locality#0/total}/depthpool/distributedSteals,347,442.416339,[s],0
/workstealing{locality#1/total}/depthpool/distributedSteals,347,442.430452,[s],0
/workstealing{locality#2/total}/depthpool/distributedSteals,347,442.452231,[s],0
/workstealing{locality#3/total}/depthpool/distributedSteals,347,442.440222,[s],0
/workstealing{locality#4/total}/depthpool/distributedSteals,347,442.428239,[s],0
/workstealing{locality#5/total}/depthpool/distributedSteals,347,442.436223,[s],0
/workstealing{locality#6/total}/depthpool/distributedSteals,347,442.436245,[s],1
/workstealing{locality#7/total}/depthpool/distributedSteals,347,442.438442,[s],0
/workstealing{locality#0/total}/depthpool/distributedSteals,348,443.860352,[s],0
/workstealing{locality#1/total}/depthpool/distributedSteals,348,443.890440,[s],0
/workstealing{locality#2/total}/depthpool/distributedSteals,348,443.864241,[s],0
/workstealing{locality#3/total}/depthpool/distributedSteals,348,443.876221,[s],0
/workstealing{locality#4/total}/depthpool/distributedSteals,348,443.876225,[s],0
/workstealing{locality#5/total}/depthpool/distributedSteals,348,443.884221,[s],0
/workstealing{locality#6/total}/depthpool/distributedSteals,348,443.888240,[s],1
/workstealing{locality#7/total}/depthpool/distributedSteals,348,443.858650,[s],0
/workstealing{locality#0/total}/depthpool/distributedSteals,349,444.956415,[s],0
/workstealing{locality#1/total}/depthpool/distributedSteals,349,444.958442,[s],0
/workstealing{locality#2/total}/depthpool/distributedSteals,349,444.956382,[s],0
/workstealing{locality#3/total}/depthpool/distributedSteals,349,444.968228,[s],0
/workstealing{locality#4/total}/depthpool/distributedSteals,349,444.976241,[s],0
/workstealing{locality#5/total}/depthpool/distributedSteals,349,444.980225,[s],0
/workstealing{locality#6/total}/depthpool/distributedSteals,349,444.968243,[s],1
/workstealing{locality#7/total}/depthpool/distributedSteals,349,444.958441,[s],0
/workstealing{locality#0/total}/depthpool/distributedSteals,350,446.420356,[s],0
/workstealing{locality#1/total}/depthpool/distributedSteals,350,446.486441,[s],0
/workstealing{locality#2/total}/depthpool/distributedSteals,350,446.508257,[s],0
/workstealing{locality#3/total}/depthpool/distributedSteals,350,446.484262,[s],0
/workstealing{locality#4/total}/depthpool/distributedSteals,350,446.488236,[s],0
/workstealing{locality#5/total}/depthpool/distributedSteals,350,446.500230,[s],0
/workstealing{locality#6/total}/depthpool/distributedSteals,350,446.488250,[s],1
/workstealing{locality#7/total}/depthpool/distributedSteals,350,446.506444,[s],0
/workstealing{locality#0/total}/depthpool/distributedSteals,351,447.596345,[s],0
/workstealing{locality#1/total}/depthpool/distributedSteals,351,447.610442,[s],0
/workstealing{locality#2/total}/depthpool/distributedSteals,351,447.600242,[s],0
/workstealing{locality#3/total}/depthpool/distributedSteals,351,447.620220,[s],0
/workstealing{locality#4/total}/depthpool/distributedSteals,351,447.612237,[s],0
/workstealing{locality#5/total}/depthpool/distributedSteals,351,447.612223,[s],0
/workstealing{locality#6/total}/depthpool/distributedSteals,351,447.608245,[s],1
/workstealing{locality#7/total}/depthpool/distributedSteals,351,447.606439,[s],0
/workstealing{locality#0/total}/depthpool/distributedSteals,352,448.728349,[s],0
/workstealing{locality#1/total}/depthpool/distributedSteals,352,448.750437,[s],0
/workstealing{locality#2/total}/depthpool/distributedSteals,352,448.744240,[s],0
/workstealing{locality#3/total}/depthpool/distributedSteals,352,448.732223,[s],0
/workstealing{locality#4/total}/depthpool/distributedSteals,352,448.740239,[s],0
/workstealing{locality#5/total}/depthpool/distributedSteals,352,448.744229,[s],0
/workstealing{locality#6/total}/depthpool/distributedSteals,352,448.736247,[s],1
/workstealing{locality#7/total}/depthpool/distributedSteals,352,448.746445,[s],0
/workstealing{locality#0/total}/depthpool/distributedSteals,353,449.904364,[s],0
/workstealing{locality#1/total}/depthpool/distributedSteals,353,450.002439,[s],0
/workstealing{locality#2/total}/depthpool/distributedSteals,353,450.008243,[s],0
/workstealing{locality#3/total}/depthpool/distributedSteals,353,450.008224,[s],0
/workstealing{locality#4/total}/depthpool/distributedSteals,353,450.020244,[s],0
/workstealing{locality#5/total}/depthpool/distributedSteals,353,450.004223,[s],0
/workstealing{locality#6/total}/depthpool/distributedSteals,353,450.008248,[s],1
/workstealing{locality#7/total}/depthpool/distributedSteals,353,450.006445,[s],0
/workstealing{locality#0/total}/depthpool/distributedSteals,354,451.248266,[s],0
/workstealing{locality#1/total}/depthpool/distributedSteals,354,451.458441,[s],0
/workstealing{locality#2/total}/depthpool/distributedSteals,354,451.468281,[s],0
/workstealing{locality#3/total}/depthpool/distributedSteals,354,451.440439,[s],0
/workstealing{locality#4/total}/depthpool/distributedSteals,354,451.460226,[s],0
/workstealing{locality#5/total}/depthpool/distributedSteals,354,451.448226,[s],0
/workstealing{locality#6/total}/depthpool/distributedSteals,354,451.452245,[s],1
/workstealing{locality#7/total}/depthpool/distributedSteals,354,451.442465,[s],0
/workstealing{locality#0/total}/depthpool/distributedSteals,355,452.572354,[s],0
/workstealing{locality#1/total}/depthpool/distributedSteals,355,452.618444,[s],0
/workstealing{locality#2/total}/depthpool/distributedSteals,355,452.628240,[s],0
/workstealing{locality#3/total}/depthpool/distributedSteals,355,452.616221,[s],0
/workstealing{locality#4/total}/depthpool/distributedSteals,355,452.620236,[s],0
/workstealing{locality#5/total}/depthpool/distributedSteals,355,452.604259,[s],0
/workstealing{locality#6/total}/depthpool/distributedSteals,355,452.604285,[s],1
/workstealing{locality#7/total}/depthpool/distributedSteals,355,452.614445,[s],0
/workstealing{locality#0/total}/depthpool/distributedSteals,356,453.812350,[s],0
/workstealing{locality#1/total}/depthpool/distributedSteals,356,453.910440,[s],0
/workstealing{locality#2/total}/depthpool/distributedSteals,356,453.896241,[s],0
/workstealing{locality#3/total}/depthpool/distributedSteals,356,453.908210,[s],0
/workstealing{locality#4/total}/depthpool/distributedSteals,356,453.916236,[s],0
/workstealing{locality#5/total}/depthpool/distributedSteals,356,453.908221,[s],0
/workstealing{locality#6/total}/depthpool/distributedSteals,356,453.888321,[s],1
/workstealing{locality#7/total}/depthpool/distributedSteals,356,453.910432,[s],0
/workstealing{locality#0/total}/depthpool/distributedSteals,357,455.164364,[s],0
/workstealing{locality#1/total}/depthpool/distributedSteals,357,455.346441,[s],0
/workstealing{locality#2/total}/depthpool/distributedSteals,357,455.340246,[s],0
/workstealing{locality#3/total}/depthpool/distributedSteals,357,455.336227,[s],0
/workstealing{locality#4/total}/depthpool/distributedSteals,357,455.344238,[s],0
/workstealing{locality#5/total}/depthpool/distributedSteals,357,455.336224,[s],0
/workstealing{locality#6/total}/depthpool/distributedSteals,357,455.340244,[s],1
/workstealing{locality#7/total}/depthpool/distributedSteals,357,455.330432,[s],0
/workstealing{locality#0/total}/depthpool/distributedSteals,358,456.532238,[s],0
/workstealing{locality#1/total}/depthpool/distributedSteals,358,456.706442,[s],0
/workstealing{locality#2/total}/depthpool/distributedSteals,358,456.696240,[s],0
/workstealing{locality#3/total}/depthpool/distributedSteals,358,456.716221,[s],0
/workstealing{locality#4/total}/depthpool/distributedSteals,358,456.708225,[s],0
/workstealing{locality#5/total}/depthpool/distributedSteals,358,456.704232,[s],0
/workstealing{locality#6/total}/depthpool/distributedSteals,358,456.704242,[s],1
/workstealing{locality#7/total}/depthpool/distributedSteals,358,456.718428,[s],0
/workstealing{locality#0/total}/depthpool/distributedSteals,359,457.860239,[s],0
/workstealing{locality#1/total}/depthpool/distributedSteals,359,458.046451,[s],0
/workstealing{locality#2/total}/depthpool/distributedSteals,359,458.052243,[s],0
/workstealing{locality#3/total}/depthpool/distributedSteals,359,458.048244,[s],0
/workstealing{locality#4/total}/depthpool/distributedSteals,359,458.072238,[s],0
/workstealing{locality#5/total}/depthpool/distributedSteals,359,458.076225,[s],0
/workstealing{locality#6/total}/depthpool/distributedSteals,359,458.060246,[s],1
/workstealing{locality#7/total}/depthpool/distributedSteals,359,458.062445,[s],0
/workstealing{locality#0/total}/depthpool/distributedSteals,360,459.184356,[s],0
/workstealing{locality#1/total}/depthpool/distributedSteals,360,459.254439,[s],0
/workstealing{locality#2/total}/depthpool/distributedSteals,360,459.256238,[s],0
/workstealing{locality#3/total}/depthpool/distributedSteals,360,459.264228,[s],0
/workstealing{locality#4/total}/depthpool/distributedSteals,360,459.268238,[s],0
/workstealing{locality#5/total}/depthpool/distributedSteals,360,459.248266,[s],0
/workstealing{locality#6/total}/depthpool/distributedSteals,360,459.248300,[s],1
/workstealing{locality#7/total}/depthpool/distributedSteals,360,459.246505,[s],0
/workstealing{locality#0/total}/depthpool/distributedSteals,361,460.444361,[s],0
/workstealing{locality#1/total}/depthpool/distributedSteals,361,460.462441,[s],0
/workstealing{locality#2/total}/depthpool/distributedSteals,361,460.460241,[s],0
/workstealing{locality#3/total}/depthpool/distributedSteals,361,460.452223,[s],0
/workstealing{locality#4/total}/depthpool/distributedSteals,361,460.452235,[s],0
/workstealing{locality#5/total}/depthpool/distributedSteals,361,460.468221,[s],0
/workstealing{locality#6/total}/depthpool/distributedSteals,361,460.444455,[s],1
/workstealing{locality#7/total}/depthpool/distributedSteals,361,460.462441,[s],0
/workstealing{locality#0/total}/depthpool/distributedSteals,362,461.612333,[s],0
/workstealing{locality#1/total}/depthpool/distributedSteals,362,461.634445,[s],0
/workstealing{locality#2/total}/depthpool/distributedSteals,362,461.616240,[s],0
/workstealing{locality#3/total}/depthpool/distributedSteals,362,461.644212,[s],0
/workstealing{locality#4/total}/depthpool/distributedSteals,362,461.616234,[s],0
/workstealing{locality#5/total}/depthpool/distributedSteals,362,461.616228,[s],0
/workstealing{locality#6/total}/depthpool/distributedSteals,362,461.616246,[s],1
/workstealing{locality#7/total}/depthpool/distributedSteals,362,461.614447,[s],0
/workstealing{locality#0/total}/depthpool/distributedSteals,363,462.660238,[s],0
/workstealing{locality#1/total}/depthpool/distributedSteals,363,462.738428,[s],0
/workstealing{locality#2/total}/depthpool/distributedSteals,363,462.734240,[s],0
/workstealing{locality#3/total}/depthpool/distributedSteals,363,462.752222,[s],0
/workstealing{locality#4/total}/depthpool/distributedSteals,363,462.752239,[s],0
/workstealing{locality#5/total}/depthpool/distributedSteals,363,462.744226,[s],0
/workstealing{locality#6/total}/depthpool/distributedSteals,363,462.728244,[s],1
/workstealing{locality#7/total}/depthpool/distributedSteals,363,462.746443,[s],0
/workstealing{locality#0/total}/depthpool/distributedSteals,364,463.864268,[s],0
/workstealing{locality#1/total}/depthpool/distributedSteals,364,463.946442,[s],0
/workstealing{locality#2/total}/depthpool/distributedSteals,364,463.956241,[s],0
/workstealing{locality#3/total}/depthpool/distributedSteals,364,463.932258,[s],0
/workstealing{locality#4/total}/depthpool/distributedSteals,364,463.932276,[s],0
/workstealing{locality#5/total}/depthpool/distributedSteals,364,463.936225,[s],0
/workstealing{locality#6/total}/depthpool/distributedSteals,364,463.956251,[s],1
/workstealing{locality#7/total}/depthpool/distributedSteals,364,463.930512,[s],0
/workstealing{locality#0/total}/depthpool/distributedSteals,365,465.032358,[s],0
/workstealing{locality#1/total}/depthpool/distributedSteals,365,465.218430,[s],0
/workstealing{locality#2/total}/depthpool/distributedSteals,365,465.196245,[s],0
/workstealing{locality#3/total}/depthpool/distributedSteals,365,465.192260,[s],0
/workstealing{locality#4/total}/depthpool/distributedSteals,365,465.196235,[s],0
/workstealing{locality#5/total}/depthpool/distributedSteals,365,465.196208,[s],0
/workstealing{locality#6/total}/depthpool/distributedSteals,365,465.220235,[s],1
/workstealing{locality#7/total}/depthpool/distributedSteals,365,465.214447,[s],0
/workstealing{locality#0/total}/depthpool/distributedSteals,366,466.324352,[s],0
/workstealing{locality#1/total}/depthpool/distributedSteals,366,466.370429,[s],0
/workstealing{locality#2/total}/depthpool/distributedSteals,366,466.384239,[s],0
/workstealing{locality#3/total}/depthpool/distributedSteals,366,466.356258,[s],0
/workstealing{locality#4/total}/depthpool/distributedSteals,366,466.388223,[s],0
/workstealing{locality#5/total}/depthpool/distributedSteals,366,466.364222,[s],0
/workstealing{locality#6/total}/depthpool/distributedSteals,366,466.364254,[s],1
/workstealing{locality#7/total}/depthpool/distributedSteals,366,466.354511,[s],0
/workstealing{locality#0/total}/depthpool/distributedSteals,367,467.504407,[s],0
/workstealing{locality#1/total}/depthpool/distributedSteals,367,467.510445,[s],0
/workstealing{locality#2/total}/depthpool/distributedSteals,367,467.524243,[s],0
/workstealing{locality#3/total}/depthpool/distributedSteals,367,467.504367,[s],0
/workstealing{locality#4/total}/depthpool/distributedSteals,367,467.508238,[s],0
/workstealing{locality#5/total}/depthpool/distributedSteals,367,467.504381,[s],0
/workstealing{locality#6/total}/depthpool/distributedSteals,367,467.528243,[s],1
/workstealing{locality#7/total}/depthpool/distributedSteals,367,467.506448,[s],0
/workstealing{locality#0/total}/depthpool/distributedSteals,368,468.684367,[s],0
/workstealing{locality#1/total}/depthpool/distributedSteals,368,468.710441,[s],0
/workstealing{locality#2/total}/depthpool/distributedSteals,368,468.700244,[s],0
/workstealing{locality#3/total}/depthpool/distributedSteals,368,468.696226,[s],0
/workstealing{locality#4/total}/depthpool/distributedSteals,368,468.712225,[s],0
/workstealing{locality#5/total}/depthpool/distributedSteals,368,468.704211,[s],0
/workstealing{locality#6/total}/depthpool/distributedSteals,368,468.712247,[s],1
/workstealing{locality#7/total}/depthpool/distributedSteals,368,468.694444,[s],0
/workstealing{locality#0/total}/depthpool/distributedSteals,369,469.880239,[s],0
/workstealing{locality#1/total}/depthpool/distributedSteals,369,469.946441,[s],0
/workstealing{locality#2/total}/depthpool/distributedSteals,369,469.936263,[s],0
/workstealing{locality#3/total}/depthpool/distributedSteals,369,469.948227,[s],0
/workstealing{locality#4/total}/depthpool/distributedSteals,369,469.960238,[s],0
/workstealing{locality#5/total}/depthpool/distributedSteals,369,469.952229,[s],0
/workstealing{locality#6/total}/depthpool/distributedSteals,369,469.940244,[s],1
/workstealing{locality#7/total}/depthpool/distributedSteals,369,469.942442,[s],0
/workstealing{locality#0/total}/depthpool/distributedSteals,370,471.180265,[s],0
/workstealing{locality#1/total}/depthpool/distributedSteals,370,471.298439,[s],0
/workstealing{locality#2/total}/depthpool/distributedSteals,370,471.288252,[s],0
/workstealing{locality#3/total}/depthpool/distributedSteals,370,471.276258,[s],0
/workstealing{locality#4/total}/depthpool/distributedSteals,370,471.300238,[s],0
/workstealing{locality#5/total}/depthpool/distributedSteals,370,471.292228,[s],0
/workstealing{locality#6/total}/depthpool/distributedSteals,370,471.284250,[s],1
/workstealing{locality#7/total}/depthpool/distributedSteals,370,471.294445,[s],0
/workstealing{locality#0/total}/depthpool/distributedSteals,371,472.600240,[s],0
/workstealing{locality#1/total}/depthpool/distributedSteals,371,472.730431,[s],0
/workstealing{locality#2/total}/depthpool/distributedSteals,371,472.752241,[s],0
/workstealing{locality#3/total}/depthpool/distributedSteals,371,472.756226,[s],0
/workstealing{locality#4/total}/depthpool/distributedSteals,371,472.728277,[s],0
/workstealing{locality#5/total}/depthpool/distributedSteals,371,472.744228,[s],0
/workstealing{locality#6/total}/depthpool/distributedSteals,371,472.748244,[s],1
/workstealing{locality#7/total}/depthpool/distributedSteals,371,472.738440,[s],0
/workstealing{locality#0/total}/depthpool/distributedSteals,372,473.932238,[s],0
/workstealing{locality#1/total}/depthpool/distributedSteals,372,473.958451,[s],0
/workstealing{locality#2/total}/depthpool/distributedSteals,372,473.984230,[s],0
/workstealing{locality#3/total}/depthpool/distributedSteals,372,473.976224,[s],0
/workstealing{locality#4/total}/depthpool/distributedSteals,372,473.980224,[s],0
/workstealing{locality#5/total}/depthpool/distributedSteals,372,473.976224,[s],0
/workstealing{locality#6/total}/depthpool/distributedSteals,372,473.960301,[s],1
/workstealing{locality#7/total}/depthpool/distributedSteals,372,473.970442,[s],0
/workstealing{locality#0/total}/depthpool/distributedSteals,373,475.204348,[s],0
/workstealing{locality#1/total}/depthpool/distributedSteals,373,475.302444,[s],0
/workstealing{locality#2/total}/depthpool/distributedSteals,373,475.276262,[s],0
/workstealing{locality#3/total}/depthpool/distributedSteals,373,475.284224,[s],0
/workstealing{locality#4/total}/depthpool/distributedSteals,373,475.308235,[s],0
/workstealing{locality#5/total}/depthpool/distributedSteals,373,475.296226,[s],0
/workstealing{locality#6/total}/depthpool/distributedSteals,373,475.276306,[s],1
/workstealing{locality#7/total}/depthpool/distributedSteals,373,475.294447,[s],0
/workstealing{locality#0/total}/depthpool/distributedSteals,374,476.400363,[s],0
/workstealing{locality#1/total}/depthpool/distributedSteals,374,476.414440,[s],0
/workstealing{locality#2/total}/depthpool/distributedSteals,374,476.428228,[s],0
/workstealing{locality#3/total}/depthpool/distributedSteals,374,476.400391,[s],0
/workstealing{locality#4/total}/depthpool/distributedSteals,374,476.428240,[s],0
/workstealing{locality#5/total}/depthpool/distributedSteals,374,476.404223,[s],0
/workstealing{locality#6/total}/depthpool/distributedSteals,374,476.412247,[s],1
/workstealing{locality#7/total}/depthpool/distributedSteals,374,476.406427,[s],0
/workstealing{locality#0/total}/depthpool/distributedSteals,375,477.804264,[s],0
/workstealing{locality#1/total}/depthpool/distributedSteals,375,478.134451,[s],0
/workstealing{locality#2/total}/depthpool/distributedSteals,375,478.128241,[s],0
/workstealing{locality#3/total}/depthpool/distributedSteals,375,478.120254,[s],0
/workstealing{locality#4/total}/depthpool/distributedSteals,375,478.128240,[s],0
/workstealing{locality#5/total}/depthpool/distributedSteals,375,478.116275,[s],0
/workstealing{locality#6/total}/depthpool/distributedSteals,375,478.124234,[s],1
/workstealing{locality#7/total}/depthpool/distributedSteals,375,478.142442,[s],0
/workstealing{locality#0/total}/depthpool/distributedSteals,376,479.248384,[s],0
/workstealing{locality#1/total}/depthpool/distributedSteals,376,479.314448,[s],0
/workstealing{locality#2/total}/depthpool/distributedSteals,376,479.328229,[s],0
/workstealing{locality#3/total}/depthpool/distributedSteals,376,479.312261,[s],0
/workstealing{locality#4/total}/depthpool/distributedSteals,376,479.316238,[s],0
/workstealing{locality#5/total}/depthpool/distributedSteals,376,479.316226,[s],0
/workstealing{locality#6/total}/depthpool/distributedSteals,376,479.316233,[s],1
/workstealing{locality#7/total}/depthpool/distributedSteals,376,479.330441,[s],0
/workstealing{locality#0/total}/depthpool/distributedSteals,377,480.588351,[s],0
/workstealing{locality#1/total}/depthpool/distributedSteals,377,480.666442,[s],0
/workstealing{locality#2/total}/depthpool/distributedSteals,377,480.672256,[s],0
/workstealing{locality#3/total}/depthpool/distributedSteals,377,480.672222,[s],0
/workstealing{locality#4/total}/depthpool/distributedSteals,377,480.668240,[s],0
/workstealing{locality#5/total}/depthpool/distributedSteals,377,480.672224,[s],0
/workstealing{locality#6/total}/depthpool/distributedSteals,377,480.660253,[s],1
/workstealing{locality#7/total}/depthpool/distributedSteals,377,480.654443,[s],0
/workstealing{locality#0/total}/depthpool/distributedSteals,378,481.844390,[s],0
/workstealing{locality#1/total}/depthpool/distributedSteals,378,481.854444,[s],0
/workstealing{locality#2/total}/depthpool/distributedSteals,378,481.872244,[s],0
/workstealing{locality#3/total}/depthpool/distributedSteals,378,481.844446,[s],0
/workstealing{locality#4/total}/depthpool/distributedSteals,378,481.868239,[s],0
/workstealing{locality#5/total}/depthpool/distributedSteals,378,481.860226,[s],0
/workstealing{locality#6/total}/depthpool/distributedSteals,378,481.844517,[s],1
/workstealing{locality#7/total}/depthpool/distributedSteals,378,481.866430,[s],0
/workstealing{locality#0/total}/depthpool/distributedSteals,379,483.004378,[s],0
/workstealing{locality#1/total}/depthpool/distributedSteals,379,483.062442,[s],0
/workstealing{locality#2/total}/depthpool/distributedSteals,379,483.040228,[s],0
/workstealing{locality#3/total}/depthpool/distributedSteals,379,483.048227,[s],0
/workstealing{locality#4/total}/depthpool/distributedSteals,379,483.052234,[s],0
/workstealing{locality#5/total}/depthpool/distributedSteals,379,483.060221,[s],0
/workstealing{locality#6/total}/depthpool/distributedSteals,379,483.036313,[s],1
/workstealing{locality#7/total}/depthpool/distributedSteals,379,483.038438,[s],0
/workstealing{locality#0/total}/depthpool/distributedSteals,380,484.180264,[s],0
/workstealing{locality#1/total}/depthpool/distributedSteals,380,484.302474,[s],0
/workstealing{locality#2/total}/depthpool/distributedSteals,380,484.288243,[s],2
/workstealing{locality#3/total}/depthpool/distributedSteals,380,484.276252,[s],0
/workstealing{locality#4/total}/depthpool/distributedSteals,380,484.292237,[s],0
/workstealing{locality#5/total}/depthpool/distributedSteals,380,484.288231,[s],0
/workstealing{locality#6/total}/depthpool/distributedSteals,380,484.292251,[s],1
/workstealing{locality#7/total}/depthpool/distributedSteals,380,484.290444,[s],1
/workstealing{locality#0/total}/depthpool/distributedSteals,381,485.364238,[s],0
/workstealing{locality#1/total}/depthpool/distributedSteals,381,485.450441,[s],0
/workstealing{locality#2/total}/depthpool/distributedSteals,381,485.436232,[s],2
/workstealing{locality#3/total}/depthpool/distributedSteals,381,485.444221,[s],0
/workstealing{locality#4/total}/depthpool/distributedSteals,381,485.424291,[s],0
/workstealing{locality#5/total}/depthpool/distributedSteals,381,485.424280,[s],0
/workstealing{locality#6/total}/depthpool/distributedSteals,381,485.432243,[s],1
/workstealing{locality#7/total}/depthpool/distributedSteals,381,485.438450,[s],1
/workstealing{locality#0/total}/depthpool/distributedSteals,382,486.588239,[s],0
/workstealing{locality#1/total}/depthpool/distributedSteals,382,486.622442,[s],0
/workstealing{locality#2/total}/depthpool/distributedSteals,382,486.620254,[s],2
/workstealing{locality#3/total}/depthpool/distributedSteals,382,486.632223,[s],0
/workstealing{locality#4/total}/depthpool/distributedSteals,382,486.636237,[s],0
/workstealing{locality#5/total}/depthpool/distributedSteals,382,486.628224,[s],0
/workstealing{locality#6/total}/depthpool/distributedSteals,382,486.616348,[s],1
/workstealing{locality#7/total}/depthpool/distributedSteals,382,486.626441,[s],1
/workstealing{locality#0/total}/depthpool/distributedSteals,383,487.756350,[s],0
/workstealing{locality#1/total}/depthpool/distributedSteals,383,487.874441,[s],0
/workstealing{locality#2/total}/depthpool/distributedSteals,383,487.864241,[s],2
/workstealing{locality#3/total}/depthpool/distributedSteals,383,487.884227,[s],0
/workstealing{locality#4/total}/depthpool/distributedSteals,383,487.864235,[s],0
/workstealing{locality#5/total}/depthpool/distributedSteals,383,487.864227,[s],0
/workstealing{locality#6/total}/depthpool/distributedSteals,383,487.872247,[s],1
/workstealing{locality#7/total}/depthpool/distributedSteals,383,487.878439,[s],1
/workstealing{locality#0/total}/depthpool/distributedSteals,384,489.060265,[s],0
/workstealing{locality#1/total}/depthpool/distributedSteals,384,489.058491,[s],0
/workstealing{locality#2/total}/depthpool/distributedSteals,384,489.072229,[s],2
/workstealing{locality#3/total}/depthpool/distributedSteals,384,489.088231,[s],0
/workstealing{locality#4/total}/depthpool/distributedSteals,384,489.072238,[s],0
/workstealing{locality#5/total}/depthpool/distributedSteals,384,489.088220,[s],0
/workstealing{locality#6/total}/depthpool/distributedSteals,384,489.068244,[s],1
/workstealing{locality#7/total}/depthpool/distributedSteals,384,489.070449,[s],1
/workstealing{locality#0/total}/depthpool/distributedSteals,385,490.428238,[s],0
/workstealing{locality#1/total}/depthpool/distributedSteals,385,490.578440,[s],0
/workstealing{locality#2/total}/depthpool/distributedSteals,385,490.572232,[s],2
/workstealing{locality#3/total}/depthpool/distributedSteals,385,490.556269,[s],0
/workstealing{locality#4/total}/depthpool/distributedSteals,385,490.564245,[s],0
/workstealing{locality#5/total}/depthpool/distributedSteals,385,490.564223,[s],0
/workstealing{locality#6/total}/depthpool/distributedSteals,385,490.564242,[s],1
/workstealing{locality#7/total}/depthpool/distributedSteals,385,490.574441,[s],1
/workstealing{locality#0/total}/depthpool/distributedSteals,386,491.948359,[s],0
/workstealing{locality#1/total}/depthpool/distributedSteals,386,492.014450,[s],0
/workstealing{locality#2/total}/depthpool/distributedSteals,386,492.048241,[s],2
/workstealing{locality#3/total}/depthpool/distributedSteals,386,492.044267,[s],0
/workstealing{locality#4/total}/depthpool/distributedSteals,386,492.068236,[s],0
/workstealing{locality#5/total}/depthpool/distributedSteals,386,492.056220,[s],0
/workstealing{locality#6/total}/depthpool/distributedSteals,386,492.044327,[s],1
/workstealing{locality#7/total}/depthpool/distributedSteals,386,492.058440,[s],1
/workstealing{locality#0/total}/depthpool/distributedSteals,387,493.252346,[s],0
/workstealing{locality#1/total}/depthpool/distributedSteals,387,493.350451,[s],0
/workstealing{locality#2/total}/depthpool/distributedSteals,387,493.364241,[s],2
/workstealing{locality#3/total}/depthpool/distributedSteals,387,493.360227,[s],0
/workstealing{locality#4/total}/depthpool/distributedSteals,387,493.384237,[s],0
/workstealing{locality#5/total}/depthpool/distributedSteals,387,493.356210,[s],0
/workstealing{locality#6/total}/depthpool/distributedSteals,387,493.372248,[s],1
/workstealing{locality#7/total}/depthpool/distributedSteals,387,493.354430,[s],1
/workstealing{locality#0/total}/depthpool/distributedSteals,388,494.476356,[s],0
/workstealing{locality#1/total}/depthpool/distributedSteals,388,494.578441,[s],0
/workstealing{locality#2/total}/depthpool/distributedSteals,388,494.584246,[s],2
/workstealing{locality#3/total}/depthpool/distributedSteals,388,494.580224,[s],0
/workstealing{locality#4/total}/depthpool/distributedSteals,388,494.560225,[s],0
/workstealing{locality#5/total}/depthpool/distributedSteals,388,494.576210,[s],0
/workstealing{locality#6/total}/depthpool/distributedSteals,388,494.556322,[s],1
/workstealing{locality#7/total}/depthpool/distributedSteals,388,494.570440,[s],1
/workstealing{locality#0/total}/depthpool/distributedSteals,389,495.792353,[s],0
/workstealing{locality#1/total}/depthpool/distributedSteals,389,495.798441,[s],0
/workstealing{locality#2/total}/depthpool/distributedSteals,389,495.792384,[s],2
/workstealing{locality#3/total}/depthpool/distributedSteals,389,495.816223,[s],0
/workstealing{locality#4/total}/depthpool/distributedSteals,389,495.808238,[s],0
/workstealing{locality#5/total}/depthpool/distributedSteals,389,495.796222,[s],0
/workstealing{locality#6/total}/depthpool/distributedSteals,389,495.804250,[s],1
/workstealing{locality#7/total}/depthpool/distributedSteals,389,495.794445,[s],1
/workstealing{locality#0/total}/depthpool/distributedSteals,390,497.012346,[s],0
/workstealing{locality#1/total}/depthpool/distributedSteals,390,497.038447,[s],0
/workstealing{locality#2/total}/depthpool/distributedSteals,390,497.012379,[s],2
/workstealing{locality#3/total}/depthpool/distributedSteals,390,497.012375,[s],0
/workstealing{locality#4/total}/depthpool/distributedSteals,390,497.040239,[s],0
/workstealing{locality#5/total}/depthpool/distributedSteals,390,497.032224,[s],0
/workstealing{locality#6/total}/depthpool/distributedSteals,390,497.032245,[s],1
/workstealing{locality#7/total}/depthpool/distributedSteals,390,497.026445,[s],1
/workstealing{locality#0/total}/depthpool/distributedSteals,391,498.224366,[s],0
/workstealing{locality#1/total}/depthpool/distributedSteals,391,498.230443,[s],6
/workstealing{locality#2/total}/depthpool/distributedSteals,391,498.232242,[s],2
/workstealing{locality#3/total}/depthpool/distributedSteals,391,498.252209,[s],5
/workstealing{locality#4/total}/depthpool/distributedSteals,391,498.252245,[s],0
/workstealing{locality#5/total}/depthpool/distributedSteals,391,498.244222,[s],5
/workstealing{locality#6/total}/depthpool/distributedSteals,391,498.224433,[s],1
/workstealing{locality#7/total}/depthpool/distributedSteals,391,498.250441,[s],3
/workstealing{locality#0/total}/depthpool/distributedSteals,392,499.412369,[s],0
/workstealing{locality#1/total}/depthpool/distributedSteals,392,499.414441,[s],6
/workstealing{locality#2/total}/depthpool/distributedSteals,392,499.412400,[s],2
/workstealing{locality#3/total}/depthpool/distributedSteals,392,499.424226,[s],5
/workstealing{locality#4/total}/depthpool/distributedSteals,392,499.424247,[s],0
/workstealing{locality#5/total}/depthpool/distributedSteals,392,499.428221,[s],5
/workstealing{locality#6/total}/depthpool/distributedSteals,392,499.424247,[s],1
/workstealing{locality#7/total}/depthpool/distributedSteals,392,499.414443,[s],3
/workstealing{locality#0/total}/depthpool/distributedSteals,393,500.648357,[s],0
/workstealing{locality#1/total}/depthpool/distributedSteals,393,500.810457,[s],6
/workstealing{locality#2/total}/depthpool/distributedSteals,393,500.812282,[s],2
/workstealing{locality#3/total}/depthpool/distributedSteals,393,500.820223,[s],5
/workstealing{locality#4/total}/depthpool/distributedSteals,393,500.816240,[s],0
/workstealing{locality#5/total}/depthpool/distributedSteals,393,500.832224,[s],5
/workstealing{locality#6/total}/depthpool/distributedSteals,393,500.824249,[s],1
/workstealing{locality#7/total}/depthpool/distributedSteals,393,500.826440,[s],3
/workstealing{locality#0/total}/depthpool/distributedSteals,394,502.020270,[s],0
/workstealing{locality#1/total}/depthpool/distributedSteals,394,502.138438,[s],6
/workstealing{locality#2/total}/depthpool/distributedSteals,394,502.128240,[s],2
/workstealing{locality#3/total}/depthpool/distributedSteals,394,502.144222,[s],5
/workstealing{locality#4/total}/depthpool/distributedSteals,394,502.140236,[s],0
/workstealing{locality#5/total}/depthpool/distributedSteals,394,502.136231,[s],5
/workstealing{locality#6/total}/depthpool/distributedSteals,394,502.136232,[s],1
/workstealing{locality#7/total}/depthpool/distributedSteals,394,502.146440,[s],3
/workstealing{locality#0/total}/depthpool/distributedSteals,395,503.268368,[s],0
/workstealing{locality#1/total}/depthpool/distributedSteals,395,503.294441,[s],6
/workstealing{locality#2/total}/depthpool/distributedSteals,395,503.284243,[s],2
/workstealing{locality#3/total}/depthpool/distributedSteals,395,503.292222,[s],5
/workstealing{locality#4/total}/depthpool/distributedSteals,395,503.292236,[s],0
/workstealing{locality#5/total}/depthpool/distributedSteals,395,503.268413,[s],5
/workstealing{locality#6/total}/depthpool/distributedSteals,395,503.296232,[s],1
/workstealing{locality#7/total}/depthpool/distributedSteals,395,503.294448,[s],3
/workstealing{locality#0/total}/depthpool/distributedSteals,396,504.468344,[s],0
/workstealing{locality#1/total}/depthpool/distributedSteals,396,504.494443,[s],6
/workstealing{locality#2/total}/depthpool/distributedSteals,396,504.508244,[s],2
/workstealing{locality#3/total}/depthpool/distributedSteals,396,504.488210,[s],5
/workstealing{locality#4/total}/depthpool/distributedSteals,396,504.472234,[s],0
/workstealing{locality#5/total}/depthpool/distributedSteals,396,504.492219,[s],5
/workstealing{locality#6/total}/depthpool/distributedSteals,396,504.492270,[s],1
/workstealing{locality#7/total}/depthpool/distributedSteals,396,504.482440,[s],3
/workstealing{locality#0/total}/depthpool/distributedSteals,397,505.572358,[s],0
/workstealing{locality#1/total}/depthpool/distributedSteals,397,505.574443,[s],6
/workstealing{locality#2/total}/depthpool/distributedSteals,397,505.576238,[s],2
/workstealing{locality#3/total}/depthpool/distributedSteals,397,505.596221,[s],5
/workstealing{locality#4/total}/depthpool/distributedSteals,397,505.596236,[s],0
/workstealing{locality#5/total}/depthpool/distributedSteals,397,505.604210,[s],5
/workstealing{locality#6/total}/depthpool/distributedSteals,397,505.572429,[s],1
/workstealing{locality#7/total}/depthpool/distributedSteals,397,505.574441,[s],3
/workstealing{locality#0/total}/depthpool/distributedSteals,398,506.700265,[s],0
/workstealing{locality#1/total}/depthpool/distributedSteals,398,506.934455,[s],6
/workstealing{locality#2/total}/depthpool/distributedSteals,398,506.936278,[s],2
/workstealing{locality#3/total}/depthpool/distributedSteals,398,506.940229,[s],5
/workstealing{locality#4/total}/depthpool/distributedSteals,398,506.944261,[s],0
/workstealing{locality#5/total}/depthpool/distributedSteals,398,506.960230,[s],5
/workstealing{locality#6/total}/depthpool/distributedSteals,398,506.944231,[s],1
/workstealing{locality#7/total}/depthpool/distributedSteals,398,506.942450,[s],3
/workstealing{locality#0/total}/depthpool/distributedSteals,399,508.212237,[s],0
/workstealing{locality#1/total}/depthpool/distributedSteals,399,508.258478,[s],6
/workstealing{locality#2/total}/depthpool/distributedSteals,399,508.260237,[s],2
/workstealing{locality#3/total}/depthpool/distributedSteals,399,508.240258,[s],5
/workstealing{locality#4/total}/depthpool/distributedSteals,399,508.256236,[s],0
/workstealing{locality#5/total}/depthpool/distributedSteals,399,508.268222,[s],5
/workstealing{locality#6/total}/depthpool/distributedSteals,399,508.260252,[s],1
/workstealing{locality#7/total}/depthpool/distributedSteals,399,508.238504,[s],3
/workstealing{locality#0/total}/depthpool/distributedSteals,400,509.376349,[s],0
/workstealing{locality#1/total}/depthpool/distributedSteals,400,509.486443,[s],6
/workstealing{locality#2/total}/depthpool/distributedSteals,400,509.492239,[s],2
/workstealing{locality#3/total}/depthpool/distributedSteals,400,509.496225,[s],5
/workstealing{locality#4/total}/depthpool/distributedSteals,400,509.480238,[s],0
/workstealing{locality#5/total}/depthpool/distributedSteals,400,509.488223,[s],5
/workstealing{locality#6/total}/depthpool/distributedSteals,400,509.468311,[s],1
/workstealing{locality#7/total}/depthpool/distributedSteals,400,509.494465,[s],3
/workstealing{locality#0/total}/depthpool/distributedSteals,401,510.652348,[s],0
/workstealing{locality#1/total}/depthpool/distributedSteals,401,510.674429,[s],6
/workstealing{locality#2/total}/depthpool/distributedSteals,401,510.660243,[s],2
/workstealing{locality#3/total}/depthpool/distributedSteals,401,510.664221,[s],5
/workstealing{locality#4/total}/depthpool/distributedSteals,401,510.652387,[s],0
/workstealing{locality#5/total}/depthpool/distributedSteals,401,510.664211,[s],5
/workstealing{locality#6/total}/depthpool/distributedSteals,401,510.660246,[s],1
/workstealing{locality#7/total}/depthpool/distributedSteals,401,510.650623,[s],3
/workstealing{locality#0/total}/depthpool/distributedSteals,402,511.752349,[s],0
/workstealing{locality#1/total}/depthpool/distributedSteals,402,511.774444,[s],6
/workstealing{locality#2/total}/depthpool/distributedSteals,402,511.780245,[s],2
/workstealing{locality#3/total}/depthpool/distributedSteals,402,511.760224,[s],5
/workstealing{locality#4/total}/depthpool/distributedSteals,402,511.772227,[s],0
/workstealing{locality#5/total}/depthpool/distributedSteals,402,511.764222,[s],5
/workstealing{locality#6/total}/depthpool/distributedSteals,402,511.752416,[s],1
/workstealing{locality#7/total}/depthpool/distributedSteals,402,511.770444,[s],3
/workstealing{locality#0/total}/depthpool/distributedSteals,403,512.936362,[s],0
/workstealing{locality#1/total}/depthpool/distributedSteals,403,513.038445,[s],6
/workstealing{locality#2/total}/depthpool/distributedSteals,403,513.040247,[s],2
/workstealing{locality#3/total}/depthpool/distributedSteals,403,513.036208,[s],5
/workstealing{locality#4/total}/depthpool/distributedSteals,403,513.064224,[s],0
/workstealing{locality#5/total}/depthpool/distributedSteals,403,513.036222,[s],5
/workstealing{locality#6/total}/depthpool/distributedSteals,403,513.032306,[s],1
/workstealing{locality#7/total}/depthpool/distributedSteals,403,513.042439,[s],3
/workstealing{locality#0/total}/depthpool/distributedSteals,404,514.160354,[s],0
/workstealing{locality#1/total}/depthpool/distributedSteals,404,514.222456,[s],6
/workstealing{locality#2/total}/depthpool/distributedSteals,404,514.224269,[s],2
/workstealing{locality#3/total}/depthpool/distributedSteals,404,514.244211,[s],5
/workstealing{locality#4/total}/depthpool/distributedSteals,404,514.240239,[s],0
/workstealing{locality#5/total}/depthpool/distributedSteals,404,514.224290,[s],5
/workstealing{locality#6/total}/depthpool/distributedSteals,404,514.232272,[s],1
/workstealing{locality#7/total}/depthpool/distributedSteals,404,514.230444,[s],3
/workstealing{locality#0/total}/depthpool/distributedSteals,405,515.496337,[s],0
/workstealing{locality#1/total}/depthpool/distributedSteals,405,515.590455,[s],6
/workstealing{locality#2/total}/depthpool/distributedSteals,405,515.620230,[s],2
/workstealing{locality#3/total}/depthpool/distributedSteals,405,515.596222,[s],5
/workstealing{locality#4/total}/depthpool/distributedSteals,405,515.592277,[s],0
/workstealing{locality#5/total}/depthpool/distributedSteals,405,515.600223,[s],5
/workstealing{locality#6/total}/depthpool/distributedSteals,405,515.620246,[s],1
/workstealing{locality#7/total}/depthpool/distributedSteals,405,515.606448,[s],3
/workstealing{locality#0/total}/depthpool/distributedSteals,406,516.720369,[s],0
/workstealing{locality#1/total}/depthpool/distributedSteals,406,516.718596,[s],6
/workstealing{locality#2/total}/depthpool/distributedSteals,406,516.724240,[s],2
/workstealing{locality#3/total}/depthpool/distributedSteals,406,516.732210,[s],5
/workstealing{locality#4/total}/depthpool/distributedSteals,406,516.736238,[s],0
/workstealing{locality#5/total}/depthpool/distributedSteals,406,516.740223,[s],5
/workstealing{locality#6/total}/depthpool/distributedSteals,406,516.740249,[s],1
/workstealing{locality#7/total}/depthpool/distributedSteals,406,516.722442,[s],3
/workstealing{locality#0/total}/depthpool/distributedSteals,407,517.884241,[s],0
/workstealing{locality#1/total}/depthpool/distributedSteals,407,518.006447,[s],6
/workstealing{locality#2/total}/depthpool/distributedSteals,407,518.008240,[s],2
/workstealing{locality#3/total}/depthpool/distributedSteals,407,518.008232,[s],5
/workstealing{locality#4/total}/depthpool/distributedSteals,407,517.992238,[s],0
/workstealing{locality#5/total}/depthpool/distributedSteals,407,517.992221,[s],5
/workstealing{locality#6/total}/depthpool/distributedSteals,407,517.980311,[s],1
/workstealing{locality#7/total}/depthpool/distributedSteals,407,517.986430,[s],3
/workstealing{locality#0/total}/depthpool/distributedSteals,408,519.112267,[s],0
/workstealing{locality#1/total}/depthpool/distributedSteals,408,519.114444,[s],6
/workstealing{locality#2/total}/depthpool/distributedSteals,408,519.144232,[s],2
/workstealing{locality#3/total}/depthpool/distributedSteals,408,519.112289,[s],5
/workstealing{locality#4/total}/depthpool/distributedSteals,408,519.116227,[s],0
/workstealing{locality#5/total}/depthpool/distributedSteals,408,519.124220,[s],5
/workstealing{locality#6/total}/depthpool/distributedSteals,408,519.136232,[s],1
/workstealing{locality#7/total}/depthpool/distributedSteals,408,519.126441,[s],3
/workstealing{locality#0/total}/depthpool/distributedSteals,409,520.336344,[s],0
/workstealing{locality#1/total}/depthpool/distributedSteals,409,520.342444,[s],6
/workstealing{locality#2/total}/depthpool/distributedSteals,409,520.356245,[s],2
/workstealing{locality#3/total}/depthpool/distributedSteals,409,520.352229,[s],5
/workstealing{locality#4/total}/depthpool/distributedSteals,409,520.336394,[s],0
/workstealing{locality#5/total}/depthpool/distributedSteals,409,520.364223,[s],5
/workstealing{locality#6/total}/depthpool/distributedSteals,409,520.352248,[s],1
/workstealing{locality#7/total}/depthpool/distributedSteals,409,520.358438,[s],3
/workstealing{locality#0/total}/depthpool/distributedSteals,410,521.548350,[s],0
/workstealing{locality#1/total}/depthpool/distributedSteals,410,521.606450,[s],6
/workstealing{locality#2/total}/depthpool/distributedSteals,410,521.636241,[s],2
/workstealing{locality#3/total}/depthpool/distributedSteals,410,521.632225,[s],5
/workstealing{locality#4/total}/depthpool/distributedSteals,410,521.612239,[s],0
/workstealing{locality#5/total}/depthpool/distributedSteals,410,521.620230,[s],5
/workstealing{locality#6/total}/depthpool/distributedSteals,410,521.608333,[s],1
/workstealing{locality#7/total}/depthpool/distributedSteals,410,521.606533,[s],3
/workstealing{locality#0/total}/depthpool/distributedSteals,411,522.740360,[s],0
/workstealing{locality#1/total}/depthpool/distributedSteals,411,522.798443,[s],6
/workstealing{locality#2/total}/depthpool/distributedSteals,411,522.772263,[s],2
/workstealing{locality#3/total}/depthpool/distributedSteals,411,522.772247,[s],5
/workstealing{locality#4/total}/depthpool/distributedSteals,411,522.776237,[s],0
/workstealing{locality#5/total}/depthpool/distributedSteals,411,522.788218,[s],5
/workstealing{locality#6/total}/depthpool/distributedSteals,411,522.796247,[s],1
/workstealing{locality#7/total}/depthpool/distributedSteals,411,522.770501,[s],3
/workstealing{locality#0/total}/depthpool/distributedSteals,412,523.932241,[s],0
/workstealing{locality#1/total}/depthpool/distributedSteals,412,524.002439,[s],6
/workstealing{locality#2/total}/depthpool/distributedSteals,412,523.996241,[s],2
/workstealing{locality#3/total}/depthpool/distributedSteals,412,524.008230,[s],5
/workstealing{locality#4/total}/depthpool/distributedSteals,412,523.992277,[s],0
/workstealing{locality#5/total}/depthpool/distributedSteals,412,524.012225,[s],5
/workstealing{locality#6/total}/depthpool/distributedSteals,412,524.012252,[s],1
/workstealing{locality#7/total}/depthpool/distributedSteals,412,524.010449,[s],3
/workstealing{locality#0/total}/depthpool/distributedSteals,413,525.292338,[s],0
/workstealing{locality#1/total}/depthpool/distributedSteals,413,525.298438,[s],6
/workstealing{locality#2/total}/depthpool/distributedSteals,413,525.320243,[s],2
/workstealing{locality#3/total}/depthpool/distributedSteals,413,525.296224,[s],5
/workstealing{locality#4/total}/depthpool/distributedSteals,413,525.300240,[s],0
/workstealing{locality#5/total}/depthpool/distributedSteals,413,525.300221,[s],5
/workstealing{locality#6/total}/depthpool/distributedSteals,413,525.292412,[s],1
/workstealing{locality#7/total}/depthpool/distributedSteals,413,525.310446,[s],3
/workstealing{locality#0/total}/depthpool/distributedSteals,414,526.436344,[s],0
/workstealing{locality#1/total}/depthpool/distributedSteals,414,526.562455,[s],6
/workstealing{locality#2/total}/depthpool/distributedSteals,414,526.588239,[s],2
/workstealing{locality#3/total}/depthpool/distributedSteals,414,526.592228,[s],5
/workstealing{locality#4/total}/depthpool/distributedSteals,414,526.564274,[s],0
/workstealing{locality#5/total}/depthpool/distributedSteals,414,526.592222,[s],5
/workstealing{locality#6/total}/depthpool/distributedSteals,414,526.568247,[s],1
/workstealing{locality#7/total}/depthpool/distributedSteals,414,526.586442,[s],3
/workstealing{locality#0/total}/depthpool/distributedSteals,415,527.728271,[s],0
/workstealing{locality#1/total}/depthpool/distributedSteals,415,527.806442,[s],6
/workstealing{locality#2/total}/depthpool/distributedSteals,415,527.816257,[s],2
/workstealing{locality#3/total}/depthpool/distributedSteals,415,527.796213,[s],5
/workstealing{locality#4/total}/depthpool/distributedSteals,415,527.792275,[s],0
/workstealing{locality#5/total}/depthpool/distributedSteals,415,527.800210,[s],5
/workstealing{locality#6/total}/depthpool/distributedSteals,415,527.816243,[s],1
/workstealing{locality#7/total}/depthpool/distributedSteals,415,527.814440,[s],3
/workstealing{locality#0/total}/depthpool/distributedSteals,416,529.040353,[s],0
/workstealing{locality#1/total}/depthpool/distributedSteals,416,529.070429,[s],6
/workstealing{locality#2/total}/depthpool/distributedSteals,416,529.060248,[s],2
/workstealing{locality#3/total}/depthpool/distributedSteals,416,529.044212,[s],5
/workstealing{locality#4/total}/depthpool/distributedSteals,416,529.044239,[s],0
/workstealing{locality#5/total}/depthpool/distributedSteals,416,529.068208,[s],5
/workstealing{locality#6/total}/depthpool/distributedSteals,416,529.060243,[s],1
/workstealing{locality#7/total}/depthpool/distributedSteals,416,529.038622,[s],3
/workstealing{locality#0/total}/depthpool/distributedSteals,417,530.300352,[s],0
/workstealing{locality#1/total}/depthpool/distributedSteals,417,530.302443,[s],6
/workstealing{locality#2/total}/depthpool/distributedSteals,417,530.324242,[s],2
/workstealing{locality#3/total}/depthpool/distributedSteals,417,530.300369,[s],5
/workstealing{locality#4/total}/depthpool/distributedSteals,417,530.320238,[s],0
/workstealing{locality#5/total}/depthpool/distributedSteals,417,530.308224,[s],5
/workstealing{locality#6/total}/depthpool/distributedSteals,417,530.324250,[s],1
/workstealing{locality#7/total}/depthpool/distributedSteals,417,530.302446,[s],3
/workstealing{locality#0/total}/depthpool/distributedSteals,418,531.516344,[s],0
/workstealing{locality#1/total}/depthpool/distributedSteals,418,531.566444,[s],6
/workstealing{locality#2/total}/depthpool/distributedSteals,418,531.548274,[s],2
/workstealing{locality#3/total}/depthpool/distributedSteals,418,531.552210,[s],5
/workstealing{locality#4/total}/depthpool/distributedSteals,418,531.560236,[s],0
/workstealing{locality#5/total}/depthpool/distributedSteals,418,531.556218,[s],5
/workstealing{locality#6/total}/depthpool/distributedSteals,418,531.568245,[s],1
/workstealing{locality#7/total}/depthpool/distributedSteals,418,531.562451,[s],3
/workstealing{locality#0/total}/depthpool/distributedSteals,419,532.688239,[s],0
/workstealing{locality#1/total}/depthpool/distributedSteals,419,532.738443,[s],6
/workstealing{locality#2/total}/depthpool/distributedSteals,419,532.736238,[s],2
/workstealing{locality#3/total}/depthpool/distributedSteals,419,532.720258,[s],5
/workstealing{locality#4/total}/depthpool/distributedSteals,419,532.720289,[s],0
/workstealing{locality#5/total}/depthpool/distributedSteals,419,532.744221,[s],5
/workstealing{locality#6/total}/depthpool/distributedSteals,419,532.740245,[s],1
/workstealing{locality#7/total}/depthpool/distributedSteals,419,532.718507,[s],3
/workstealing{locality#0/total}/depthpool/distributedSteals,420,533.940347,[s],0
/workstealing{locality#1/total}/depthpool/distributedSteals,420,533.946429,[s],6
/workstealing{locality#2/total}/depthpool/distributedSteals,420,533.940378,[s],2
/workstealing{locality#3/total}/depthpool/distributedSteals,420,533.952220,[s],5
/workstealing{locality#4/total}/depthpool/distributedSteals,420,533.940394,[s],0
/workstealing{locality#5/total}/depthpool/distributedSteals,420,533.952225,[s],5
/workstealing{locality#6/total}/depthpool/distributedSteals,420,533.944257,[s],1
/workstealing{locality#7/total}/depthpool/distributedSteals,420,533.938645,[s],3
/workstealing{locality#0/total}/depthpool/distributedSteals,421,535.128355,[s],0
/workstealing{locality#1/total}/depthpool/distributedSteals,421,535.142444,[s],6
/workstealing{locality#2/total}/depthpool/distributedSteals,421,535.128383,[s],2
/workstealing{locality#3/total}/depthpool/distributedSteals,421,535.132172,[s],5
/workstealing{locality#4/total}/depthpool/distributedSteals,421,535.144775,[s],0
/workstealing{locality#5/total}/depthpool/distributedSteals,421,535.128384,[s],5
/workstealing{locality#6/total}/depthpool/distributedSteals,421,535.136250,[s],1
/workstealing{locality#7/total}/depthpool/distributedSteals,421,535.142440,[s],3
/workstealing{locality#0/total}/depthpool/distributedSteals,422,536.300268,[s],0
/workstealing{locality#1/total}/depthpool/distributedSteals,422,536.358440,[s],6
/workstealing{locality#2/total}/depthpool/distributedSteals,422,536.352240,[s],2
/workstealing{locality#3/total}/depthpool/distributedSteals,422,536.348221,[s],5
/workstealing{locality#4/total}/depthpool/distributedSteals,422,536.340242,[s],0
/workstealing{locality#5/total}/depthpool/distributedSteals,422,536.336222,[s],5
/workstealing{locality#6/total}/depthpool/distributedSteals,422,536.348246,[s],1
/workstealing{locality#7/total}/depthpool/distributedSteals,422,536.330496,[s],3
/workstealing{locality#0/total}/depthpool/distributedSteals,423,537.544354,[s],0
/workstealing{locality#1/total}/depthpool/distributedSteals,423,537.558428,[s],6
/workstealing{locality#2/total}/depthpool/distributedSteals,423,537.552242,[s],2
/workstealing{locality#3/total}/depthpool/distributedSteals,423,537.544370,[s],5
/workstealing{locality#4/total}/depthpool/distributedSteals,423,537.544393,[s],0
/workstealing{locality#5/total}/depthpool/distributedSteals,423,537.544383,[s],5
/workstealing{locality#6/total}/depthpool/distributedSteals,423,537.544407,[s],1
/workstealing{locality#7/total}/depthpool/distributedSteals,423,537.570440,[s],3
/workstealing{locality#0/total}/depthpool/distributedSteals,424,538.676345,[s],0
/workstealing{locality#1/total}/depthpool/distributedSteals,424,538.706457,[s],6
/workstealing{locality#2/total}/depthpool/distributedSteals,424,538.720243,[s],2
/workstealing{locality#3/total}/depthpool/distributedSteals,424,538.712222,[s],5
/workstealing{locality#4/total}/depthpool/distributedSteals,424,538.712242,[s],0
/workstealing{locality#5/total}/depthpool/distributedSteals,424,538.736221,[s],5
/workstealing{locality#6/total}/depthpool/distributedSteals,424,538.712242,[s],1
/workstealing{locality#7/total}/depthpool/distributedSteals,424,538.718445,[s],3
/workstealing{locality#0/total}/depthpool/distributedSteals,425,539.852343,[s],0
/workstealing{locality#1/total}/depthpool/distributedSteals,425,539.962443,[s],6
/workstealing{locality#2/total}/depthpool/distributedSteals,425,539.964227,[s],2
/workstealing{locality#3/total}/depthpool/distributedSteals,425,539.972225,[s],5
/workstealing{locality#4/total}/depthpool/distributedSteals,425,539.960235,[s],0
/workstealing{locality#5/total}/depthpool/distributedSteals,425,539.980221,[s],5
/workstealing{locality#6/total}/depthpool/distributedSteals,425,539.952332,[s],1
/workstealing{locality#7/total}/depthpool/distributedSteals,425,539.958440,[s],3
/workstealing{locality#0/total}/depthpool/distributedSteals,426,541.056429,[s],0
/workstealing{locality#1/total}/depthpool/distributedSteals,426,541.058441,[s],6
/workstealing{locality#2/total}/depthpool/distributedSteals,426,541.064240,[s],2
/workstealing{locality#3/total}/depthpool/distributedSteals,426,541.064223,[s],5
/workstealing{locality#4/total}/depthpool/distributedSteals,426,541.068236,[s],0
/workstealing{locality#5/total}/depthpool/distributedSteals,426,541.084221,[s],5
/workstealing{locality#6/total}/depthpool/distributedSteals,426,541.068242,[s],1
/workstealing{locality#7/total}/depthpool/distributedSteals,426,541.054635,[s],3
/workstealing{locality#0/total}/depthpool/distributedSteals,427,542.264364,[s],0
/workstealing{locality#1/total}/depthpool/distributedSteals,427,542.390439,[s],6
/workstealing{locality#2/total}/depthpool/distributedSteals,427,542.392240,[s],2
/workstealing{locality#3/total}/depthpool/distributedSteals,427,542.384223,[s],5
/workstealing{locality#4/total}/depthpool/distributedSteals,427,542.368235,[s],0
/workstealing{locality#5/total}/depthpool/distributedSteals,427,542.380221,[s],5
/workstealing{locality#6/total}/depthpool/distributedSteals,427,542.364299,[s],1
/workstealing{locality#7/total}/depthpool/distributedSteals,427,542.382439,[s],3
Minimum Vertex Cover Size = 156
cpu = 535343 ms

=== Task Distribution Statistics (Locality 0 of 8) ===
Local Steals: 0
Distributed Steals: 0
Failed Local Steals: 0
Failed Distributed Steals: 0
*** WARNING: This locality did NO stealing attempts - likely idle! ***
=============================================================

*** If only locality 0 has stats above, work distribution FAILED ***
/workstealing{locality#0/total}/depthpool/distributedSteals,428,543.768268,[s],0
/workstealing{locality#1/total}/depthpool/distributedSteals,428,543.766491,[s],6
/workstealing{locality#2/total}/depthpool/distributedSteals,428,543.788243,[s],2
/workstealing{locality#3/total}/depthpool/distributedSteals,428,543.772208,[s],5
/workstealing{locality#4/total}/depthpool/distributedSteals,428,543.784241,[s],0
/workstealing{locality#5/total}/depthpool/distributedSteals,428,543.780225,[s],5
/workstealing{locality#6/total}/depthpool/distributedSteals,428,543.768335,[s],1
/workstealing{locality#7/total}/depthpool/distributedSteals,428,543.794446,[s],3